{
  "experiment_name": "504_samples_1.16_factor_seed_44",
  "description": "Adaptive learning iteration 4 with 504 samples per iteration, K mult factor 1.16, using predicted K values from seed 44",
  "parameters": {
    "n_samples_per_iteration": 504,
    "k_mult_factor": 1.16,
    "k_center": [6.05436894e-16, 1.23639601e-15, 9.62420177e-16],
    "loki_version": "v4"
  },
  "predicted_k_info": {
    "seed": 44,
    "seed_index": 2,
    "iteration": 4,
    "true_k_values": [6.0e+14, 1.3e+15, 9.6e+14],
    "predicted_k_values": [6.05436894e+14, 1.23639601e+15, 9.62420177e+14],
    "absolute_error": [5.43689370e+12, 6.36039919e+13, 2.42017655e+12],
    "relative_error_percent": [0.90614895, 4.89261476, 0.25210172],
    "mse_original": 4.080885e+27
  },
  "notes": "K center values are the predicted values from iteration 3. Shrink rate: 0.4^4 = 0.0256, so k_mult_factor = 1.16"
}
