{
  "experiment_name": "800_samples_1.0016_factor_seed_43",
  "description": "Adaptive learning iteration 6 with 800 samples per iteration, K mult factor 1.0016, using predicted K values from seed 43",
  "parameters": {
    "n_samples_per_iteration": 805,
    "k_mult_factor": 1.00016,
    "k_center": [6.00401675e-16, 1.30546615e-15, 9.60087268e-16],
    "loki_version": "v3"
  },
  "predicted_k_info": {
    "seed": 43,
    "seed_index": 1,
    "iteration": 6,
    "true_k_values": [6.0e+14, 1.3e+15, 9.6e+14],
    "predicted_k_values": [6.00401675e+14, 1.30546615e+15, 9.60087268e+14],
    "absolute_error": [4.01674855e+11, 5.46615131e+12, 8.72682255e+10],
    "relative_error_percent": [0.06694581, 0.42047318, 0.00909044],
    "mse_original": 3.004777e+25
  },
  "notes": "K center values are the predicted values from iteration 5. Shrink rate: 0.2^6 = 0.000064, so k_mult_factor = 1.0016"
}
