{
  "experiment_name": "502_samples_1.064_factor_seed_43",
  "description": "Adaptive learning iteration 5 with 502 samples per iteration, K mult factor 1.064, using predicted K values from seed 43",
  "parameters": {
    "n_samples_per_iteration": 502,
    "k_mult_factor": 1.064,
    "k_center": [6.00935681e-16, 1.28549297e-15, 9.62016006e-16],
    "loki_version": "v3"
  },
  "predicted_k_info": {
    "seed": 43,
    "seed_index": 1,
    "iteration": 5,
    "true_k_values": [6.0e+14, 1.3e+15, 9.6e+14],
    "predicted_k_values": [6.00935681e+14, 1.28549297e+15, 9.62016006e+14],
    "absolute_error": [9.35680705e+11, 1.45070298e+13, 2.01600565e+12],
    "relative_error_percent": [0.15594678, 1.11592537, 0.21000059],
    "mse_original": 2.153937e+26
  },
  "notes": "K center values are the predicted values from iteration 4. Shrink rate: 0.4^5 = 0.01024, so k_mult_factor = 1.064"
}
