{
  "experiment_name": "506_samples_1.02560_factor_seed_45",
  "description": "Adaptive learning iteration 6 with 506 samples per iteration, K mult factor 1.02560, using predicted K values from seed 45",
  "parameters": {
    "n_samples_per_iteration": 506,
    "k_mult_factor": 1.02560,
    "k_center": [6.00414835e-16, 1.30232507e-15, 9.59952239e-16],
    "loki_version": "v5"
  },
  "predicted_k_info": {
    "seed": 45,
    "seed_index": 3,
    "iteration": 6,
    "true_k_values": [6.0e+14, 1.3e+15, 9.6e+14],
    "predicted_k_values": [6.00414835e+14, 1.30232507e+15, 9.59952239e+14],
    "absolute_error": [4.14835460e+11, 2.32506824e+12, 4.77605586e+10],
    "relative_error_percent": [0.06913924, 0.1788514, 0.00497506],
    "mse_original": 5.580312e+24
  },
  "notes": "K center values are the predicted values from iteration 5. Shrink rate: 0.4^6 = 0.004096, so k_mult_factor = 1.02560"
}
