{
  "metadata": {
    "batch_timestamp": "2025-08-18T14:07:21.011243",
    "sampler_type": "BoundsBasedSampler",
    "simulator_type": "LoKISimulator",
    "simulation_type": "simple",
    "chemistry_name": "O2_simple",
    "pressure_conditions_pa": [
      133.322,
      1333.22
    ],
    "pressure_conditions_torr": [
      1.0,
      10.0
    ],
    "n_pressure_conditions": 2,
    "unique_file_combinations": 1,
    "parallel_workers": 1
  },
  "n_simulations": 1,
  "n_successful": 1,
  "success_rate": 1.0,
  "total_time": 23.74192476272583,
  "parameter_sets": [
    {
      "k_values": [
        5.929604740490239e-16,
        9.717810005523395e-16,
        1.0452421112830858e-15
      ],
      "setup_file": "setup_O2_simple.in",
      "chem_file": "O2_simple_1.chem",
      "metadata": {
        "sample_index": 0,
        "sampling_method": "BoundsBasedSampler",
        "pressure_conditions_pa": [
          133.322,
          1333.22
        ],
        "pressure_conditions_torr": [
          1.0,
          10.0
        ],
        "n_pressure_conditions": 2
      }
    }
  ],
  "compositions": [
    [
      1.92779409335437e+22,
      2.08453841764983e+21,
      4.25159342967756e+21
    ],
    [
      2.28042499017108e+23,
      2.97233633327181e+21,
      2.5125322710128e+22
    ]
  ],
  "execution_times": [
    23.74192476272583
  ],
  "success_mask": [
    true
  ]
}