{
  "metadata": {
    "batch_timestamp": "2025-08-18T14:07:46.943630",
    "sampler_type": "BoundsBasedSampler",
    "simulator_type": "LoKISimulator",
    "simulation_type": "simple",
    "chemistry_name": "O2_simple",
    "pressure_conditions_pa": [
      133.322,
      1333.22
    ],
    "pressure_conditions_torr": [
      1.0,
      10.0
    ],
    "n_pressure_conditions": 2,
    "unique_file_combinations": 1,
    "parallel_workers": 1
  },
  "n_simulations": 1,
  "n_successful": 1,
  "success_rate": 1.0,
  "total_time": 25.890464544296265,
  "parameter_sets": [
    {
      "k_values": [
        6.927183284525791e-16,
        1.3446881371721168e-15,
        1.3254685323656863e-15
      ],
      "setup_file": "setup_O2_simple.in",
      "chem_file": "O2_simple_1.chem",
      "metadata": {
        "sample_index": 0,
        "sampling_method": "BoundsBasedSampler",
        "pressure_conditions_pa": [
          133.322,
          1333.22
        ],
        "pressure_conditions_torr": [
          1.0,
          10.0
        ],
        "n_pressure_conditions": 2
      }
    }
  ],
  "compositions": [
    [
      1.84869556553365e+22,
      2.11996183102384e+21,
      5.00721880722275e+21
    ],
    [
      2.23806590131825e+23,
      2.98242188833272e+21,
      2.93512916093461e+22
    ]
  ],
  "execution_times": [
    25.890464544296265
  ],
  "success_mask": [
    true
  ]
}