{
  "metadata": {
    "batch_timestamp": "2025-08-18T14:08:36.540827",
    "sampler_type": "BoundsBasedSampler",
    "simulator_type": "LoKISimulator",
    "simulation_type": "simple",
    "chemistry_name": "O2_simple",
    "pressure_conditions_pa": [
      133.322,
      1333.22
    ],
    "pressure_conditions_torr": [
      1.0,
      10.0
    ],
    "n_pressure_conditions": 2,
    "unique_file_combinations": 1,
    "parallel_workers": 1
  },
  "n_simulations": 1,
  "n_successful": 1,
  "success_rate": 1.0,
  "total_time": 24.608561277389526,
  "parameter_sets": [
    {
      "k_values": [
        4.827419540773553e-16,
        1.3965869662471666e-15,
        8.038168355565312e-16
      ],
      "setup_file": "setup_O2_simple.in",
      "chem_file": "O2_simple_1.chem",
      "metadata": {
        "sample_index": 0,
        "sampling_method": "BoundsBasedSampler",
        "pressure_conditions_pa": [
          133.322,
          1333.22
        ],
        "pressure_conditions_torr": [
          1.0,
          10.0
        ],
        "n_pressure_conditions": 2
      }
    }
  ],
  "compositions": [
    [
      2.04141867755573e+22,
      1.72316963422954e+21,
      3.47667162259055e+21
    ],
    [
      2.32271485853516e+23,
      2.81570354967984e+21,
      2.10528760724696e+22
    ]
  ],
  "execution_times": [
    24.608137130737305
  ],
  "success_mask": [
    true
  ]
}