{
  "metadata": {
    "batch_timestamp": "2025-08-18T14:05:16.122727",
    "sampler_type": "BoundsBasedSampler",
    "simulator_type": "LoKISimulator",
    "simulation_type": "simple",
    "chemistry_name": "O2_simple",
    "pressure_conditions_pa": [
      133.322,
      1333.22
    ],
    "pressure_conditions_torr": [
      1.0,
      10.0
    ],
    "n_pressure_conditions": 2,
    "unique_file_combinations": 1,
    "parallel_workers": 1
  },
  "n_simulations": 1,
  "n_successful": 1,
  "success_rate": 1.0,
  "total_time": 24.199448108673096,
  "parameter_sets": [
    {
      "k_values": [
        9.154365864251107e-16,
        2.2423735786803e-15,
        9.639430816289547e-16
      ],
      "setup_file": "setup_O2_simple.in",
      "chem_file": "O2_simple_1.chem",
      "metadata": {
        "sample_index": 0,
        "sampling_method": "BoundsBasedSampler",
        "pressure_conditions_pa": [
          133.322,
          1333.22
        ],
        "pressure_conditions_torr": [
          1.0,
          10.0
        ],
        "n_pressure_conditions": 2
      }
    }
  ],
  "compositions": [
    [
      1.89184697158607e+22,
      2.58248525392343e+21,
      4.11310983619078e+21
    ],
    [
      2.27489457943034e+23,
      4.64406069549376e+21,
      2.40066038916053e+22
    ]
  ],
  "execution_times": [
    24.199448108673096
  ],
  "success_mask": [
    true
  ]
}