{
  "metadata": {
    "batch_timestamp": "2025-08-18T12:57:45.993909",
    "sampler_type": "BoundsBasedSampler",
    "simulator_type": "LoKISimulator",
    "simulation_type": "simple",
    "chemistry_name": "O2_simple",
    "pressure_conditions_pa": [
      133.322,
      1333.22
    ],
    "pressure_conditions_torr": [
      1.0,
      10.0
    ],
    "n_pressure_conditions": 2,
    "unique_file_combinations": 1,
    "parallel_workers": 1
  },
  "n_simulations": 1,
  "n_successful": 1,
  "success_rate": 1.0,
  "total_time": 22.89294981956482,
  "parameter_sets": [
    {
      "k_values": [
        5.873124800896907e-16,
        8.263957310782694e-16,
        9.130080815561328e-16
      ],
      "setup_file": "setup_O2_simple.in",
      "chem_file": "O2_simple_1.chem",
      "metadata": {
        "sample_index": 0,
        "sampling_method": "BoundsBasedSampler",
        "pressure_conditions_pa": [
          133.322,
          1333.22
        ],
        "pressure_conditions_torr": [
          1.0,
          10.0
        ],
        "n_pressure_conditions": 2
      }
    }
  ],
  "compositions": [
    [
      1.95322922920223e+22,
      2.18684430829608e+21,
      3.89491641834148e+21
    ],
    [
      2.29944405395915e+23,
      3.20532485885942e+21,
      2.29903728272226e+22
    ]
  ],
  "execution_times": [
    22.89093542098999
  ],
  "success_mask": [
    true
  ]
}