{
  "metadata": {
    "batch_timestamp": "2025-08-18T14:08:11.896900",
    "sampler_type": "BoundsBasedSampler",
    "simulator_type": "LoKISimulator",
    "simulation_type": "simple",
    "chemistry_name": "O2_simple",
    "pressure_conditions_pa": [
      133.322,
      1333.22
    ],
    "pressure_conditions_torr": [
      1.0,
      10.0
    ],
    "n_pressure_conditions": 2,
    "unique_file_combinations": 1,
    "parallel_workers": 1
  },
  "n_simulations": 1,
  "n_successful": 1,
  "success_rate": 1.0,
  "total_time": 24.905942916870117,
  "parameter_sets": [
    {
      "k_values": [
        8.311812266868806e-16,
        7.265994460895054e-16,
        9.943417324337323e-16
      ],
      "setup_file": "setup_O2_simple.in",
      "chem_file": "O2_simple_1.chem",
      "metadata": {
        "sample_index": 0,
        "sampling_method": "BoundsBasedSampler",
        "pressure_conditions_pa": [
          133.322,
          1333.22
        ],
        "pressure_conditions_torr": [
          1.0,
          10.0
        ],
        "n_pressure_conditions": 2
      }
    }
  ],
  "compositions": [
    [
      1.84197452539641e+22,
      2.9346888090331e+21,
      4.25965280899313e+21
    ],
    [
      2.27390350809667e+23,
      4.29045454975275e+21,
      2.44593287952905e+22
    ]
  ],
  "execution_times": [
    24.905942916870117
  ],
  "success_mask": [
    true
  ]
}