{
  "metadata": {
    "batch_timestamp": "2025-08-18T14:06:57.222725",
    "sampler_type": "BoundsBasedSampler",
    "simulator_type": "LoKISimulator",
    "simulation_type": "simple",
    "chemistry_name": "O2_simple",
    "pressure_conditions_pa": [
      133.322,
      1333.22
    ],
    "pressure_conditions_torr": [
      1.0,
      10.0
    ],
    "n_pressure_conditions": 2,
    "unique_file_combinations": 1,
    "parallel_workers": 1
  },
  "n_simulations": 1,
  "n_successful": 1,
  "success_rate": 1.0,
  "total_time": 25.440712690353394,
  "parameter_sets": [
    {
      "k_values": [
        9.58561162183868e-16,
        9.206258076276459e-16,
        1.5843072708984049e-15
      ],
      "setup_file": "setup_O2_simple.in",
      "chem_file": "O2_simple_1.chem",
      "metadata": {
        "sample_index": 0,
        "sampling_method": "BoundsBasedSampler",
        "pressure_conditions_pa": [
          133.322,
          1333.22
        ],
        "pressure_conditions_torr": [
          1.0,
          10.0
        ],
        "n_pressure_conditions": 2
      }
    }
  ],
  "compositions": [
    [
      1.70622376003594e+22,
      2.84168845089294e+21,
      5.71031576185361e+21
    ],
    [
      2.19445136356455e+23,
      3.72617232228731e+21,
      3.29691635215274e+22
    ]
  ],
  "execution_times": [
    25.440712690353394
  ],
  "success_mask": [
    true
  ]
}