{
  "metadata": {
    "batch_timestamp": "2025-08-18T14:05:41.773701",
    "sampler_type": "BoundsBasedSampler",
    "simulator_type": "LoKISimulator",
    "simulation_type": "simple",
    "chemistry_name": "O2_simple",
    "pressure_conditions_pa": [
      133.322,
      1333.22
    ],
    "pressure_conditions_torr": [
      1.0,
      10.0
    ],
    "n_pressure_conditions": 2,
    "unique_file_combinations": 1,
    "parallel_workers": 1
  },
  "n_simulations": 1,
  "n_successful": 1,
  "success_rate": 1.0,
  "total_time": 25.614598751068115,
  "parameter_sets": [
    {
      "k_values": [
        1.1259967102616491e-15,
        2.0434227776254966e-15,
        1.2612638899362163e-15
      ],
      "setup_file": "setup_O2_simple.in",
      "chem_file": "O2_simple_1.chem",
      "metadata": {
        "sample_index": 0,
        "sampling_method": "BoundsBasedSampler",
        "pressure_conditions_pa": [
          133.322,
          1333.22
        ],
        "pressure_conditions_torr": [
          1.0,
          10.0
        ],
        "n_pressure_conditions": 2
      }
    }
  ],
  "compositions": [
    [
      1.76864244127471e+22,
      2.97263273830618e+21,
      4.95508366011437e+21
    ],
    [
      2.22641573203515e+23,
      4.88992173585553e+21,
      2.86087703178377e+22
    ]
  ],
  "execution_times": [
    25.614598751068115
  ],
  "success_mask": [
    true
  ]
}