{
  "metadata": {
    "batch_timestamp": "2025-08-18T12:43:06.882354",
    "sampler_type": "BoundsBasedSampler",
    "simulator_type": "LoKISimulator",
    "simulation_type": "simple",
    "chemistry_name": "O2_simple",
    "pressure_conditions_pa": [
      133.322,
      1333.22
    ],
    "pressure_conditions_torr": [
      1.0,
      10.0
    ],
    "n_pressure_conditions": 2,
    "unique_file_combinations": 1,
    "parallel_workers": 1
  },
  "n_simulations": 1,
  "n_successful": 1,
  "success_rate": 1.0,
  "total_time": 19.854876279830933,
  "parameter_sets": [
    {
      "k_values": [
        9.739234942847507e-16,
        1.6220886739900515e-15,
        8.037071695644207e-16
      ],
      "setup_file": "setup_O2_simple.in",
      "chem_file": "O2_simple_1.chem",
      "metadata": {
        "sample_index": 0,
        "sampling_method": "BoundsBasedSampler",
        "pressure_conditions_pa": [
          133.322,
          1333.22
        ],
        "pressure_conditions_torr": [
          1.0,
          10.0
        ],
        "n_pressure_conditions": 2
      }
    }
  ],
  "compositions": [
    [
      1.8796978827329e+22,
      3.05866775577922e+21,
      3.75840486979375e+21
    ],
    [
      2.29180151962118e+23,
      5.55104041810802e+21,
      2.14088709024541e+22
    ]
  ],
  "execution_times": [
    19.854876279830933
  ],
  "success_mask": [
    true
  ]
}