{
  "experiment_name": "504_samples_1.02560_factor_seed_44",
  "description": "Adaptive learning iteration 6 with 504 samples per iteration, K mult factor 1.02560, using predicted K values from seed 44",
  "parameters": {
    "n_samples_per_iteration": 504,
    "k_mult_factor": 1.02560,
    "k_center": [5.98141877e-16, 1.27897308e-15, 9.58814794e-16],
    "loki_version": "v4"
  },
  "predicted_k_info": {
    "seed": 44,
    "seed_index": 2,
    "iteration": 6,
    "true_k_values": [6.0e+14, 1.3e+15, 9.6e+14],
    "predicted_k_values": [5.98141877e+14, 1.27897308e+15, 9.58814794e+14],
    "absolute_error": [1.85812261e+12, 2.10269222e+13, 1.18520642e+12],
    "relative_error_percent": [0.3096871, 1.61745555, 0.123459],
    "mse_original": 4.469888e+26
  },
  "notes": "K center values are the predicted values from iteration 5. Shrink rate: 0.4^6 = 0.004096, so k_mult_factor = 1.02560"
}
