{
  "pipeline_name": "adaptive_batch_sampling_w1.0_s0.1_e25",
  "timestamp": "2025-10-29 18:27:09",
  "config": {
    "model_type": "NeuralNetModel",
    "model_params": "{'input_size': 6, 'output_size': 3, 'hidden_sizes': (64, 32), 'activation': 'tanh', 'learning_rate': 0.001, 'model_name': 'adaptive_batch_sampling_nn'}",
    "n_iterations": 6,
    "samples_per_iteration": 192,
    "n_epochs": 25,
    "batch_size": 64,
    "initial_window_size": 1.0,
    "shrink_rate": 0.1,
    "num_seeds": 5,
    "window_type": "input",
    "use_model_prediction": true,
    "num_pool_datasets": 6,
    "pool_samples_per_dataset": [
      4000,
      1000,
      2500,
      2000,
      1500,
      2000
    ],
    "total_pool_samples": 13000,
    "test_samples": 1
  },
  "data_info": {},
  "training_info": {},
  "evaluation": {},
  "raw_results": {
    "all_seed_results": [
      [
        {
          "iteration": 0,
          "seed": 42,
          "total_samples_seen": 0,
          "samples_added": 0,
          "mse_per_output": [
            0.2413946392948196,
            0.20356300984326603,
            0.1906699377405187
          ],
          "total_mse": 0.6356275868786043,
          "window_size": 1.0,
          "center_point": [
            0.5000038227775604,
            0.5003280052336098,
            0.500042579988823
          ],
          "pool_idx": null,
          "avg_train_loss": null
        },
        {
          "iteration": 1,
          "seed": 42,
          "total_samples_seen": 192,
          "samples_added": 192,
          "mse_per_output": [
            0.013844964470848502,
            0.015607376680061867,
            0.008563100663895793
          ],
          "total_mse": 0.038015441814806164,
          "window_size": 1.0,
          "center_point": [
            0.5000038227775604,
            0.5003280052336098,
            0.500042579988823
          ],
          "pool_idx": 0,
          "avg_train_loss": 0.06335541988412538,
          "epoch_losses": [
            0.3545943895975749,
            0.24972355862458548,
            0.1687310735384623,
            0.10988043993711472,
            0.07094678282737732,
            0.05018230527639389,
            0.04102416833241781,
            0.038710913310448326,
            0.03963042919834455,
            0.04001356909672419,
            0.039072965582211815,
            0.03627900779247284,
            0.032965091367562614,
            0.030118757858872414,
            0.028485106925169628,
            0.02773026128609975,
            0.027436198045810063,
            0.027071043848991394,
            0.026402279113729794,
            0.025563859070340793,
            0.02483672834932804,
            0.02424770841995875,
            0.023780036096771557,
            0.023416483774781227,
            0.023042339831590652
          ]
        }
      ],
      [
        {
          "iteration": 0,
          "seed": 43,
          "total_samples_seen": 0,
          "samples_added": 0,
          "mse_per_output": [
            0.1924106111653259,
            0.23974017958666552,
            0.17799617457061337
          ],
          "total_mse": 0.6101469653226048,
          "window_size": 1.0,
          "center_point": [
            0.5000038227775604,
            0.5003280052336098,
            0.500042579988823
          ],
          "pool_idx": null,
          "avg_train_loss": null
        },
        {
          "iteration": 1,
          "seed": 43,
          "total_samples_seen": 192,
          "samples_added": 192,
          "mse_per_output": [
            0.008160466683575939,
            0.02368685097641722,
            0.007620162649638033
          ],
          "total_mse": 0.03946748030963119,
          "window_size": 1.0,
          "center_point": [
            0.5000038227775604,
            0.5003280052336098,
            0.500042579988823
          ],
          "pool_idx": 0,
          "avg_train_loss": 0.062006397023797045,
          "epoch_losses": [
            0.353013535340627,
            0.22278559704621634,
            0.13158228496710458,
            0.07470843940973282,
            0.04830907161037127,
            0.044326797127723694,
            0.0498708871503671,
            0.05404097338517507,
            0.053085477401812874,
            0.04778963327407837,
            0.04185635099808375,
            0.03760712593793869,
            0.03534108151992162,
            0.034665284057458244,
            0.03444802761077881,
            0.03369640310605367,
            0.03242478395501772,
            0.030919145792722702,
            0.029631538316607475,
            0.02856418987115224,
            0.027798136075337727,
            0.027063207079966862,
            0.026316162198781967,
            0.02556916947166125,
            0.024746622890233994
          ]
        }
      ],
      [
        {
          "iteration": 0,
          "seed": 44,
          "total_samples_seen": 0,
          "samples_added": 0,
          "mse_per_output": [
            0.28378510542250307,
            0.23173686317555148,
            0.17387671192043078
          ],
          "total_mse": 0.6893986805184853,
          "window_size": 1.0,
          "center_point": [
            0.5000038227775604,
            0.5003280052336098,
            0.500042579988823
          ],
          "pool_idx": null,
          "avg_train_loss": null
        },
        {
          "iteration": 1,
          "seed": 44,
          "total_samples_seen": 192,
          "samples_added": 192,
          "mse_per_output": [
            0.015707988139325123,
            0.014292043062781798,
            0.008307435732891633
          ],
          "total_mse": 0.038307466934998556,
          "window_size": 1.0,
          "center_point": [
            0.5000038227775604,
            0.5003280052336098,
            0.500042579988823
          ],
          "pool_idx": 0,
          "avg_train_loss": 0.06510642749567826,
          "epoch_losses": [
            0.36350993315378827,
            0.22586732109387717,
            0.13062712301810583,
            0.0781506635248661,
            0.05312664061784744,
            0.048032812774181366,
            0.05148676658670107,
            0.05401542906959852,
            0.053853185226519905,
            0.05023381610711416,
            0.045100112756093345,
            0.04040707275271416,
            0.037751575311024986,
            0.03669121116399765,
            0.03626482685407003,
            0.03593600417176882,
            0.035243287682533264,
            0.034114220490058265,
            0.03309481963515282,
            0.03207982269426187,
            0.03136814137299856,
            0.030855172624190647,
            0.0304056778550148,
            0.02993736354013284,
            0.02950768731534481
          ]
        }
      ],
      [
        {
          "iteration": 0,
          "seed": 45,
          "total_samples_seen": 0,
          "samples_added": 0,
          "mse_per_output": [
            0.1297876991855028,
            0.4980180787960905,
            0.4145314709825021
          ],
          "total_mse": 1.0423372489640954,
          "window_size": 1.0,
          "center_point": [
            0.5000038227775604,
            0.5003280052336098,
            0.500042579988823
          ],
          "pool_idx": null,
          "avg_train_loss": null
        },
        {
          "iteration": 1,
          "seed": 45,
          "total_samples_seen": 192,
          "samples_added": 192,
          "mse_per_output": [
            0.010666746038268216,
            0.02489303960588534,
            0.005433972833713034
          ],
          "total_mse": 0.04099375847786659,
          "window_size": 1.0,
          "center_point": [
            0.5000038227775604,
            0.5003280052336098,
            0.500042579988823
          ],
          "pool_idx": 0,
          "avg_train_loss": 0.0754123532275359,