{
  "pipeline_name": "adaptive_batch_sampling_w1.0_s0.1_e25",
  "timestamp": "2025-10-29 18:19:45",
  "config": {
    "model_type": "NeuralNetModel",
    "model_params": "{'input_size': 6, 'output_size': 3, 'hidden_sizes': (64, 32), 'activation': 'tanh', 'learning_rate': 0.001, 'model_name': 'adaptive_batch_sampling_nn'}",
    "n_iterations": 6,
    "samples_per_iteration": 192,
    "n_epochs": 25,
    "batch_size": 64,
    "initial_window_size": 1.0,
    "shrink_rate": 0.1,
    "num_seeds": 5,
    "window_type": "input",
    "use_model_prediction": true,
    "num_pool_datasets": 6,
    "pool_samples_per_dataset": [
      4000,
      1000,
      2500,
      2000,
      1500,
      2000
    ],
    "total_pool_samples": 13000,
    "test_samples": 1
  },
  "data_info": {},
  "training_info": {},
  "evaluation": {},
  "raw_results": {
    "all_seed_results": [
      [
        {
          "iteration": 0,
          "seed": 42,
          "total_samples_seen": 0,
          "samples_added": 0,
          "mse_per_output": [
            0.12217525544904306,
            0.1539151757179299,
            0.01738544328930093
          ],
          "total_mse": 0.2934758744562739,
          "window_size": 1.0,
          "center_point": [
            0.15046805143356323,
            0.1080077588558197,
            0.3681887090206146
          ],
          "pool_idx": null,
          "avg_train_loss": null
        }
      ],
      [
        {
          "iteration": 0,
          "seed": 43,
          "total_samples_seen": 0,
          "samples_added": 0,
          "mse_per_output": [
            0.44336252191844944,
            0.2542531909845627,
            0.16562985827095947
          ],
          "total_mse": 0.8632455711739716,
          "window_size": 1.0,
          "center_point": [
            -0.1658509075641632,
            -0.003907248377799988,
            0.09306609630584717
          ],
          "pool_idx": null,
          "avg_train_loss": null
        }
      ],
      [
        {
          "iteration": 0,
          "seed": 44,
          "total_samples_seen": 0,
          "samples_added": 0,
          "mse_per_output": [
            0.1140880247786926,
            0.32512871643185626,
            0.558694179651642
          ],
          "total_mse": 0.9979109208621909,
          "window_size": 1.0,
          "center_point": [
            0.16223463416099548,
            -0.06987258791923523,
            -0.24741590023040771
          ],
          "pool_idx": null,
          "avg_train_loss": null
        }
      ],
      [
        {
          "iteration": 0,
          "seed": 45,
          "total_samples_seen": 0,
          "samples_added": 0,
          "mse_per_output": [
            0.1660590792097169,
            0.24657484218438264,
            0.35304433307865224
          ],
          "total_mse": 0.7656782544727518,
          "window_size": 1.0,
          "center_point": [
            0.09250035136938095,
            0.003764975816011429,
            -0.09413275867700577
          ],
          "pool_idx": null,
          "avg_train_loss": null
        }
      ],
      [
        {
          "iteration": 0,
          "seed": 46,
          "total_samples_seen": 0,
          "samples_added": 0,
          "mse_per_output": [
            0.5118922805787749,
            0.3080591407409885,
            0.6881480939346745
          ],
          "total_mse": 1.5080995152544379,
          "window_size": 1.0,
          "center_point": [
            -0.21546265482902527,
            -0.0547027513384819,
            -0.3295043408870697
          ],
          "pool_idx": null,
          "avg_train_loss": null
        }
      ]
    ]
  },
  "aggregated_results": [
    {
      "iteration": 0,
      "total_samples_seen": 0.0,
      "samples_added": 0.0,
      "training_samples": 0,
      "mean_total_mse": 0.8856820272439252,
      "std_total_mse": 0.1749984321511415,
      "mean_mse_per_output": [
        0.27151543238693543,
        0.25758621321194397,
        0.35658038164504585
      ],
      "std_mse_per_output": [
        0.07629400261268926,
        0.026825025255327643,
        0.10996634892549412
      ],
      "mean_train_loss": null,
      "window_size": 1.0,
      "num_seeds": 5
    }
  ],
  "execution_time_seconds": 0.782515
}