{
  "pipeline_name": "adaptive_batch_sampling_w1.0_s0.1_e25",
  "timestamp": "2025-10-29 18:34:21",
  "config": {
    "model_type": "NeuralNetModel",
    "model_params": "{'input_size': 6, 'output_size': 3, 'hidden_sizes': (64, 32), 'activation': 'tanh', 'learning_rate': 0.001, 'model_name': 'adaptive_batch_sampling_nn'}",
    "n_iterations": 6,
    "samples_per_iteration": 192,
    "n_epochs": 25,
    "batch_size": 64,
    "initial_window_size": 1.0,
    "shrink_rate": 0.1,
    "num_seeds": 5,
    "window_type": "output",
    "use_model_prediction": true,
    "num_pool_datasets": 6,
    "pool_samples_per_dataset": [
      4000,
      1000,
      2500,
      2000,
      1500,
      2000
    ],
    "total_pool_samples": 13000,
    "test_samples": 1
  },
  "data_info": {},
  "training_info": {},
  "evaluation": {},
  "raw_results": {
    "all_seed_results": [
      [
        {
          "iteration": 0,
          "seed": 42,
          "total_samples_seen": 0,
          "samples_added": 0,
          "mse_per_output": [
            0.06939531385974504,
            0.19247318230994404,
            0.04004822690501237
          ],
          "total_mse": 0.30191672307470147,
          "window_size": 1.0,
          "center_point": [
            0.5000038227775604,
            0.5003280052336098,
            0.500042579988823
          ],
          "pool_idx": null,
          "avg_train_loss": null
        },
        {
          "iteration": 1,
          "seed": 42,
          "total_samples_seen": 192,
          "samples_added": 192,
          "mse_per_output": [
            0.008172596864775731,
            0.020452837398363587,
            0.008157761373136296
          ],
          "total_mse": 0.03678319563627561,
          "window_size": 1.0,
          "center_point": [
            0.5000038227775604,
            0.5003280052336098,
            0.500042579988823
          ],
          "pool_idx": 0,
          "avg_train_loss": 0.048660346021254866,
          "epoch_losses": [
            0.21685789028803507,
            0.1241473654905955,
            0.0704440139234066,
            0.04998714352647463,
            0.05003796021143595,
            0.05618510519464811,
            0.055974250038464866,
            0.050158015141884484,
            0.04385225102305412,
            0.03980445737640063,
            0.03825366993745168,
            0.037321630865335464,
            0.036809405932823815,
            0.03540123005708059,
            0.0335040291150411,
            0.031809259206056595,
            0.030590678254763286,
            0.0297469620903333,
            0.028942197561264038,
            0.02802186645567417,
            0.027096359059214592,
            0.026421420897046726,
            0.02564778116842111,
            0.025060538202524185,
            0.02443316951394081
          ]
        },
        {
          "iteration": 2,
          "seed": 42,
          "total_samples_seen": 199,
          "samples_added": 7,
          "mse_per_output": [
            0.005555351338015992,
            0.020257843017724847,
            0.0021790957624263922
          ],
          "total_mse": 0.02799229011816723,
          "window_size": 0.1,
          "center_point": [
            0.5904062390327454,
            0.6433414220809937,
            0.5903629064559937
          ],
          "pool_idx": 5,
          "avg_train_loss": 0.0007493027718737721,
          "epoch_losses": [
            0.0012612917926162481,
            0.0011949383188039064,
            0.0010647661983966827,
            0.000913749448955059,
            0.0007830662070773542,
            0.000699576863553375,
            0.0006701454985886812,
            0.0006834778469055891,
            0.0007177061052061617,
            0.0007500631036236882,
            0.0007647837628610432,
            0.0007567442953586578,
            0.0007304904866032302,
            0.0006961860344745219,
            0.0006646169349551201,
            0.0006432682275772095,
            0.000634512398391962,
            0.000636011827737093,
            0.0006426600157283247,
            0.0006489670486189425,
            0.0006509604281745851,
            0.0006470759981311858,
            0.0006380162667483091,
            0.000625953427515924,
            0.0006135407602414489
          ]
        }
      ],
      [
        {
          "iteration": 0,
          "seed": 43,
          "total_samples_seen": 0,
          "samples_added": 0,
          "mse_per_output": [
            0.11324762224088285,
            0.5586810940032949,
            0.17312616694569372
          ],
          "total_mse": 0.8450548831898714,
          "window_size": 1.0,
          "center_point": [
            0.5000038227775604,
            0.5003280052336098,
            0.500042579988823
          ],
          "pool_idx": null,
          "avg_train_loss": null
        },
        {
          "iteration": 1,
          "seed": 43,
          "total_samples_seen": 192,
          "samples_added": 192,
          "mse_per_output": [
            0.013152961586507956,
            0.02736773849961807,
            0.014357255273784508
          ],
          "total_mse": 0.05487795535991054,
          "window_size": 1.0,
          "center_point": [
            0.5000038227775604,
            0.5003280052336098,
            0.500042579988823
          ],
          "pool_idx": 0,
          "avg_train_loss": 0.07659409570197265,
          "epoch_losses": [
            0.4366635282834371,
            0.29666127761205036,
            0.19468567768732706,
            0.12183187405268352,
            0.07636447250843048,
            0.0522347167134285,
            0.04452933371067047,
            0.048124278585116066,
            0.05325640986363093,
            0.05403919890522957,
            0.050083573907613754,
            0.04433042059342066,
            0.04029004399975141,
            0.03772187481323878,
            0.03670057654380798,
            0.03639706348379453,
            0.03590615838766098,
            0.03526332974433899,
            0.0341455303132534,
            0.033012657115856804,
            0.03196164903541406,
            0.031096385791897774,
            0.03048741879562537,
            0.02985600506265958,
            0.02920893703897794
          ]
        },
        {
          "iteration": 2,
          "seed": 43,
          "total_samples_seen": 209,
          "samples_added": 17,
          "mse_per_output": [
            0.008643787668951318,
            0.03822794717237911,
            0.00844031366306766
          ],
          "total_mse": 0.05531204850439809,
          "window_size": 0.1,
          "center_point": [
            0.6146901845932007,
            0.6657599806785583,
            0.6198643445968628
          ],
          "pool_idx": 5,
          "avg_train_loss": 0.0006464120571035892,
          "epoch_losses": [
            0.001230163499712944,
            0.0011499365791678429,
            0.0010138258803635836,
            0.0008567802724428475,
            0.0007129159639589489,
            0.0006068014772608876,
            0.000548889278434217,
            0.0005356367910280824,
            0.0005534391384571791,
            0.0005846068961545825,
            0.0006132087437435985,
            0.0006290963501669466,
            0.0006292441976256669,
            0.0006165726808831096,
            0.0005972035578452051,
            0.0005773960147053003,
            0.0005612641689367592,
            0.0005498779355548322,
            0.0005417669308371842,
            0.0005343248485587537,
            0.0005253874114714563,
            0.00051431282190606,
            0.0005022134282626212,
            0.0004913544398732483,
            0.000484082120237872
          ]
        }
      ],
      [
        {
          "iteration": 0,
          "seed": 44,
          "total_samples_seen": 0,
          "samples_added": 0,