{
  "pipeline_name": "adaptive_batch_sampling_w1.0_s0.3_e50",
  "timestamp": "2025-11-07 16:49:58",
  "config": {
    "model_type": "NeuralNetModel",
    "model_params": "{'input_size': 6, 'output_size': 3, 'hidden_sizes': (64, 32), 'activation': 'tanh', 'learning_rate': 0.001, 'model_name': 'adaptive_batch_sampling_nn'}",
    "n_iterations": 4,
    "samples_per_iteration": 500,
    "n_epochs": 50,
    "batch_size": 16,
    "initial_window_size": 1.0,
    "shrink_rate": 0.3,
    "num_seeds": 1,
    "window_type": "output",
    "use_model_prediction": true,
    "num_pool_datasets": 4,
    "pool_samples_per_dataset": [
      4000,
      1000,
      2500,
      500
    ],
    "total_pool_samples": 8000,
    "test_samples": 1
  },
  "data_info": {},
  "training_info": {},
  "evaluation": {},
  "raw_results": {
    "all_seed_results": [
      [
        {
          "iteration": 0,
          "seed": 42,
          "total_samples_seen": 0,
          "samples_added": 0,
          "mse_per_output": [
            0.45056575161122014,
            0.45934963712589577,
            0.1790811790580318
          ],
          "total_mse": 1.0889965677951476,
          "window_size": 1.0,
          "center_point": [
            0.5000038227775604,
            0.5003280052336098,
            0.500042579988823
          ],
          "pool_idx": null,
          "avg_train_loss": null,
          "prediction_variance": [
            NaN,
            NaN,
            NaN
          ]
        },
        {
          "iteration": 1,
          "seed": 42,
          "total_samples_seen": 500,
          "samples_added": 500,
          "mse_per_output": [
            0.00042336899942493596,
            0.0015013586330689993,
            0.0001391830041068011
          ],
          "total_mse": 0.0020639106366007365,
          "window_size": 1.0,
          "center_point": [
            0.5000038227775604,
            0.5003280052336098,
            0.500042579988823
          ],
          "pool_idx": 0,
          "avg_train_loss": 0.014635864898446016,
          "epoch_losses": [
            0.14002443896606565,
            0.03639428410679102,
            0.027583096700254828,
            0.021837611740920693,
            0.017572078184457496,
            0.016014085435017478,
            0.015552067387034185,
            0.015224233036860824,
            0.014999416045611724,
            0.015106316248420626,
            0.01460371482244227,
            0.014777749660424888,
            0.014415689860470593,
            0.014715473633259535,
            0.014334103529108688,
            0.013701956631848589,
            0.013974319415865466,
            0.013328368833754212,
            0.013173864397685975,
            0.012948905452503823,
            0.012729883281281218,
            0.011866526649100706,
            0.012445335763914045,
            0.012091396420146339,
            0.011278986668912694,
            0.01116024011571426,
            0.01058540890517179,
            0.010456327960127965,
            0.009529730174108408,
            0.01031441189115867,
            0.009392904248670675,
            0.009060261043487117,
            0.009720039277453907,
            0.009273685252992436,
            0.008819016198685858,
            0.007965021286509,
            0.007717111635429319,
            0.007864600847824477,
            0.007379309674433898,
            0.007675934619328473,
            0.007781054948281962,
            0.007586442516185343,
            0.007911516506283078,
            0.008463504556857515,
            0.00817255096626468,
            0.0076019536863896064,
            0.006532828556373715,
            0.006220683899300639,
            0.007361379954090808,
            0.006553423329023644
          ],
          "prediction_variance": [
            0.00022785851615481079,
            0.0024789907038211823,
            0.00012512663670349866
          ]
        },
        {
          "iteration": 2,
          "seed": 42,
          "total_samples_seen": 1000,
          "samples_added": 500,
          "mse_per_output": [
            1.709579803240803e-05,
            0.00043528946076297384,
            6.515494349644724e-06
          ],
          "total_mse": 0.0004589007531450266,
          "window_size": 0.3,
          "center_point": [
            0.5205797553062439,
            0.5390753746032715,
            0.5118401646614075
          ],
          "pool_idx": 1,
          "avg_train_loss": 0.00020774841759703123,
          "epoch_losses": [
            0.0004273926347195811,
            0.0003655883701867424,
            0.0003173084717218444,
            0.00029736447822870105,
            0.0002648233730724314,
            0.0002678556709270197,
            0.00026537213398114545,
            0.0002766059383247921,
            0.00028728677739309205,
            0.00024192569026126876,
            0.00026395679105917225,
            0.0002473158847351442,
            0.00023088838815965573,
            0.0002588279355677514,
            0.00022388998741007526,
            0.00024302624979100074,
            0.0002396515787950193,
            0.00021215404035501706,
            0.00022032205833966145,
            0.00020534774716907123,
            0.0002276158440963627,
            0.00026588224591250764,
            0.0002039373965772029,
            0.0001877926157476395,
            0.00021197343312451267,
            0.00018909326468019572,
            0.00020232082829352294,
            0.00021199981802055845,
            0.00016925033230563713,
            0.00017270944863412296,
            0.00015888696066213015,
            0.00017418553215975408,
            0.00015715383028691576,
            0.000153930282976944,
            0.00014128249108580349,
            0.00017584772876944044,
            0.00014805356465785735,
            0.0001445893208256166,
            0.00013417574507457175,
            0.00014660147894574038,
            0.00013971492342079728,
            0.00013153010297628498,
            0.00014046247486021457,
            0.00021187436664149573,
            0.00016803194716885628,
            0.00014030961574462708,
            0.00011563454575025389,
            0.00012504612402608473,
            0.00014357235409079294,
            0.00013705806213692995
          ],
          "prediction_variance": [
            4.0620316212880425e-06,
            0.00010416722216177732,
            9.249788490706123e-07
          ]
        },
        {
          "iteration": 3,
          "seed": 42,
          "total_samples_seen": 1500,
          "samples_added": 500,
          "mse_per_output": [
            2.0289653671145818e-07,
            4.420360383519035e-06,
            6.548737540935803e-08
          ],
          "total_mse": 4.688744295639851e-06,
          "window_size": 0.09,
          "center_point": [
            0.5041385293006897,
            0.5211915969848633,
            0.5025951266288757
          ],
          "pool_idx": 2,
          "avg_train_loss": 2.0022430926616153e-05,