{
  "pipeline_name": "adaptive_batch_sampling_w1.0_s0.1_e25",
  "timestamp": "2025-10-29 18:22:26",
  "config": {
    "model_type": "NeuralNetModel",
    "model_params": "{'input_size': 6, 'output_size': 3, 'hidden_sizes': (64, 32), 'activation': 'tanh', 'learning_rate': 0.001, 'model_name': 'adaptive_batch_sampling_nn'}",
    "n_iterations": 6,
    "samples_per_iteration": 192,
    "n_epochs": 25,
    "batch_size": 64,
    "initial_window_size": 1.0,
    "shrink_rate": 0.1,
    "num_seeds": 5,
    "window_type": "input",
    "use_model_prediction": true,
    "num_pool_datasets": 6,
    "pool_samples_per_dataset": [
      4000,
      1000,
      2500,
      2000,
      1500,
      2000
    ],
    "total_pool_samples": 13000,
    "test_samples": 1
  },
  "data_info": {},
  "training_info": {},
  "evaluation": {},
  "raw_results": {
    "all_seed_results": [
      [
        {
          "iteration": 0,
          "seed": 42,
          "total_samples_seen": 0,
          "samples_added": 0,
          "mse_per_output": [
            0.08728369971379288,
            0.09522313202337819,
            0.10118334262906281
          ],
          "total_mse": 0.2836901743662339,
          "window_size": 1.0,
          "center_point": [
            0.8926872844141779,
            0.4871539775299126,
            0.6200189926408166,
            0.9605704170945706,
            0.3585519590141263,
            0.6385259581672154
          ],
          "pool_idx": null,
          "avg_train_loss": null
        },
        {
          "iteration": 1,
          "seed": 42,
          "total_samples_seen": 192,
          "samples_added": 192,
          "mse_per_output": [
            0.003683295094264249,
            0.018635065196010863,
            0.003779588024824157
          ],
          "total_mse": 0.02609794831509927,
          "window_size": 1.0,
          "center_point": [
            0.8926872844141779,
            0.4871539775299126,
            0.6200189926408166,
            0.9605704170945706,
            0.3585519590141263,
            0.6385259581672154
          ],
          "pool_idx": 0,
          "avg_train_loss": 0.04246320215364298,
          "epoch_losses": [
            0.2039997527996699,
            0.11557249228159587,
            0.06265035768349965,
            0.04203443725903829,
            0.04194773609439532,
            0.04759113242228826,
            0.04833537091811498,
            0.043337288002173104,
            0.037295145293076835,
            0.03351496160030365,
            0.03224749738971392,
            0.03212955966591835,
            0.03151207479337851,
            0.0302547849714756,
            0.02855505918463071,
            0.027027111500501633,
            0.026002292210857075,
            0.02506781555712223,
            0.024297852690021198,
            0.023453470940391224,
            0.02255411135653655,
            0.02164221741259098,
            0.020842161029577255,
            0.020179492111007374,
            0.01953587867319584
          ]
        }
      ],
      [
        {
          "iteration": 0,
          "seed": 43,
          "total_samples_seen": 0,
          "samples_added": 0,
          "mse_per_output": [
            0.11122923129818899,
            0.24721857374028258,
            0.18016256725320007
          ],
          "total_mse": 0.5386103722916716,
          "window_size": 1.0,
          "center_point": [
            0.8926872844141779,
            0.4871539775299126,
            0.6200189926408166,
            0.9605704170945706,
            0.3585519590141263,
            0.6385259581672154
          ],
          "pool_idx": null,
          "avg_train_loss": null
        },
        {
          "iteration": 1,
          "seed": 43,
          "total_samples_seen": 192,
          "samples_added": 192,
          "mse_per_output": [
            0.00866767719902098,
            0.0255999508924071,
            0.0036250248348645864
          ],
          "total_mse": 0.037892652926292666,
          "window_size": 1.0,
          "center_point": [
            0.8926872844141779,
            0.4871539775299126,
            0.6200189926408166,
            0.9605704170945706,
            0.3585519590141263,
            0.6385259581672154
          ],
          "pool_idx": 0,
          "avg_train_loss": 0.05658723749220371,
          "epoch_losses": [
            0.313880850871404,
            0.18396738668282828,
            0.09987553209066391,
            0.05349639058113098,
            0.042604015519221626,
            0.04766685888171196,
            0.05411650985479355,
            0.053371232002973557,
            0.04748779286940893,
            0.04073664421836535,
            0.03690159320831299,
            0.03561225285132726,
            0.035697186986605324,
            0.03557515392700831,
            0.03478812177975973,
            0.03361141930023829,
            0.032354213297367096,
            0.03133863024413586,
            0.030644648397962253,
            0.03008001111447811,
            0.02948940545320511,
            0.02881777472794056,
            0.02813378411034743,
            0.02750599632660548,
            0.02692753200729688
          ]
        }
      ],
      [
        {
          "iteration": 0,
          "seed": 44,
          "total_samples_seen": 0,
          "samples_added": 0,
          "mse_per_output": [
            0.24681431023400607,
            0.35303914584298274,
            0.24186330363639844
          ],
          "total_mse": 0.8417167597133872,
          "window_size": 1.0,
          "center_point": [
            0.8926872844141779,
            0.4871539775299126,
            0.6200189926408166,
            0.9605704170945706,
            0.3585519590141263,
            0.6385259581672154
          ],
          "pool_idx": null,
          "avg_train_loss": null
        },
        {
          "iteration": 1,
          "seed": 44,
          "total_samples_seen": 192,
          "samples_added": 192,
          "mse_per_output": [
            0.011896367816394535,
            0.025776607894070675,
            0.01315677300592884
          ],
          "total_mse": 0.05082974871639405,
          "window_size": 1.0,
          "center_point": [
            0.8926872844141779,
            0.4871539775299126,
            0.6200189926408166,
            0.9605704170945706,
            0.3585519590141263,
            0.6385259581672154
          ],
          "pool_idx": 0,
          "avg_train_loss": 0.07837296508252621,
          "epoch_losses": [
            0.4435124496618907,
            0.31002670526504517,
            0.2047529766956965,
            0.12824295709530512,
            0.07643271485964458,
            0.050047350426514946,
            0.04435975228746732,
            0.04850063472986221,
            0.05372485890984535,
            0.05411730334162712,
            0.05008354410529137,
            0.04446526740988096,
            0.04015079389015833,
            0.03801573067903519,
            0.03743947297334671,
            0.037179543326298393,
            0.036769695580005646,
            0.03593786433339119,
            0.03475725029905637,
            0.033737365156412125,
            0.03269133282204469,
            0.031988625725110374,
            0.03134919827183088,
            0.030822998533646267,
            0.030217740684747696
          ]
        }
      ],
      [
        {
          "iteration": 0,
          "seed": 45,
          "total_samples_seen": 0,
          "samples_added": 0,
          "mse_per_output": [
            0.28223986657034145,
            0.015095059363019277,
            0.4609884863899262
          ],
          "total_mse": 0.7583234123232869,
          "window_size": 1.0,