{
  "pipeline_name": "adaptive_batch_sampling_w1.0_s0.1_e25",
  "timestamp": "2025-10-29 18:31:49",
  "config": {
    "model_type": "NeuralNetModel",
    "model_params": "{'input_size': 6, 'output_size': 3, 'hidden_sizes': (64, 32), 'activation': 'tanh', 'learning_rate': 0.001, 'model_name': 'adaptive_batch_sampling_nn'}",
    "n_iterations": 6,
    "samples_per_iteration": 192,
    "n_epochs": 25,
    "batch_size": 64,
    "initial_window_size": 1.0,
    "shrink_rate": 0.1,
    "num_seeds": 5,
    "window_type": "input",
    "use_model_prediction": true,
    "num_pool_datasets": 6,
    "pool_samples_per_dataset": [
      4000,
      1000,
      2500,
      2000,
      1500,
      2000
    ],
    "total_pool_samples": 13000,
    "test_samples": 1
  },
  "data_info": {},
  "training_info": {},
  "evaluation": {},
  "raw_results": {
    "all_seed_results": [
      [
        {
          "iteration": 0,
          "seed": 42,
          "total_samples_seen": 0,
          "samples_added": 0,
          "mse_per_output": [
            0.3822741128220935,
            0.4835358993588657,
            0.8139686148665967
          ],
          "total_mse": 1.6797786270475559,
          "window_size": 1.0,
          "center_point": [
            0.5000038227775604,
            0.5003280052336098,
            0.500042579988823
          ],
          "pool_idx": null,
          "avg_train_loss": null
        },
        {
          "iteration": 1,
          "seed": 42,
          "total_samples_seen": 192,
          "samples_added": 192,
          "mse_per_output": [
            0.019649926494328392,
            0.02159285019583766,
            0.00891421223317277
          ],
          "total_mse": 0.05015698892333882,
          "window_size": 1.0,
          "center_point": [
            0.5000038227775604,
            0.5003280052336098,
            0.500042579988823
          ],
          "pool_idx": 0,
          "avg_train_loss": 0.11738698035478592,
          "epoch_losses": [
            0.7408215800921122,
            0.5365741650263468,
            0.36769535144170123,
            0.23447257280349731,
            0.13804785907268524,
            0.07539195815722148,
            0.04850904022653898,
            0.047211065888404846,
            0.05694960926969846,
            0.06417552878459294,
            0.06255316734313965,
            0.055436318119366966,
            0.04721063127120336,
            0.04242027550935745,
            0.040190176417430244,
            0.04042134309808413,
            0.04070156067609787,
            0.040436752140522,
            0.03943456585208575,
            0.038165600349505745,
            0.037002161145210266,
            0.03604567671815554,
            0.035431391249100365,
            0.03496261934439341,
            0.03441353887319565
          ]
        }
      ],
      [
        {
          "iteration": 0,
          "seed": 43,
          "total_samples_seen": 0,
          "samples_added": 0,
          "mse_per_output": [
            0.07954555748594273,
            0.2610940005361803,
            0.5397843552426965
          ],
          "total_mse": 0.8804239132648195,
          "window_size": 1.0,
          "center_point": [
            0.5000038227775604,
            0.5003280052336098,
            0.500042579988823
          ],
          "pool_idx": null,
          "avg_train_loss": null
        },
        {
          "iteration": 1,
          "seed": 43,
          "total_samples_seen": 192,
          "samples_added": 192,
          "mse_per_output": [
            0.014472904281247732,
            0.02531523620937264,
            0.01578833345579478
          ],
          "total_mse": 0.05557647394641515,
          "window_size": 1.0,
          "center_point": [
            0.5000038227775604,
            0.5003280052336098,
            0.500042579988823
          ],
          "pool_idx": 0,
          "avg_train_loss": 0.07467360094189644,
          "epoch_losses": [
            0.46569496393203735,
            0.31008902192115784,
            0.19313788414001465,
            0.11302187293767929,
            0.06352341050903003,
            0.04529354969660441,
            0.04534323886036873,
            0.05158203591903051,
            0.05445701628923416,
            0.05114045242468516,
            0.04456738382577896,
            0.03835899755358696,
            0.0343904842933019,
            0.033134277909994125,
            0.03294852996865908,
            0.03268995136022568,
            0.03197460621595383,
            0.030864537383119266,
            0.029629912227392197,
            0.028836621592442196,
            0.028035080681244533,
            0.027645625174045563,
            0.02721327853699525,
            0.026820623005429905,
            0.026446667189399403
          ]
        }
      ],
      [
        {
          "iteration": 0,
          "seed": 44,
          "total_samples_seen": 0,
          "samples_added": 0,
          "mse_per_output": [
            0.24403368456686841,
            0.2720809640281159,
            0.17207145424011336
          ],
          "total_mse": 0.6881861028350977,
          "window_size": 1.0,
          "center_point": [
            0.5000038227775604,
            0.5003280052336098,
            0.500042579988823
          ],
          "pool_idx": null,
          "avg_train_loss": null
        },
        {
          "iteration": 1,
          "seed": 44,
          "total_samples_seen": 192,
          "samples_added": 192,
          "mse_per_output": [
            0.013912796392938225,
            0.010659558571972214,
            0.010003731912758223
          ],
          "total_mse": 0.034576086877668666,
          "window_size": 1.0,
          "center_point": [
            0.5000038227775604,
            0.5003280052336098,
            0.500042579988823
          ],
          "pool_idx": 0,
          "avg_train_loss": 0.06637595348060131,
          "epoch_losses": [
            0.3525332808494568,
            0.20874902606010437,
            0.11672673374414444,
            0.06787264719605446,
            0.05442539726694425,
            0.05724415307243665,
            0.06125913063685099,
            0.05950611581405004,
            0.05414242794116338,
            0.04919274275501569,
            0.0462430144349734,
            0.04457856218020121,
            0.043139342218637466,
            0.04171181470155716,
            0.04095397392908732,
            0.040135776003201805,
            0.03931919982035955,
            0.0382577528556188,
            0.037188770870367684,
            0.03623708337545395,
            0.035420868545770645,
            0.034744083881378174,
            0.034030734250942864,
            0.03328997145096461,
            0.032496233160297074
          ]
        }
      ],
      [
        {
          "iteration": 0,
          "seed": 45,
          "total_samples_seen": 0,
          "samples_added": 0,
          "mse_per_output": [
            0.21577771648950106,
            0.3804436323221903,
            0.3737634619184064
          ],
          "total_mse": 0.9699848107300979,
          "window_size": 1.0,
          "center_point": [
            0.5000038227775604,
            0.5003280052336098,
            0.500042579988823
          ],
          "pool_idx": null,
          "avg_train_loss": null
        },
        {
          "iteration": 1,
          "seed": 45,
          "total_samples_seen": 192,
          "samples_added": 192,
          "mse_per_output": [
            0.0068770916989567945,
            0.03008918007529325,
            0.011134719389538804
          ],
          "total_mse": 0.04810099116378885,
          "window_size": 1.0,
          "center_point": [
            0.5000038227775604,
            0.5003280052336098,
            0.500042579988823
          ],
          "pool_idx": 0,
          "avg_train_loss": 0.08277594437201818,