{
  "pipeline_name": "adaptive_batch_sampling_w1.0_s0.3_e100",
  "timestamp": "2025-11-07 16:44:14",
  "config": {
    "model_type": "NeuralNetModel",
    "model_params": "{'input_size': 6, 'output_size': 3, 'hidden_sizes': (64, 32), 'activation': 'tanh', 'learning_rate': 0.001, 'model_name': 'adaptive_batch_sampling_nn'}",
    "n_iterations": 1,
    "samples_per_iteration": 2000,
    "n_epochs": 100,
    "batch_size": 16,
    "initial_window_size": 1.0,
    "shrink_rate": 0.3,
    "num_seeds": 1,
    "window_type": "output",
    "use_model_prediction": true,
    "num_pool_datasets": 1,
    "pool_samples_per_dataset": [
      4000
    ],
    "total_pool_samples": 4000,
    "test_samples": 1
  },
  "data_info": {},
  "training_info": {},
  "evaluation": {},
  "raw_results": {
    "all_seed_results": [
      [
        {
          "iteration": 0,
          "seed": 42,
          "total_samples_seen": 0,
          "samples_added": 0,
          "mse_per_output": [
            0.04757567867634812,
            0.42038203197698626,
            0.14297751600620562
          ],
          "total_mse": 0.61093522665954,
          "window_size": 1.0,
          "center_point": [
            0.5000038227775604,
            0.5003280052336098,
            0.500042579988823
          ],
          "pool_idx": null,
          "avg_train_loss": null,
          "prediction_variance": [
            NaN,
            NaN,
            NaN
          ]
        },
        {
          "iteration": 1,
          "seed": 42,
          "total_samples_seen": 2000,
          "samples_added": 2000,
          "mse_per_output": [
            5.9390504184483246e-08,
            0.00017445680070231836,
            1.622514299127819e-05
          ],
          "total_mse": 0.00019074133419778102,
          "window_size": 1.0,
          "center_point": [
            0.5000038227775604,
            0.5003280052336098,
            0.500042579988823
          ],
          "pool_idx": 0,
          "avg_train_loss": 0.002085487406629545,
          "epoch_losses": [
            0.04232334293425083,
            0.016289084516465664,
            0.01548719173297286,
            0.014520051546394824,
            0.013477880962193012,
            0.01173866220191121,
            0.009894761055707932,
            0.008547046564519406,
            0.0075537126511335375,
            0.00659989227168262,
            0.005451216587796807,
            0.004189143790863454,
            0.003309936720877886,
            0.0027657599449157715,
            0.002578931543044746,
            0.0019807240702211858,
            0.0019741344675421714,
            0.0019040614485275,
            0.0018099588891491293,
            0.0015828913350123912,
            0.0015213732407428325,
            0.001581211512675509,
            0.0013539672477636485,
            0.001332189908483997,
            0.0012186228658538313,
            0.0012309391547460108,
            0.0012876026637386531,
            0.0010576938074082136,
            0.00104779250966385,
            0.0009998234086669982,
            0.0009391708720941096,
            0.0009567069648765028,
            0.000835244104033336,
            0.0007609804240055382,
            0.0007395850078901276,
            0.0007254436601651832,
            0.0007401710345875472,
            0.0006896430132910609,
            0.0006165959958452732,
            0.0005837953626178206,
            0.0009661630570190027,
            0.000554457034333609,
            0.0005823672888800502,
            0.0004596325217280537,
            0.00041633049165830014,
            0.00046465063432697207,
            0.00041420352889690547,
            0.00038229323556879534,
            0.0003615941723110154,
            0.0004498605999397114,
            0.00046556556434370575,
            0.0003027425594627857,
            0.00029998621076811105,
            0.0002806571760447696,
            0.00026777227112324907,
            0.00024869257136015223,
            0.00038362793129635974,
            0.0002613646453537513,
            0.0002754566396470182,
            0.00021843616827391089,
            0.0002688510025909636,
            0.0002284229890210554,
            0.00021270913575426674,
            0.0001803904579137452,
            0.00019847997816395947,
            0.000204366271966137,
            0.00030510110611794517,
            0.0001872288449667394,
            0.00023446876427624374,
            0.0001638741497299634,
            0.00018278753515915013,
            0.00021759012958500533,
            0.00017700064944801852,
            0.00013295274222036824,
            0.00013658144215878564,
            0.00016065672248078046,
            0.00017780179757392035,
            0.00013632008765125647,
            0.00015144159286865032,
            0.00013282634792267345,
            0.00013732690164761153,
            0.0001164876283146441,
            0.0001382722723938059,
            0.00015230952456477098,
            0.00012608420706237665,
            0.00010004722597659566,
            0.00024972164252540094,
            0.00010906711549614556,
            0.00013025069943978451,
            0.00011989184029516764,
            0.0001181374890729785,
            0.00012609261374745985,
            0.00018003323202719912,
            0.00011912123954971321,
            0.00011733165831537917,
            8.572826455929316e-05,
            8.754504393436946e-05,
            0.0001370704405271681,
            8.021984563674777e-05,
            7.535773362906184e-05
          ],
          "prediction_variance": [
            3.2909279070736375e-06,
            8.119206177070737e-05,
            5.95908340983442e-06
          ]
        }
      ]
    ]
  },
  "aggregated_results": [
    {
      "iteration": 0,
      "total_samples_seen": 0.0,
      "samples_added": 0.0,
      "training_samples": 0,
      "mean_total_mse": 0.61093522665954,
      "std_total_mse": 0.0,
      "mean_mse_per_output": [
        0.04757567867634812,
        0.42038203197698626,
        0.14297751600620562
      ],
      "std_mse_per_output": [
        0.0,
        0.0,
        0.0
      ],
      "mean_train_loss": null,
      "window_size": 1.0,
      "num_seeds": 1,
      "mean_prediction_variance_per_output": [
        NaN,
        NaN,
        NaN
      ],
      "std_prediction_variance_per_output": [
        NaN,
        NaN,
        NaN
      ]
    },
    {
      "iteration": 1,
      "total_samples_seen": 2000.0,
      "samples_added": 2000.0,
      "training_samples": 200000.0,
      "mean_total_mse": 0.00019074133419778102,
      "std_total_mse": 0.0,
      "mean_mse_per_output": [
        5.9390504184483246e-08,
        0.00017445680070231836,
        1.622514299127819e-05
      ],
      "std_mse_per_output": [
        0.0,
        0.0,
        0.0
      ],
      "mean_train_loss": 0.002085487406629545,
      "window_size": 1.0,
      "num_seeds": 1,
      "mean_prediction_variance_per_output": [
        3.2909279070736375e-06,
        8.119206177070737e-05,
        5.95908340983442e-06
      ],
      "std_prediction_variance_per_output": [
        0.0,
        0.0,
        0.0
      ]
    }
  ],
  "execution_time_seconds": 76.752502
}