{
  "pipeline_name": "adaptive_batch_sampling_w1.0_s0.1_e100",
  "timestamp": "2025-11-07 16:14:27",
  "config": {
    "model_type": "NeuralNetModel",
    "model_params": "{'input_size': 6, 'output_size': 3, 'hidden_sizes': (64, 32), 'activation': 'tanh', 'learning_rate': 0.001, 'model_name': 'adaptive_batch_sampling_nn'}",
    "n_iterations": 6,
    "samples_per_iteration": 350,
    "n_epochs": 100,
    "batch_size": 16,
    "initial_window_size": 1.0,
    "shrink_rate": 0.1,
    "num_seeds": 1,
    "window_type": "output",
    "use_model_prediction": true,
    "num_pool_datasets": 6,
    "pool_samples_per_dataset": [
      4000,
      1000,
      2500,
      2000,
      1500,
      2000
    ],
    "total_pool_samples": 13000,
    "test_samples": 1
  },
  "data_info": {},
  "training_info": {},
  "evaluation": {},
  "raw_results": {
    "all_seed_results": [
      [
        {
          "iteration": 0,
          "seed": 42,
          "total_samples_seen": 0,
          "samples_added": 0,
          "mse_per_output": [
            0.014663539455929265,
            0.25992620233281144,
            0.22848346583184773
          ],
          "total_mse": 0.5030732076205884,
          "window_size": 1.0,
          "center_point": [
            0.5000038227775604,
            0.5003280052336098,
            0.500042579988823
          ],
          "pool_idx": null,
          "avg_train_loss": null,
          "prediction_variance": [
            NaN,
            NaN,
            NaN
          ]
        },
        {
          "iteration": 1,
          "seed": 42,
          "total_samples_seen": 350,
          "samples_added": 350,
          "mse_per_output": [
            0.0003906650978812204,
            0.004925198655081981,
            2.545838327831451e-05
          ],
          "total_mse": 0.005341322136241516,
          "window_size": 1.0,
          "center_point": [
            0.5000038227775604,
            0.5003280052336098,
            0.500042579988823
          ],
          "pool_idx": 0,
          "avg_train_loss": 0.0107425437417855,
          "epoch_losses": [
            0.10700869441709736,
            0.038784838196906174,
            0.028188595378940754,
            0.022566897117278793,
            0.019665203311226585,
            0.01728578944775191,
            0.01664593612605875,
            0.015850427475842564,
            0.015505449909886176,
            0.015500509222461418,
            0.015164122239432552,
            0.01507047288627787,
            0.015166959386657585,
            0.016146018825979394,
            0.01512990261174061,
            0.014524678911336443,
            0.0144553903744302,
            0.014343186895447698,
            0.014207976150580427,
            0.01397270705042915,
            0.014038674215870824,
            0.013830810404297981,
            0.013560762247917328,
            0.01359696364538236,
            0.013805885799229145,
            0.013366012749346819,
            0.012934994778003205,
            0.012703196865252474,
            0.013237134426493536,
            0.012615196703171188,
            0.012586942916228012,
            0.01242461531761695,
            0.012542018349367108,
            0.011862555603412065,
            0.01234591026282446,
            0.011429255320267244,
            0.011187977178699592,
            0.010970525083724748,
            0.010764149991287426,
            0.010797864355316216,
            0.010240699397400022,
            0.010567232564261014,
            0.01141553528776223,
            0.009981383781202814,
            0.009722242047163572,
            0.009900657449510287,
            0.009609707398340106,
            0.01020741043612361,
            0.00913320331495594,
            0.009538786866786804,
            0.009727959436449137,
            0.009486321444538507,
            0.009614746043966576,
            0.008519693087278441,
            0.008537067280320281,
            0.009103948864239183,
            0.008213482945310798,
            0.007747601738876917,
            0.00786721197337928,
            0.00838565456003628,
            0.0078189821744507,
            0.007453088881447911,
            0.007440446971238337,
            0.008294738924384794,
            0.007992470541714945,
            0.00745363753627647,
            0.006780252029949968,
            0.0073181821604851975,
            0.006182529349726709,
            0.006742862402461469,
            0.007391000494614921,
            0.00635898010593585,
            0.005816380440426821,
            0.0054250429701906714,
            0.005249584908597171,
            0.005398606362921948,
            0.004793957807123661,
            0.004993249450556256,
            0.004586636734364385,
            0.004365704646757381,
            0.00435968688477508,
            0.004354929091112519,
            0.003926598668013784,
            0.003530123440379446,
            0.003517917823046446,
            0.0034495152067393064,
            0.003271744845816019,
            0.003229709786616943,
            0.0032024224849671805,
            0.002951184785078195,
            0.0032269432399929924,
            0.00289626825674945,
            0.0029095344573513353,
            0.002510068549203094,
            0.0026117523401890967,
            0.00257405794267966,
            0.00258707582146268,
            0.0024863529569384727,
            0.00244646655945954,
            0.0030499380769800732
          ],
          "prediction_variance": [
            7.328389619942755e-05,
            0.0006444202153943479,
            1.8635390006238595e-05
          ]
        },
        {
          "iteration": 2,
          "seed": 42,
          "total_samples_seen": 700,
          "samples_added": 350,
          "mse_per_output": [
            3.3352644377534655e-07,
            0.00010363473787781927,
            4.504901530896446e-07
          ],
          "total_mse": 0.00010441875447468427,
          "window_size": 0.1,
          "center_point": [
            0.5197690725326538,
            0.5705077648162842,
            0.505088210105896
          ],
          "pool_idx": 2,
          "avg_train_loss": 1.0859482024805152e-05,