{
  "pipeline_name": "adaptive_batch_sampling_w1.0_s0.3_e50",
  "timestamp": "2025-11-09 10:52:39",
  "config": {
    "model_type": "NeuralNetModel",
    "model_params": "{'input_size': 6, 'output_size': 3, 'hidden_sizes': (64, 32), 'activation': 'tanh', 'learning_rate': 0.001, 'model_name': 'adaptive_batch_sampling_nn'}",
    "n_iterations": 1,
    "samples_per_iteration": 2000,
    "n_epochs": 50,
    "batch_size": 16,
    "initial_window_size": 1.0,
    "shrink_rate": 0.3,
    "num_seeds": 1,
    "window_type": "output",
    "use_model_prediction": true,
    "num_pool_datasets": 1,
    "pool_samples_per_dataset": [
      4000
    ],
    "total_pool_samples": 4000,
    "test_samples": 1
  },
  "data_info": {},
  "training_info": {},
  "evaluation": {},
  "raw_results": {
    "all_seed_results": [
      [
        {
          "iteration": 0,
          "seed": 42,
          "total_samples_seen": 0,
          "samples_added": 0,
          "mse_per_output": [
            0.36595118403898896,
            0.20559553328371738,
            0.39142137885283934
          ],
          "total_mse": 0.9629680961755457,
          "window_size": 1.0,
          "center_point": [
            0.5000038227775604,
            0.5003280052336098,
            0.500042579988823
          ],
          "pools_used": [],
          "avg_train_loss": null,
          "prediction_variance": [
            NaN,
            NaN,
            NaN
          ]
        },
        {
          "iteration": 1,
          "seed": 42,
          "total_samples_seen": 2000,
          "samples_added": 2000,
          "mse_per_output": [
            2.6297790502039925e-05,
            2.212086567773146e-05,
            8.785545261386963e-06
          ],
          "total_mse": 5.720420144115835e-05,
          "window_size": 1.0,
          "center_point": [
            0.5000038227775604,
            0.5003280052336098,
            0.500042579988823
          ],
          "pools_used": [
            0
          ],
          "avg_train_loss": 0.004522402359254193,
          "epoch_losses": [
            0.05650544481724501,
            0.017608495764434337,
            0.015169008351862431,
            0.014287344180047512,
            0.012845978815108537,
            0.011214338786900044,
            0.00970092642121017,
            0.008401579923927784,
            0.008215516310185194,
            0.007440706796944142,
            0.00651128688827157,
            0.005158884029835463,
            0.004171356467530131,
            0.0033406263459473846,
            0.0031870594806969166,
            0.00245809597754851,
            0.002568998242262751,
            0.0023564789895899594,
            0.0020059596728533506,
            0.0018490587724372745,
            0.0017996006328612566,
            0.0015596549976617097,
            0.0016138134028296917,
            0.0014325792903546245,
            0.0014656450501643122,
            0.0013164018183015288,
            0.001325831966008991,
            0.001162786457221955,
            0.0012969744708389043,
            0.0011069297443609685,
            0.0011953741740435362,
            0.0012017447275575251,
            0.0012388315382413566,
            0.0010938483842182903,
            0.0010032430007122456,
            0.0009153862895909697,
            0.0009256349903298542,
            0.0009302173724863678,
            0.0008011624824721366,
            0.0008625025092624127,
            0.0007196824923157692,
            0.000832513295346871,
            0.0007449203372234479,
            0.0007048445413820446,
            0.0006702149382326752,
            0.0006786445319885388,
            0.0006629379022633656,
            0.0007311314245453105,
            0.0005111871728440746,
            0.0006187329922104255
          ],
          "prediction_variance": [
            3.493357144179754e-05,
            0.00020200145081616938,
            2.835682789736893e-05
          ]
        }
      ]
    ]
  },
  "aggregated_results": [
    {
      "iteration": 0,
      "total_samples_seen": 0.0,
      "samples_added": 0.0,
      "training_samples": 0,
      "mean_total_mse": 0.9629680961755457,
      "std_total_mse": 0.0,
      "mean_mse_per_output": [
        0.36595118403898896,
        0.20559553328371738,
        0.39142137885283934
      ],
      "std_mse_per_output": [
        0.0,
        0.0,
        0.0
      ],
      "mean_train_loss": null,
      "window_size": 1.0,
      "num_seeds": 1,
      "mean_prediction_variance_per_output": [
        NaN,
        NaN,
        NaN
      ],
      "std_prediction_variance_per_output": [
        NaN,
        NaN,
        NaN
      ]
    },
    {
      "iteration": 1,
      "total_samples_seen": 2000.0,
      "samples_added": 2000.0,
      "training_samples": 100000.0,
      "mean_total_mse": 5.720420144115835e-05,
      "std_total_mse": 0.0,
      "mean_mse_per_output": [
        2.6297790502039925e-05,
        2.212086567773146e-05,
        8.785545261386963e-06
      ],
      "std_mse_per_output": [
        0.0,
        0.0,
        0.0
      ],
      "mean_train_loss": 0.004522402359254193,
      "window_size": 1.0,
      "num_seeds": 1,
      "mean_prediction_variance_per_output": [
        3.493357144179754e-05,
        0.00020200145081616938,
        2.835682789736893e-05
      ],
      "std_prediction_variance_per_output": [
        0.0,
        0.0,
        0.0
      ]
    }
  ],
  "execution_time_seconds": 66.164413
}