{
  "pipeline_name": "adaptive_batch_sampling_w1.0_s0.1_e100",
  "timestamp": "2025-11-07 16:15:19",
  "config": {
    "model_type": "NeuralNetModel",
    "model_params": "{'input_size': 6, 'output_size': 3, 'hidden_sizes': (64, 32), 'activation': 'tanh', 'learning_rate': 0.001, 'model_name': 'adaptive_batch_sampling_nn'}",
    "n_iterations": 6,
    "samples_per_iteration": 210,
    "n_epochs": 100,
    "batch_size": 16,
    "initial_window_size": 1.0,
    "shrink_rate": 0.1,
    "num_seeds": 1,
    "window_type": "output",
    "use_model_prediction": true,
    "num_pool_datasets": 6,
    "pool_samples_per_dataset": [
      4000,
      1000,
      2500,
      2000,
      1500,
      2000
    ],
    "total_pool_samples": 13000,
    "test_samples": 1
  },
  "data_info": {},
  "training_info": {},
  "evaluation": {},
  "raw_results": {
    "all_seed_results": [
      [
        {
          "iteration": 0,
          "seed": 42,
          "total_samples_seen": 0,
          "samples_added": 0,
          "mse_per_output": [
            0.215895113516565,
            0.2895310488433457,
            0.0982745667305184
          ],
          "total_mse": 0.603700729090429,
          "window_size": 1.0,
          "center_point": [
            0.5000038227775604,
            0.5003280052336098,
            0.500042579988823
          ],
          "pool_idx": null,
          "avg_train_loss": null,
          "prediction_variance": [
            NaN,
            NaN,
            NaN
          ]
        },
        {
          "iteration": 1,
          "seed": 42,
          "total_samples_seen": 210,
          "samples_added": 210,
          "mse_per_output": [
            0.00015589207730970216,
            0.0008161152263235415,
            0.000339158751812571
          ],
          "total_mse": 0.0013111660554458147,
          "window_size": 1.0,
          "center_point": [
            0.5000038227775604,
            0.5003280052336098,
            0.500042579988823
          ],
          "pool_idx": 0,
          "avg_train_loss": 0.014871596427266402,
          "epoch_losses": [
            0.19306535805974687,
            0.04232107502009187,
            0.037579333941851346,
            0.029144639947584698,
            0.025669558505926813,
            0.021259764808097055,
            0.018681705397154604,
            0.018546817025968006,
            0.017181858952556337,
            0.016063259847994362,
            0.01581103028729558,
            0.016121097906891788,
            0.015612387830125434,
            0.014767509219901902,
            0.01562937275905694,
            0.014505630359053612,
            0.014765007155282157,
            0.01595596077718905,
            0.015076722417558943,
            0.014627227426639624,
            0.014207989692554943,
            0.015147355584693807,
            0.015145052756581987,
            0.01458041655964085,
            0.015273564561669315,
            0.013772753499714392,
            0.014597971058849777,
            0.014610039602432932,
            0.01378946059516498,
            0.014201768807002477,
            0.015115031573389257,
            0.015479341282376222,
            0.014323450458635176,
            0.01373692843896736,
            0.013904368837497063,
            0.015222228664372648,
            0.014973970362916589,
            0.014865022402123682,
            0.01552890972899539,
            0.013447548952951496,
            0.01288413761981896,
            0.013638381181018693,
            0.013651450231139148,
            0.014180355838366918,
            0.014195051742717624,
            0.012442423612810671,
            0.013039794750511646,
            0.012334342364088766,
            0.01244895116958235,
            0.012322886314775263,
            0.01278725968274687,
            0.012934585334733129,
            0.013589030929974147,
            0.011588910844043962,
            0.011224184176951115,
            0.011544008207108294,
            0.011902195468012775,
            0.011626078481120723,
            0.01129694439337722,
            0.011183040765380221,
            0.011458447502393807,
            0.011248731653073005,
            0.011453802264960749,
            0.011010926549455948,
            0.011572257682148899,
            0.01073542463460139,
            0.010090087873062916,
            0.010118106180535895,
            0.009647141709657652,
            0.010705308090629322,
            0.010290973354130983,
            0.009483086543955974,
            0.009457346085192901,
            0.00931767184686448,
            0.009340510703623295,
            0.009591480517493827,
            0.009980303371516388,
            0.009601478697732091,
            0.011232214414381556,
            0.009212928458249994,
            0.009954353195748158,
            0.00870608352124691,
            0.009848800953477621,
            0.009035989725297051,
            0.008960812452382274,
            0.00875399966857263,
            0.008202327315562538,
            0.008086683860580837,
            0.008453628780054194,
            0.00840763611319874,
            0.008753419887008411,
            0.007525096431241504,
            0.008304374359015907,
            0.008176371954115373,
            0.007090096993904028,
            0.00866315420717001,
            0.007192221711323198,
            0.007123046188748309,
            0.008068641082250647,
            0.007182172017305025
          ],
          "prediction_variance": [
            0.0002989864442497492,
            0.0024733790196478367,
            0.00022037718736100942
          ]
        },
        {
          "iteration": 2,
          "seed": 42,
          "total_samples_seen": 420,
          "samples_added": 210,
          "mse_per_output": [
            5.0365503605677904e-06,
            0.00022927182588367584,
            4.5947635883320195e-10
          ],
          "total_mse": 0.00023430883572060247,
          "window_size": 0.1,
          "center_point": [
            0.5124894976615906,
            0.5288957357406616,
            0.5184588432312012
          ],
          "pool_idx": 1,
          "avg_train_loss": 7.52360333116745e-05,