{
  "pipeline_name": "adaptive_batch_sampling_w1.0_s0.1_e25",
  "timestamp": "2025-10-29 18:24:32",
  "config": {
    "model_type": "NeuralNetModel",
    "model_params": "{'input_size': 6, 'output_size': 3, 'hidden_sizes': (64, 32), 'activation': 'tanh', 'learning_rate': 0.001, 'model_name': 'adaptive_batch_sampling_nn'}",
    "n_iterations": 6,
    "samples_per_iteration": 192,
    "n_epochs": 25,
    "batch_size": 64,
    "initial_window_size": 1.0,
    "shrink_rate": 0.1,
    "num_seeds": 5,
    "window_type": "input",
    "use_model_prediction": true,
    "num_pool_datasets": 6,
    "pool_samples_per_dataset": [
      4000,
      1000,
      2500,
      2000,
      1500,
      2000
    ],
    "total_pool_samples": 13000,
    "test_samples": 1
  },
  "data_info": {},
  "training_info": {},
  "evaluation": {},
  "raw_results": {
    "all_seed_results": [
      [
        {
          "iteration": 0,
          "seed": 42,
          "total_samples_seen": 0,
          "samples_added": 0,
          "mse_per_output": [
            0.33226494077201796,
            0.15572635152200395,
            0.07220698326748651
          ],
          "total_mse": 0.5601982755615085,
          "window_size": 1.0,
          "center_point": [
            0.8926872844141779,
            0.4871539775299126,
            0.6200189926408166,
            0.9605704170945706,
            0.3585519590141263,
            0.6385259581672154
          ],
          "pool_idx": null,
          "avg_train_loss": null
        },
        {
          "iteration": 1,
          "seed": 42,
          "total_samples_seen": 192,
          "samples_added": 192,
          "mse_per_output": [
            0.01103008478673107,
            0.01865327946422795,
            0.0048356708871530206
          ],
          "total_mse": 0.03451903513811204,
          "window_size": 1.0,
          "center_point": [
            0.8926872844141779,
            0.4871539775299126,
            0.6200189926408166,
            0.9605704170945706,
            0.3585519590141263,
            0.6385259581672154
          ],
          "pool_idx": 0,
          "avg_train_loss": 0.060424885153770445,
          "epoch_losses": [
            0.3224426805973053,
            0.19357422987620035,
            0.10621504485607147,
            0.05795470376809438,
            0.046848833560943604,
            0.05270621801416079,
            0.059164645771185555,
            0.05762412523229917,
            0.05075798432032267,
            0.043525672207276024,
            0.03992565224568049,
            0.038915795584519706,
            0.039091585824886955,
            0.03907050937414169,
            0.037988206992546715,
            0.03653896600008011,
            0.03521907702088356,
            0.034069981426000595,
            0.03333917260169983,
            0.0328507199883461,
            0.03218056820333004,
            0.03135930560529232,
            0.03051259306569894,
            0.02973785437643528,
            0.0290080023308595
          ]
        }
      ],
      [
        {
          "iteration": 0,
          "seed": 43,
          "total_samples_seen": 0,
          "samples_added": 0,
          "mse_per_output": [
            0.36817611018628266,
            0.372171521599985,
            0.521094873552731
          ],
          "total_mse": 1.2614425053389986,
          "window_size": 1.0,
          "center_point": [
            0.8926872844141779,
            0.4871539775299126,
            0.6200189926408166,
            0.9605704170945706,
            0.3585519590141263,
            0.6385259581672154
          ],
          "pool_idx": null,
          "avg_train_loss": null
        },
        {
          "iteration": 1,
          "seed": 43,
          "total_samples_seen": 192,
          "samples_added": 192,
          "mse_per_output": [
            0.022570677343597828,
            0.03467566456496508,
            0.00657524185264003
          ],
          "total_mse": 0.06382158376120294,
          "window_size": 1.0,
          "center_point": [
            0.8926872844141779,
            0.4871539775299126,
            0.6200189926408166,
            0.9605704170945706,
            0.3585519590141263,
            0.6385259581672154
          ],
          "pool_idx": 0,
          "avg_train_loss": 0.0958829703181982,
          "epoch_losses": [
            0.6077397664388021,
            0.4172503650188446,
            0.2741501082976659,
            0.16868117451667786,
            0.09979628026485443,
            0.06134300803144773,
            0.04581479107340177,
            0.045571111142635345,
            0.05094344541430473,
            0.054622908433278404,
            0.05348049973448118,
            0.04891046012441317,
            0.044046598176161446,
            0.03994626800219218,
            0.03790124754110972,
            0.03698627526561419,
            0.03694439306855202,
            0.036824011554320656,
            0.03623891000946363,
            0.03537203992406527,
            0.03433545927206675,
            0.03345479195316633,
            0.032759182155132294,
            0.03222732990980148,
            0.03173383263250192
          ]
        }
      ],
      [
        {
          "iteration": 0,
          "seed": 44,
          "total_samples_seen": 0,
          "samples_added": 0,
          "mse_per_output": [
            0.3548332321547772,
            0.8392907499184622,
            0.17462925389729853
          ],
          "total_mse": 1.3687532359705379,
          "window_size": 1.0,
          "center_point": [
            0.8926872844141779,
            0.4871539775299126,
            0.6200189926408166,
            0.9605704170945706,
            0.3585519590141263,
            0.6385259581672154
          ],
          "pool_idx": null,
          "avg_train_loss": null
        },
        {
          "iteration": 1,
          "seed": 44,
          "total_samples_seen": 192,
          "samples_added": 192,
          "mse_per_output": [
            0.014250215652162015,
            0.018336322774746693,
            0.005437963123073151
          ],
          "total_mse": 0.03802450154998186,
          "window_size": 1.0,
          "center_point": [
            0.8926872844141779,
            0.4871539775299126,
            0.6200189926408166,
            0.9605704170945706,
            0.3585519590141263,
            0.6385259581672154
          ],
          "pool_idx": 0,
          "avg_train_loss": 0.0992572678377231,
          "epoch_losses": [
            0.6114574273427328,
            0.4431690474351247,
            0.30789925654729206,
            0.20015645523866019,
            0.1226047823826472,
            0.0728926236430804,
            0.04797876129547755,
            0.041290039817492165,
            0.04530477523803711,
            0.05017775545517603,
            0.05134084199865659,
            0.048310741782188416,
            0.043150910486777626,
            0.03826457758744558,
            0.03565395871798197,
            0.034318712850411735,
            0.0341772697865963,
            0.03407109652956327,
            0.03365572107334932,
            0.032877215494712196,
            0.03196877551575502,
            0.03116076315442721,
            0.0303520734111468,
            0.02979659599562486,
            0.029401517162720364
          ]
        }
      ],
      [
        {
          "iteration": 0,
          "seed": 45,
          "total_samples_seen": 0,
          "samples_added": 0,
          "mse_per_output": [
            0.0441513038591516,
            0.2982806198069864,
            0.1865796656755518
          ],
          "total_mse": 0.5290115893416898,
          "window_size": 1.0,
          "center_point": [
            0.8926872844141779,
            0.4871539775299126,
            0.6200189926408166,
            0.9605704170945706,
            0.3585519590141263,
            0.6385259581672154
          ],