{
  "pipeline_name": "batch_training_bs64_ef400",
  "timestamp": "2025-10-27 10:17:51",
  "config": {
    "model_type": "NeuralNetModel",
    "model_params": "{'input_size': 6, 'output_size': 3, 'hidden_sizes': (64, 32), 'learning_rate': 0.001, 'model_name': 'batch_training_nn'}",
    "batch_size": 64,
    "num_epochs": 50,
    "num_seeds": 5,
    "eval_frequency": 400,
    "total_train_samples": 2000,
    "test_samples": 1
  },
  "data_info": {},
  "training_info": {},
  "evaluation": {},
  "raw_results": {
    "train_loss_per_seed": [
      [
        0.562321662902832,
        0.015971383079886436,
        0.011420570313930511,
        0.00547386147081852
      ],
      [
        0.6685663461685181,
        0.014542627148330212,
        0.012947404757142067,
        0.009611482731997967
      ],
      [
        0.5943470597267151,
        0.01694381982088089,
        0.009937746450304985,
        0.007374310400336981
      ],
      [
        0.4144424796104431,
        0.012269297614693642,
        0.008462494239211082,
        0.005144880153238773
      ],
      [
        0.6863694190979004,
        0.010984694585204124,
        0.006343222223222256,
        0.002643633633852005
      ]
    ],
    "total_mse_per_seed": [
      [
        1.030235657290292,
        0.012109609266747538,
        0.006218528268849761,
        0.00044819476608433726
      ],
      [
        1.067676641988339,
        0.010344512871319274,
        0.0038671469269498976,
        0.010386467210614956
      ],
      [
        1.0362169273382504,
        0.02280930282024955,
        0.01954288711179897,
        0.00037763228940707776
      ],
      [
        0.6069815578326436,
        0.012090412435330725,
        0.00022805369725167605,
        0.0013374897524484847
      ],
      [
        1.2611834317101256,
        0.00887171321560001,
        0.002853952783989122,
        0.005530738827803912
      ]
    ],
    "mse_per_output_per_seed": [
      [
        [
          0.2291137793582746,
          0.38070005074761776,
          0.4204218271843995
        ],
        [
          0.00012149419368188048,
          0.011584848518848405,
          0.00040326655421725043
        ],
        [
          0.00011931757255555574,
          0.0053907921163030255,
          0.00070841857999118
        ],
        [
          0.00020122953795285615,
          1.3656624925951757e-05,
          0.00023330860320552936
        ]
      ],
      [
        [
          0.7005788125758186,
          0.16160269089709603,
          0.20549513851542453
        ],
        [
          0.0002142657682904459,
          0.00954308868370206,
          0.000587158419326768
        ],
        [
          0.00120738689835996,
          0.0026205826857462165,
          3.9177342843721486e-05
        ],
        [
          4.616933713838979e-05,
          0.010080920008621803,
          0.00025937786485476206
        ]
      ],
      [
        [
          0.14965047263598316,
          0.4198061365725066,
          0.46676031812976065
        ],
        [
          0.0012038354876056099,
          0.020950129009923667,
          0.0006553383227202719
        ],
        [
          0.0011924756611302822,
          0.017952758075722202,
          0.00039765337494648975
        ],
        [
          0.00024692734618436576,
          1.894001262078069e-11,
          0.00013070492428269938
        ]
      ],
      [
        [
          0.1245874823481378,
          0.2972053437801635,
          0.1851887317043423
        ],
        [
          0.00015191984365393757,
          0.011732266207426824,
          0.00020622638424996464
        ],
        [
          5.345412823959989e-05,
          4.908638292690659e-05,
          0.00012551318608516957
        ],
        [
          0.00032510596173170855,
          0.0009672936696741143,
          4.509012104266189e-05
        ]
      ],
      [
        [
          0.5044115414746357,
          0.48453568521469736,
          0.27223620502079254
        ],
        [
          0.0008572869162915619,
          0.007543510329310827,
          0.00047091596999762094
        ],
        [
          0.00010682988940839616,
          0.002619527056548189,
          0.00012759583803253726
        ],
        [
          0.0006271489954400637,
          0.004653873330644434,
          0.00024971650171941415
        ]
      ]
    ]
  },
  "aggregated_results": {
    "batch_numbers": [
      0,
      400,
      800,
      1200
    ],
    "mean_train_loss": [
      0.5852093935012818,
      0.01414236444979906,
      0.00982228759676218,
      0.006049633678048849
    ],
    "std_train_loss": [
      0.04333608952015498,
      0.00099665299710076,
      0.0010254195142587413,
      0.0010429279165509817
    ],
    "mean_total_mse": [
      1.0004588432319301,
      0.013245110121849419,
      0.006542113757767885,
      0.003616104569271753
    ],
    "std_total_mse": [
      0.09580923063387868,
      0.002205779098828294,
      0.003031502259499802,
      0.001734578627232217
    ],
    "mean_mse_per_output": [
      [
        0.34166841767857,
        0.3487699814424162,
        0.31002044411094387
      ],
      [
        0.0005097604419046872,
        0.012270768549842357,
        0.00046458113010237526
      ],
      [
        0.0005358928299387588,
        0.0057265492634493076,
        0.00027967166437981966
      ],
      [
        0.00028931623568947685,
        0.0031431487305612635,
        0.00018363960302101337
      ]
    ],
    "std_mse_per_output": [
      [
        0.1003923435761764,
        0.04987524335363177,
        0.05086924341791978
      ],
      [
        0.0001968382579545312,
        0.002057950211190336,
        6.984562419679461e-05
      ],
      [
        0.00024268352651450793,
        0.0028363858335484207,
        0.00010999509330055255
      ],
      [
        8.581104278529836e-05,
        0.0017299989483530506,
        3.718466866660167e-05
      ]
    ],
    "initial_mean_mse": 1.0004588432319301,
    "initial_std_mse": 0.09580923063387868,
    "final_mean_mse": 0.003616104569271753,
    "final_std_mse": 0.001734578627232217
  },
  "execution_time_seconds": 9.998719
}