{
  "pipeline_name": "batch_training_bs64_ef400",
  "timestamp": "2025-10-27 11:12:45",
  "config": {
    "model_type": "NeuralNetModel",
    "model_params": "{'input_size': 6, 'output_size': 3, 'hidden_sizes': (64, 32), 'learning_rate': 0.001, 'model_name': 'batch_training_nn'}",
    "batch_size": 64,
    "num_epochs": 10,
    "num_seeds": 5,
    "eval_frequency": 400,
    "total_train_samples": 2000,
    "test_samples": 1
  },
  "data_info": {},
  "training_info": {},
  "evaluation": {},
  "raw_results": {
    "train_loss_per_seed": [
      [
        0.36634737253189087
      ],
      [
        0.31685978174209595
      ],
      [
        0.42882221937179565
      ],
      [
        0.7296569347381592
      ],
      [
        0.45582565665245056
      ]
    ],
    "total_mse_per_seed": [
      [
        0.7179850624378737
      ],
      [
        0.5720351304701782
      ],
      [
        0.8126334888344604
      ],
      [
        1.5293421987986615
      ],
      [
        1.0563031935119072
      ]
    ],
    "mse_per_output_per_seed": [
      [
        [
          0.11699192217624811,
          0.4184065146496759,
          0.18258662561194974
        ]
      ],
      [
        [
          0.26062208309520646,
          0.05421896669805962,
          0.2571940806769121
        ]
      ],
      [
        [
          0.21798362590198475,
          0.38408540931103635,
          0.21056445362143925
        ]
      ],
      [
        [
          0.43043606537934537,
          0.1662074821773307,
          0.9326986512419855
        ]
      ],
      [
        [
          0.14006914662705688,
          0.32236035859401163,
          0.5938736882908388
        ]
      ]
    ]
  },
  "aggregated_results": {
    "batch_numbers": [
      0
    ],
    "mean_train_loss": [
      0.45950239300727846
    ],
    "std_train_loss": [
      0.06417570887825651
    ],
    "mean_total_mse": [
      0.9376598148106161
    ],
    "std_total_mse": [
      0.14989786971769828
    ],
    "mean_mse_per_output": [
      [
        0.23322056863596835,
        0.26905574628602286,
        0.4353834998886251
      ]
    ],
    "std_mse_per_output": [
      [
        0.049824991823146925,
        0.06168029324627602,
        0.1294052289380822
      ]
    ],
    "initial_mean_mse": 0.9376598148106161,
    "initial_std_mse": 0.14989786971769828,
    "final_mean_mse": 0.9376598148106161,
    "final_std_mse": 0.14989786971769828
  },
  "execution_time_seconds": 2.109237
}