{
  "pipeline_name": "batch_training_bs64_ef400",
  "timestamp": "2025-10-27 11:12:51",
  "config": {
    "model_type": "NeuralNetModel",
    "model_params": "{'input_size': 6, 'output_size': 3, 'hidden_sizes': (64, 32), 'learning_rate': 0.001, 'model_name': 'batch_training_nn'}",
    "batch_size": 64,
    "num_epochs": 10,
    "num_seeds": 5,
    "eval_frequency": 400,
    "total_train_samples": 2000,
    "test_samples": 1
  },
  "data_info": {},
  "training_info": {},
  "evaluation": {},
  "raw_results": {
    "train_loss_per_seed": [
      [
        0.5366476774215698
      ],
      [
        0.5484217405319214
      ],
      [
        0.6146492958068848
      ],
      [
        0.41093701124191284
      ],
      [
        0.2258213758468628
      ]
    ],
    "total_mse_per_seed": [
      [
        0.8925763605981238
      ],
      [
        0.8299147741566673
      ],
      [
        1.0135722602104864
      ],
      [
        0.5785552323781793
      ],
      [
        0.186152893326059
      ]
    ],
    "mse_per_output_per_seed": [
      [
        [
          0.2521809368973796,
          0.2056378019065822,
          0.43475762179416205
        ]
      ],
      [
        [
          0.22095249189288857,
          0.3916220920953151,
          0.21734019016846357
        ]
      ],
      [
        [
          0.669857637440436,
          0.1357859954442034,
          0.20792862732584685
        ]
      ],
      [
        [
          0.2742174220113366,
          0.17485783902949692,
          0.12947997133734582
        ]
      ],
      [
        [
          0.044844022645202174,
          0.13018431458305235,
          0.01112455609780447
        ]
      ]
    ]
  },
  "aggregated_results": {
    "batch_numbers": [
      0
    ],
    "mean_train_loss": [
      0.46729542016983033
    ],
    "std_train_loss": [
      0.0615110931280664
    ],
    "mean_total_mse": [
      0.7001543041339031
    ],
    "std_total_mse": [
      0.1313131565609447
    ],
    "mean_mse_per_output": [
      [
        0.2924105021774486,
        0.20761760861173,
        0.20012619334472453
      ]
    ],
    "std_mse_per_output": [
      [
        0.09182835183724215,
        0.042937381268126976,
        0.0620069720095517
      ]
    ],
    "initial_mean_mse": 0.7001543041339031,
    "initial_std_mse": 0.1313131565609447,
    "final_mean_mse": 0.7001543041339031,
    "final_std_mse": 0.1313131565609447
  },
  "execution_time_seconds": 2.086989
}