{
  "pipeline_name": "batch_training_bs64_ef400",
  "timestamp": "2025-10-27 11:12:49",
  "config": {
    "model_type": "NeuralNetModel",
    "model_params": "{'input_size': 6, 'output_size': 3, 'hidden_sizes': (64, 32), 'learning_rate': 0.001, 'model_name': 'batch_training_nn'}",
    "batch_size": 64,
    "num_epochs": 10,
    "num_seeds": 5,
    "eval_frequency": 400,
    "total_train_samples": 2000,
    "test_samples": 1
  },
  "data_info": {},
  "training_info": {},
  "evaluation": {},
  "raw_results": {
    "train_loss_per_seed": [
      [
        0.4598711133003235
      ],
      [
        0.41334861516952515
      ],
      [
        0.7265421748161316
      ],
      [
        0.3059317469596863
      ],
      [
        0.3568389117717743
      ]
    ],
    "total_mse_per_seed": [
      [
        0.7170451463586467
      ],
      [
        0.6014090395098128
      ],
      [
        1.2136965247265465
      ],
      [
        0.34753884844201144
      ],
      [
        0.48520819833351886
      ]
    ],
    "mse_per_output_per_seed": [
      [
        [
          0.05004269751012558,
          0.23364742711579822,
          0.4333550217327229
        ]
      ],
      [
        [
          0.26092007308991094,
          0.14420354255589296,
          0.19628542386400888
        ]
      ],
      [
        [
          0.5242870505244959,
          0.26749803899642116,
          0.42191143520562946
        ]
      ],
      [
        [
          0.08477319247474058,
          0.19621348044619769,
          0.06655217552107318
        ]
      ],
      [
        [
          0.1661143045553013,
          0.14976986076931653,
          0.16932403300890103
        ]
      ]
    ]
  },
  "aggregated_results": {
    "batch_numbers": [
      0
    ],
    "mean_train_loss": [
      0.45250651240348816
    ],
    "std_train_loss": [
      0.06551933278403442
    ],
    "mean_total_mse": [
      0.6729795514741073
    ],
    "std_total_mse": [
      0.1327567237090327
    ],
    "mean_mse_per_output": [
      [
        0.21722746363091483,
        0.1982664699767253,
        0.25748561786646706
      ]
    ],
    "std_mse_per_output": [
      [
        0.0759742243200043,
        0.02128262978952046,
        0.06509666806229701
      ]
    ],
    "initial_mean_mse": 0.6729795514741073,
    "initial_std_mse": 0.1327567237090327,
    "final_mean_mse": 0.6729795514741073,
    "final_std_mse": 0.1327567237090327
  },
  "execution_time_seconds": 1.970677
}