{
  "pipeline_name": "batch_training_bs64_ef400",
  "timestamp": "2025-10-27 11:16:36",
  "config": {
    "model_type": "NeuralNetModel",
    "model_params": "{'input_size': 6, 'output_size': 3, 'hidden_sizes': (64, 32), 'learning_rate': 0.001, 'model_name': 'batch_training_nn'}",
    "batch_size": 64,
    "num_epochs": 100,
    "num_seeds": 5,
    "eval_frequency": 400,
    "total_train_samples": 2000,
    "test_samples": 1
  },
  "data_info": {},
  "training_info": {},
  "evaluation": {},
  "raw_results": {
    "train_loss_per_seed": [
      [
        0.3358718156814575,
        0.01136597990989685,
        0.008927805349230766,
        0.004769167862832546,
        0.002615401055663824,
        0.0013192150508984923,
        0.0015275615733116865,
        0.0008488703751936555
      ],
      [
        0.20464932918548584,
        0.012438639998435974,
        0.009038260206580162,
        0.0038306675851345062,
        0.002093841787427664,
        0.0012022728333249688,
        0.0008352154400199652,
        0.0006803616415709257
      ],
      [
        0.38973480463027954,
        0.013705803081393242,
        0.007731790654361248,
        0.006439577788114548,
        0.003036116948351264,
        0.001693332102149725,
        0.0015681954100728035,
        0.0007587684085592628
      ],
      [
        0.373919814825058,
        0.010394505225121975,
        0.006033557467162609,
        0.0034204311668872833,
        0.0013810403179377317,
        0.001090244622901082,
        0.0008601389708928764,
        0.0006779089453630149
      ],
      [
        0.18945114314556122,
        0.013384426943957806,
        0.007954433560371399,
        0.00714905746281147,
        0.00205671857111156,
        0.0018323831027373672,
        0.0007124272524379194,
        0.0013496759347617626
      ]
    ],
    "total_mse_per_seed": [
      [
        0.6306944919981908,
        0.0015905915589653496,
        0.0005975507748445433,
        0.0003270012158744427,
        0.0018759129459652677,
        0.00154043587039424,
        0.001332385897182104,
        0.0008757639984270242
      ],
      [
        0.30154990415703287,
        0.0014415306720677733,
        0.00044136466871994126,
        0.001108515054577773,
        0.0043968179892533085,
        0.0013376714758386722,
        0.001823136771748473,
        0.000688600488879472
      ],
      [
        0.7300900947433309,
        0.0013493184903172963,
        0.0023842203507125105,
        0.0009866580215158118,
        0.0015122839741974411,
        0.0018430524941126893,
        0.0005003829592340168,
        0.0022468315507703186
      ],
      [
        0.6005181210354941,
        0.0007235562727049825,
        0.00046475846780838015,
        0.0006918742045389152,
        0.0008728258289788706,
        0.0034452948314625045,
        0.0005200962663663994,
        0.00034343549309230154
      ],
      [
        0.3371930217060476,
        0.002481164616242413,
        0.00219433854096459,
        0.009715900754302825,
        0.0013706956944860812,
        0.0030174618697349194,
        0.001379176427902639,
        0.0011979590177062277
      ]
    ],
    "mse_per_output_per_seed": [
      [
        [
          0.4043037758944428,
          0.13879094050160892,
          0.08759977560213918
        ],
        [
          0.0003280355943539936,
          0.000963885276056308,
          0.000298670688555048
        ],
        [
          0.0002548784419506078,
          0.00022138760387649872,
          0.00012128472901743687
        ],
        [
          0.0002468447929426647,
          6.116964530421882e-07,
          7.954472647873587e-05
        ],
        [
          0.0005853087602786289,
          0.0012721770004928232,
          1.84271851938155e-05
        ],
        [
          0.0007632170252404759,
          0.0004965404914815237,
          0.00028067835367224023
        ],
        [
          0.0007457515287864231,
          0.0004904206104684307,
          9.621375792725019e-05
        ],
        [
          0.000549525390091983,
          0.00011377764633253363,
          0.00021246096200250767
        ]
      ],
      [
        [
          0.15816738340726402,
          0.11703063760635521,
          0.026351883143413617
        ],
        [
          0.00043674765736376246,
          0.0008575452341349307,
          0.00014723778056908033
        ],
        [
          0.000100728057290788,
          1.5725103857785036e-05,
          0.00032491150757136823
        ],
        [
          0.0007755206647148244,
          9.429116094109985e-05,
          0.00023870322892184878
        ],
        [
          0.0013238109149745602,
          0.0027653387166415673,
          0.00030766835763718054
        ],
        [
          0.0008739461395708741,
          0.0003713510822078099,
          9.237425405998822e-05
        ],
        [
          0.0006809500814097998,
          0.0009213264280034118,
          0.0002208602623352613
        ],
        [
          0.0003907002689430327,
          0.000293059562225436,
          4.840657711003328e-06
        ]
      ],
      [
        [
          0.27207876090430255,
          0.13510423664089682,
          0.32290709719813143
        ],
        [
          0.00012728440891831316,
          0.0008201314781208277,
          0.0004019026032781554
        ],
        [
          9.845229846027877e-05,
          0.002079841560647061,
          0.0002059264916051705
        ],
        [
          1.2905474953455907e-05,
          0.0008160220785015145,
          0.00015773046806084138
        ],
        [
          0.000542153243326302,
          0.0008756247011059056,
          9.450602976523346e-05
        ],
        [
          0.0004676779927234496,
          0.0012883256484482037,
          8.70488529410361e-05
        ],
        [
          0.00024808998638294944,
          0.00015272021109178282,
          9.957276175928455e-05
        ],
        [
          0.00042222411728664493,
          0.0017179308663571769,
          0.00010667656712649683
        ]
      ],
      [
        [
          0.23258641531383567,
          0.12017964100557285,
          0.24775206471608555
        ],
        [
          2.5772469192998178e-05,
          0.0003858076737394563,
          0.00031197612977252806
        ],
        [
          1.6000788244250864e-06,
          1.9734667985364458e-05,
          0.0004434237209985906
        ],
        [
          0.00017414330213169437,
          0.0002768975208483602,
          0.00024083338155886057
        ],
        [
          0.0004874918191163257,
          2.5320233265678547e-05,
          0.0003600137765968663
        ],
        [
          0.0008031538759328193,
          0.0024693093761488866,
          0.00017283157938079846
        ],
        [
          0.00016375978874696024,
          0.00027945891170537456,
          7.68775659140646e-05
        ],
        [
          0.0002466612796951898,
          1.3688750947284763e-05,
          8.308546244982698e-05
        ]
      ],
      [
        [
          0.09822728304441987,
          0.06999947202151416,
          0.16896626664011352
        ],
        [
          0.0002895618707742566,
          0.0007294025004934466,
          0.0014622002449747099
        ],
        [
          3.8702865880322815e-05,
          0.0019288383405931134,
          0.00022679733449115373
        ],
        [
          6.000041788580746e-05,
          0.009537710980689078,
          0.00011818935572793942
        ],
        [
          0.0005664117713014669,
          0.0006499425850934208,
          0.00015434133809119342
        ],
        [
          0.0011960800723208505,
          0.0015176797238907638,
          0.0003037020735233049
        ],
        [
          0.0004720346061957361,
          0.0007362309526594219,
          0.0001709108690474811
        ],
        [
          0.00034758845909091835,
          0.0007837691014840554,
