{
  "pipeline_name": "batch_training_bs64_ef400",
  "timestamp": "2025-10-27 11:17:15",
  "config": {
    "model_type": "NeuralNetModel",
    "model_params": "{'input_size': 6, 'output_size': 3, 'hidden_sizes': (64, 32), 'learning_rate': 0.001, 'model_name': 'batch_training_nn'}",
    "batch_size": 64,
    "num_epochs": 100,
    "num_seeds": 5,
    "eval_frequency": 400,
    "total_train_samples": 2000,
    "test_samples": 1
  },
  "data_info": {},
  "training_info": {},
  "evaluation": {},
  "raw_results": {
    "train_loss_per_seed": [
      [
        0.6534804105758667,
        0.01369425468146801,
        0.009114407002925873,
        0.0071708401665091515,
        0.0022875843569636345,
        0.0020572214853018522,
        0.0005583048914559186,
        0.0008176692062988877
      ],
      [
        0.38203078508377075,
        0.014664173126220703,
        0.009953614324331284,
        0.007556690834462643,
        0.0042806630954146385,
        0.002522475551813841,
        0.001356754801236093,
        0.0017776646418496966
      ],
      [
        0.3377186059951782,
        0.008489941246807575,
        0.006076904945075512,
        0.0014261726755648851,
        0.0009957229485735297,
        0.0006530135869979858,
        0.0007527784327976406,
        0.0005359078058972955
      ],
      [
        0.2987916171550751,
        0.008762834593653679,
        0.007890932261943817,
        0.0050493814051151276,
        0.001769303809851408,
        0.0008507202146574855,
        0.0007828803500160575,
        0.0006236197659745812
      ],
      [
        0.4746433198451996,
        0.011808793060481548,
        0.008349837735295296,
        0.003219211008399725,
        0.0017751356353983283,
        0.0012326773721724749,
        0.0010360534070059657,
        0.0007666198071092367
      ]
    ],
    "total_mse_per_seed": [
      [
        1.1547450493099096,
        0.028421445093073316,
        0.009644293355396627,
        0.003969075306105907,
        0.0005329809364589266,
        0.0023849505497608448,
        0.0006085223909835236,
        8.500306165615257e-05
      ],
      [
        0.5915741797691247,
        0.016644009975244956,
        0.008744153195657134,
        0.004343533287045176,
        0.0027817976151176538,
        0.00615622411677208,
        0.0012625424334125057,
        0.0025269558001248527
      ],
      [
        0.3761814770521528,
        0.017462156064912193,
        0.0013290113131390058,
        0.0010241058371294187,
        0.002040678144759056,
        6.037227560184988e-05,
        0.002415409393080381,
        2.600582785294847e-05
      ],
      [
        0.3757987844716815,
        0.016319076542675504,
        0.004314454109941579,
        0.0013155346694340153,
        0.0022070281030508454,
        0.0022702299307084672,
        0.001409905522201882,
        0.001412835408888924
      ],
      [
        0.7771475637940439,
        0.01748795384228785,
        0.008695413377616035,
        0.0014165182823582256,
        0.0006022501101980993,
        0.0010308171691839618,
        0.0002025501988391909,
        0.000613744302633279
      ]
    ],
    "mse_per_output_per_seed": [
      [
        [
          0.5458422459241916,
          0.2709473354083658,
          0.3379554679773522
        ],
        [
          0.0004884034832599582,
          0.027561306487896786,
          0.0003717351219165721
        ],
        [
          0.0013681929881528276,
          0.008246272232113938,
          2.9828135129861266e-05
        ],
        [
          0.0009272887954381304,
          0.003033057540680062,
          8.728969987714663e-06
        ],
        [
          0.0002881278771980078,
          7.431816829139848e-05,
          0.00017053489096952035
        ],
        [
          0.00014648600643241139,
          0.002226013981498909,
          1.2450561829524531e-05
        ],
        [
          2.6549840335121644e-06,
          0.0005836982887252873,
          2.2169118224724116e-05
        ],
        [
          2.2093969676006964e-05,
          4.095833497785861e-05,
          2.195075700228699e-05
        ]
      ],
      [
        [
          0.2592367253291208,
          0.3162241039380922,
          0.01611335050191176
        ],
        [
          0.00013608164681855328,
          0.016507911258120345,
          1.707030605757609e-08
        ],
        [
          0.0030651013057401144,
          0.0056646482971842715,
          1.4403592732747938e-05
        ],
        [
          0.0005042286705112531,
          0.003821450837278917,
          1.7853779255005975e-05
        ],
        [
          0.00030728502554566717,
          0.002442230270617074,
          3.2282318954912625e-05
        ],
        [
          0.0004058257887642469,
          0.0057494360195029515,
          9.623085048815483e-07
        ],
        [
          0.0001016865196881156,
          0.0011512168339891105,
          9.639079735279665e-06
        ],
        [
          0.0001406259788296893,
          0.0023854257753761487,
          9.040459190146066e-07
        ]
      ],
      [
        [
          0.137967292311175,
          0.06180839409029559,
          0.17640579065068224
        ],
        [
          0.0003687257276396849,
          0.017052664033517573,
          4.076630375493551e-05
        ],
        [
          0.0003534362779333833,
          0.0009542613216559914,
          2.1313713549631075e-05
        ],
        [
          0.0002555644401844859,
          0.0007568289195347688,
          1.1712477410164013e-05
        ],
        [
          0.0001852111553013458,
          0.0018553140101609245,
          1.5297929678581568e-07
        ],
        [
          2.113906123568654e-05,
          3.65288599368796e-05,
          2.7043544292837396e-06
        ],
        [
          0.0001599866382093751,
          0.0022216178951026677,
          3.380485976833825e-05
        ],
        [
          6.3881316805236565e-06,
          7.042126561884743e-07,
          1.891348351623634e-05
        ]
      ],
      [
        [
          0.15049648168181,
          0.20772250400229098,
          0.017579798787580536
        ],
        [
          0.00021812212311544954,
          0.016000955802383032,
          9.999861717702174e-05
        ],
        [
          0.0001401640941232074,
          0.0040977333986838005,
          7.655661713457107e-05
        ],
        [
          0.00010084439395896538,
          0.0012101892258584712,
          4.501049616578712e-06
        ],
        [
          9.707466830377598e-05,
          0.0021075256811720067,
          2.427753575062752e-06
        ],
        [
          0.0003289326798494585,
          0.0018868406400862625,
          5.445661077274622e-05
        ],
        [
          9.304496643380844e-06,
          0.0013935356940386612,
          7.065331519839901e-06
        ],
        [
          0.00016385928035234087,
          0.0012093765452760863,
          3.959958326049673e-05
        ]
      ],
      [
        [
          0.19531251307107333,
          0.36691796390723486,
          0.2149170868157358
        ],
        [
          0.00041314944434489576,
          0.016543556381609648,
          0.0005312480163333078
        ],
        [
          0.0001250693455610019,
          0.008251577469820859,
          0.000318766562234174
        ],
        [
          0.0003781359226628922,
          0.0009894795366562903,
          4.890282303904314e-05
        ],
        [
          3.897641876449143e-05,
          0.0005631232658096508,
          1.5042562395706227e-07
        ],
        [
          0.0001067302771531331,
          0.0008951446867264679,
          2.894220530436087e-05
        ],
        [
          2.9860697171812944e-05,
          0.00014661733126786203,
          2.6072170399515926e-05
        ],
        [
          0.00017274009428547288,
          0.00041917559574145,
          2.1828612606356046e-05
        ]
