{
  "pipeline_name": "batch_training_bs64_ef400",
  "timestamp": "2025-10-27 11:16:16",
  "config": {
    "model_type": "NeuralNetModel",
    "model_params": "{'input_size': 6, 'output_size': 3, 'hidden_sizes': (64, 32), 'learning_rate': 0.001, 'model_name': 'batch_training_nn'}",
    "batch_size": 64,
    "num_epochs": 100,
    "num_seeds": 5,
    "eval_frequency": 400,
    "total_train_samples": 2000,
    "test_samples": 1
  },
  "data_info": {},
  "training_info": {},
  "evaluation": {},
  "raw_results": {
    "train_loss_per_seed": [
      [
        0.6952394247055054,
        0.016571898013353348,
        0.012252220883965492,
        0.006973491050302982,
        0.0025223991833627224,
        0.0019500406924635172,
        0.001231607049703598,
        0.0016802310710772872
      ],
      [
        0.5011948347091675,
        0.013421977870166302,
        0.010352198965847492,
        0.005190063267946243,
        0.002260315464809537,
        0.0015852737706154585,
        0.0012523625046014786,
        0.0009347164304926991
      ],
      [
        0.6491368412971497,
        0.013194899074733257,
        0.006290023680776358,
        0.003135040868073702,
        0.001574626425281167,
        0.0011888871667906642,
        0.000694537942763418,
        0.0006585397059097886
      ],
      [
        0.5444860458374023,
        0.012686064466834068,
        0.00812374148517847,
        0.003201888408511877,
        0.0016722290311008692,
        0.0008531372295692563,
        0.0008746315725147724,
        0.0005105888121761382
      ],
      [
        0.44425225257873535,
        0.012308785691857338,
        0.00788615457713604,
        0.004848608747124672,
        0.0022353471722453833,
        0.0014644282637163997,
        0.0008056941442191601,
        0.0008210468804463744
      ]
    ],
    "total_mse_per_seed": [
      [
        1.3423078294913293,
        0.013241693742781073,
        0.0093038554616877,
        0.00040642544326715207,
        0.004282927410367002,
        0.0022504340742694915,
        0.002603589943856976,
        0.0020904709593928678
      ],
      [
        0.7383851440818614,
        0.012477212740617302,
        0.003012594512391187,
        0.008291749794963051,
        0.001368529628217181,
        0.0018261464153503102,
        0.0015674046994672752,
        0.0003814005272983672
      ],
      [
        1.1609984860138765,
        0.013767935047550035,
        0.0038877086565257523,
        0.00026063525493440567,
        0.00544298145765563,
        0.0007716908677919654,
        0.002560242845184007,
        0.00023700690526350636
      ],
      [
        0.9813552718813996,
        0.016739780424740513,
        0.0017121377035282828,
        0.002213063773317555,
        0.003911376989014398,
        0.0006225043727060197,
        0.0005153980845956572,
        5.9869631743146936e-05
      ],
      [
        0.6951208309342856,
        0.012924255933958005,
        0.005203365592579946,
        0.0024805279493826196,
        0.0023974737999110547,
        0.0025359141169650212,
        0.0004952763663365158,
        0.000324363517289531
      ]
    ],
    "mse_per_output_per_seed": [
      [
        [
          0.9315622838933754,
          0.0930883618588788,
          0.31765718373907514
        ],
        [
          0.0001416851868145655,
          0.012779719192426962,
          0.00032028936353954593
        ],
        [
          0.00044275744959775605,
          0.00872745750879111,
          0.00013364050329883387
        ],
        [
          0.0003487074412546351,
          1.4015731481786174e-07,
          5.757784469769909e-05
        ],
        [
          0.0007197246773748368,
          0.0034843081566745273,
          7.889457631763814e-05
        ],
        [
          0.00047922326356228807,
          0.0017003570958355652,
          7.085371487163829e-05
        ],
        [
          0.0005462803971542161,
          0.0020030510170639905,
          5.4258529638769184e-05
        ],
        [
          0.00040326233642570743,
          0.0015963368680440627,
          9.08717549230979e-05
        ]
      ],
      [
        [
          0.08146031128234621,
          0.4870927776634845,
          0.16983205513603064
        ],
        [
          3.832176533979502e-07,
          0.0122512329868788,
          0.00022559653608510342
        ],
        [
          0.0013418068650682287,
          0.0012168210260537513,
          0.000453966621269207
        ],
        [
          0.0011469490221265334,
          0.007104296162048559,
          4.0504610787959114e-05
        ],
        [
          0.0005199442112694576,
          0.0006456769655832717,
          0.00020290845136445164
        ],
        [
          0.00020955782997596003,
          0.0015360891869787752,
          8.049939839557493e-05
        ],
        [
          0.0006487730424934658,
          0.0007550032866943796,
          0.00016362837027942984
        ],
        [
          0.00016183885385953844,
          0.00012643285558183867,
          9.312881785699008e-05
        ]
      ],
      [
        [
          0.08226189298334859,
          0.2685514055615869,
          0.8101851874689411
        ],
        [
          0.0002203936561465085,
          0.012834059381457957,
          0.0007134820099455707
        ],
        [
          3.232355667859047e-05,
          0.003660873282436335,
          0.00019451181741082693
        ],
        [
          0.00014504225068342333,
          1.528465103649302e-05,
          0.00010030835321448934
        ],
        [
          0.0007670026824718395,
          0.004427460809522135,
          0.0002485179656616547
        ],
        [
          0.0003551255533119453,
          0.0001503270637767153,
          0.0002662382507033048
        ],
        [
          0.0003524058098055568,
          0.002027770410037897,
          0.00018006662534055337
        ],
        [
          0.00012864999675934641,
          2.5322244392972167e-05,
          8.303466411118776e-05
        ]
      ],
      [
        [
          0.06881128470587987,
          0.2245954381858009,
          0.6879485489897188
        ],
        [
          0.0007579504825776638,
          0.015083981051722617,
          0.0008978488904402317
        ],
        [
          1.3320913520272934e-06,
          0.0006803037991130591,
          0.0010305018130631965
        ],
        [
          0.0004198271753227525,
          0.001724192423298035,
          6.904417469676744e-05
        ],
        [
          0.0007003641812975379,
          0.0030413615803766563,
          0.00016965122734020435
        ],
        [
          2.870340002845203e-05,
          0.0004784644771722351,
          0.0001153364955053325
        ],
        [
          0.0002400301991294547,
          3.795539275522145e-05,
          0.00023741249271098103
        ],
        [
          4.252150049009743e-06,
          1.5782550779190176e-06,
          5.403922661621818e-05
        ]
      ],
      [
        [
          0.21148696466987496,
          0.3935612773639043,
          0.09007258890050623
        ],
        [
          0.0005331121716547663,
          0.012174875769845503,
          0.00021626799245773657
        ],
        [
          0.00023401424057063218,
          0.004870020820165131,
          9.933053184418267e-05
        ],
        [
          0.00026519521057220233,
          0.0020235908267302863,
          0.00019174191208013114
        ],
        [
          0.00046698495562982526,
          0.0017005438953283684,
          0.000229944948952861
        ],
        [
          0.0002663593247482562,
          0.0022065457059190856,
          6.300908629767923e-05
        ],
        [
          0.0002839421348213912,
          0.00015639127309135823,
          5.494295842376639e-05
        ],
        [
          4.1169833814710316e-05,
          0.00021895036265294642,
          6.424332082187432e-05
        ]
