{
  "pipeline_name": "batch_training_bs64_ef400",
  "timestamp": "2025-10-27 11:13:32",
  "config": {
    "model_type": "NeuralNetModel",
    "model_params": "{'input_size': 6, 'output_size': 3, 'hidden_sizes': (64, 32), 'learning_rate': 0.001, 'model_name': 'batch_training_nn'}",
    "batch_size": 64,
    "num_epochs": 10,
    "num_seeds": 5,
    "eval_frequency": 400,
    "total_train_samples": 2000,
    "test_samples": 1
  },
  "data_info": {},
  "training_info": {},
  "evaluation": {},
  "raw_results": {
    "train_loss_per_seed": [
      [
        0.6011689901351929
      ],
      [
        0.3083448112010956
      ],
      [
        0.7955428957939148
      ],
      [
        0.4390728175640106
      ],
      [
        0.5585880279541016
      ]
    ],
    "total_mse_per_seed": [
      [
        0.9626425659647033
      ],
      [
        0.37209976426001207
      ],
      [
        1.4404111228351744
      ],
      [
        0.5664134686816478
      ],
      [
        1.0068443112694963
      ]
    ],
    "mse_per_output_per_seed": [
      [
        [
          0.28592346326106355,
          0.4609057742262315,
          0.21581332847740817
        ]
      ],
      [
        [
          0.07083631349626497,
          0.03262665078799814,
          0.26863679997574896
        ]
      ],
      [
        [
          0.29183457809329166,
          0.4296868589429115,
          0.7188896857989713
        ]
      ],
      [
        [
          0.061950340677582885,
          0.2799440144873837,
          0.22451911351668122
        ]
      ],
      [
        [
          0.249224934176015,
          0.4791876073712973,
          0.2784317697221839
        ]
      ]
    ]
  },
  "aggregated_results": {
    "batch_numbers": [
      0
    ],
    "mean_train_loss": [
      0.540543508529663
    ],
    "std_train_loss": [
      0.07300363754565545
    ],
    "mean_total_mse": [
      0.8696822466022068
    ],
    "std_total_mse": [
      0.16646282245848976
    ],
    "mean_mse_per_output": [
      [
        0.1919539259408436,
        0.3364701811631644,
        0.3412581394981987
      ]
    ],
    "std_mse_per_output": [
      [
        0.04632787291833056,
        0.07484862805706648,
        0.08513307165935816
      ]
    ],
    "initial_mean_mse": 0.8696822466022068,
    "initial_std_mse": 0.16646282245848976,
    "final_mean_mse": 0.8696822466022068,
    "final_std_mse": 0.16646282245848976
  },
  "execution_time_seconds": 1.887391
}