{
  "pipeline_name": "batch_training_bs64_ef400",
  "timestamp": "2025-10-27 11:13:34",
  "config": {
    "model_type": "NeuralNetModel",
    "model_params": "{'input_size': 6, 'output_size': 3, 'hidden_sizes': (64, 32), 'learning_rate': 0.001, 'model_name': 'batch_training_nn'}",
    "batch_size": 64,
    "num_epochs": 10,
    "num_seeds": 5,
    "eval_frequency": 400,
    "total_train_samples": 2000,
    "test_samples": 1
  },
  "data_info": {},
  "training_info": {},
  "evaluation": {},
  "raw_results": {
    "train_loss_per_seed": [
      [
        0.38090285658836365
      ],
      [
        0.608108639717102
      ],
      [
        0.6394497156143188
      ],
      [
        0.4867210388183594
      ],
      [
        0.441569983959198
      ]
    ],
    "total_mse_per_seed": [
      [
        0.5892497831522702
      ],
      [
        1.046726228317038
      ],
      [
        1.0475251130495815
      ],
      [
        0.7989959223665735
      ],
      [
        0.6576324543164769
      ]
    ],
    "mse_per_output_per_seed": [
      [
        [
          0.20370928627048152,
          0.24444517008535674,
          0.14109532679643189
        ]
      ],
      [
        [
          0.4747217536728989,
          0.2522680783702907,
          0.3197363962738484
        ]
      ],
      [
        [
          0.7501423454097136,
          0.09211011336516606,
          0.20527265427470187
        ]
      ],
      [
        [
          0.4492685792685771,
          0.22804638834501767,
          0.12168095475297869
        ]
      ],
      [
        [
          0.3049309010720178,
          0.14810122666267334,
          0.20460032658178579
        ]
      ]
    ]
  },
  "aggregated_results": {
    "batch_numbers": [
      0
    ],
    "mean_train_loss": [
      0.5113504469394684
    ],
    "std_train_loss": [
      0.043938167959609746
    ],
    "mean_total_mse": [
      0.828025900240388
    ],
    "std_total_mse": [
      0.08553372154783107
    ],
    "mean_mse_per_output": [
      [
        0.4365545731387378,
        0.1929941953657009,
        0.19847713173594933
      ]
    ],
    "std_mse_per_output": [
      [
        0.08282448652536475,
        0.027987303463367367,
        0.03096953742972829
      ]
    ],
    "initial_mean_mse": 0.828025900240388,
    "initial_std_mse": 0.08553372154783107,
    "final_mean_mse": 0.828025900240388,
    "final_std_mse": 0.08553372154783107
  },
  "execution_time_seconds": 1.913625
}