{
  "pipeline_name": "batch_training_bs64_ef400",
  "timestamp": "2025-10-27 11:13:36",
  "config": {
    "model_type": "NeuralNetModel",
    "model_params": "{'input_size': 6, 'output_size': 3, 'hidden_sizes': (64, 32), 'learning_rate': 0.001, 'model_name': 'batch_training_nn'}",
    "batch_size": 64,
    "num_epochs": 10,
    "num_seeds": 5,
    "eval_frequency": 400,
    "total_train_samples": 2000,
    "test_samples": 1
  },
  "data_info": {},
  "training_info": {},
  "evaluation": {},
  "raw_results": {
    "train_loss_per_seed": [
      [
        0.48808643221855164
      ],
      [
        0.5867379903793335
      ],
      [
        0.6218791007995605
      ],
      [
        0.41844964027404785
      ],
      [
        0.43257951736450195
      ]
    ],
    "total_mse_per_seed": [
      [
        0.7375732521063615
      ],
      [
        0.9584667579999269
      ],
      [
        1.0411021841686936
      ],
      [
        0.6829860729833649
      ],
      [
        0.6076459855165499
      ]
    ],
    "mse_per_output_per_seed": [
      [
        [
          0.417295943888775,
          0.25416623945544276,
          0.06611106876214363
        ]
      ],
      [
        [
          0.455421346137323,
          0.3959649988515367,
          0.10708041301106713
        ]
      ],
      [
        [
          0.11673011894657315,
          0.4401765605889228,
          0.4841955046331977
        ]
      ],
      [
        [
          0.45941391789072766,
          0.02620434297891683,
          0.19736781211372037
        ]
      ],
      [
        [
          0.392740307538381,
          0.03780318963721284,
          0.17710248834095607
        ]
      ]
    ]
  },
  "aggregated_results": {
    "batch_numbers": [
      0
    ],
    "mean_train_loss": [
      0.5095465362071991
    ],
    "std_train_loss": [
      0.036474773839735776
    ],
    "mean_total_mse": [
      0.8055548505549794
    ],
    "std_total_mse": [
      0.0742097351119948
    ],
    "mean_mse_per_output": [
      [
        0.368320326880356,
        0.2308630663024064,
        0.206371457372217
      ]
    ],
    "std_mse_per_output": [
      [
        0.0573331349652625,
        0.07765851760400011,
        0.06562183402372783
      ]
    ],
    "initial_mean_mse": 0.8055548505549794,
    "initial_std_mse": 0.0742097351119948,
    "final_mean_mse": 0.8055548505549794,
    "final_std_mse": 0.0742097351119948
  },
  "execution_time_seconds": 2.005504
}