{
  "pipeline_name": "batch_training_bs64_ef400",
  "timestamp": "2025-10-27 11:16:56",
  "config": {
    "model_type": "NeuralNetModel",
    "model_params": "{'input_size': 6, 'output_size': 3, 'hidden_sizes': (64, 32), 'learning_rate': 0.001, 'model_name': 'batch_training_nn'}",
    "batch_size": 64,
    "num_epochs": 100,
    "num_seeds": 5,
    "eval_frequency": 400,
    "total_train_samples": 2000,
    "test_samples": 1
  },
  "data_info": {},
  "training_info": {},
  "evaluation": {},
  "raw_results": {
    "train_loss_per_seed": [
      [
        0.3037118911743164,
        0.010973608121275902,
        0.009038109332323074,
        0.003725674469023943,
        0.0024028453044593334,
        0.0010421741753816605,
        0.0015038975980132818,
        0.000745475641451776
      ],
      [
        0.5068366527557373,
        0.015957249328494072,
        0.011866278946399689,
        0.007600621785968542,
        0.004815405234694481,
        0.0020369356498122215,
        0.0011374468449503183,
        0.0009025765466503799
      ],
      [
        0.6793690919876099,
        0.014964893460273743,
        0.010806942358613014,
        0.00781789980828762,
        0.0029367483220994473,
        0.0014240494929254055,
        0.001793665811419487,
        0.0008492811466567218
      ],
      [
        0.3306034207344055,
        0.012450702488422394,
        0.007349868305027485,
        0.004852618556469679,
        0.0024425487499684095,
        0.001581897959113121,
        0.000895890174433589,
        0.0007682261057198048
      ],
      [
        0.40456700325012207,
        0.01424544956535101,
        0.008905249647796154,
        0.0067024691961705685,
        0.002264811657369137,
        0.0015660900389775634,
        0.0009401027928106487,
        0.0012711298186331987
      ]
    ],
    "total_mse_per_seed": [
      [
        0.35276882975789753,
        0.014247189834926514,
        0.0051497677755651715,
        0.0005366833668074601,
        0.002084516408136728,
        0.0009914752622053001,
        0.0008741538335235367,
        0.0003791323753352745
      ],
      [
        0.8353629314111943,
        0.027389100072646326,
        0.015090165872504184,
        0.0001629878692821417,
        0.003986793531323689,
        0.004407086441847485,
        0.003939510087027382,
        0.0010224840613768699
      ],
      [
        1.1781623970132633,
        0.0161208009970588,
        0.009991146226525319,
        0.0018189672054053064,
        0.004358649823917703,
        0.005135071219269311,
        0.0006967352508443496,
        0.0023998126805616572
      ],
      [
        0.3761878197755647,
        0.01843378998203662,
        0.009234143342151363,
        0.0021287114649989306,
        0.000624817317284067,
        0.0046539655170407404,
        0.0002988217766069054,
        0.0014756154276265696
      ],
      [
        0.6411698146144769,
        0.01797153761432326,
        0.011434843215935353,
        0.0025324916638295525,
        0.0018830574594449405,
        0.0030887279309106796,
        0.0017689429090137125,
        0.0026996987841232793
      ]
    ],
    "mse_per_output_per_seed": [
      [
        [
          0.2562400302223273,
          0.028283900463274166,
          0.06824489907229607
        ],
        [
          0.0007183992618636638,
          0.01294441949267043,
          0.0005843710803924196
        ],
        [
          0.0004445461504869411,
          0.004677310589850052,
          2.7911035228178584e-05
        ],
        [
          0.0003580460429162101,
          7.736326600800383e-05,
          0.00010127405788324618
        ],
        [
          0.0005291158979748427,
          0.001540144266026359,
          1.525624413552661e-05
        ],
        [
          0.0004063524521076472,
          0.0004780430588161605,
          0.0001070797512814924
        ],
        [
          0.00033408807777532407,
          0.0005379881466275226,
          2.0776091206900755e-06
        ],
        [
          0.0002446069487760768,
          8.777212912391496e-05,
          4.67532974352827e-05
        ]
      ],
      [
        [
          0.08720941681440819,
          0.5242438640842825,
          0.22390965051250364
        ],
        [
          0.0002834449305229453,
          0.02694810555141425,
          0.00015754959070913134
        ],
        [
          0.00018628709014166596,
          0.01418617175080114,
          0.0007177070315613797
        ],
        [
          5.239964301023919e-05,
          8.151084310538158e-05,
          2.9077383166520942e-05
        ],
        [
          0.0008682479294983631,
          0.002977856659493851,
          0.00014068894233147477
        ],
        [
          0.0006823582608427211,
          0.00363039341266692,
          9.433476833784338e-05
        ],
        [
          0.0005416466457686986,
          0.003090201039533735,
          0.00030766240172494806
        ],
        [
          0.0001988326763958006,
          0.0007867103039490587,
          3.694108103201057e-05
        ]
      ],
      [
        [
          0.6842689800427773,
          0.2579473512816783,
          0.2359460656888078
        ],
        [
          0.00019114747693087873,
          0.015921380683071116,
          8.272837056805175e-06
        ],
        [
          0.0001371018173298938,
          0.009771717667038934,
          8.232674215649098e-05
        ],
        [
          0.00010136129413279196,
          0.00170519925239862,
          1.2406658873894477e-05
        ],
        [
          0.0006384252636143915,
          0.003712439950502672,
          7.784609800639975e-06
        ],
        [
          0.0005327664424208318,
          0.004598214845549877,
          4.089931298601114e-06
        ],
        [
          0.0001525337166270805,
          0.0005156189262065822,
          2.8582608010686945e-05
        ],
        [
          0.00018947335107257401,
          0.0022041180572570937,
          6.221272231989301e-06
        ]
      ],
      [
        [
          0.021482261950646175,
          0.2380144896225905,
          0.11669106820232797
        ],
        [
          0.00012638360123097761,
          0.017549762170172078,
          0.0007576442106335656
        ],
        [
          0.0004376036999927536,
          0.008188117133861075,
          0.0006084225082975344
        ],
        [
          0.0006886129518117329,
          0.001347404147480591,
          9.269436570660705e-05
        ],
        [
          0.0002443515894806656,
          0.00035797408929422604,
          2.2491638509175354e-05
        ],
        [
          0.0010060447546038677,
          0.003499011673535249,
          0.00014890908890162366
        ],
        [
          1.2826133448013325e-05,
          0.00028196456415025033,
          4.031079008641713e-06
        ],
        [
          0.00034865039317504015,
          0.0011211903720649097,
          5.774662386619863e-06
        ]
      ],
      [
        [
          0.21427755377850038,
          0.1034359624780492,
          0.3234562983579272
        ],
        [
          0.0006180126252510226,
          0.016734174205757645,
          0.0006193507833145941
        ],
        [
          0.00034894650039854133,
          0.010833672441780389,
          0.00025222427375642275
        ],
        [
          2.3147126973415301e-07,
          0.002530286076092478,
          1.9741164673404395e-06
        ],
        [
          0.0003707204624094186,
          0.0015109322728209403,
          1.4047242145815817e-06
        ],
        [
          0.0005282250861823213,
          0.0024778675481464357,
          8.263529658192259e-05
        ],
        [
          0.00025949232199621875,
          0.0014896369859979156,
          1.9813601019578047e-05
        ],
        [
          0.00041356446373109833,
          0.0022600033569081038,
          2.613096348407744e-05
        ]
      ]
    ]
