{
  "pipeline_name": "batch_training_bs64_ef400",
  "timestamp": "2025-10-27 11:13:30",
  "config": {
    "model_type": "NeuralNetModel",
    "model_params": "{'input_size': 6, 'output_size': 3, 'hidden_sizes': (64, 32), 'learning_rate': 0.001, 'model_name': 'batch_training_nn'}",
    "batch_size": 64,
    "num_epochs": 10,
    "num_seeds": 5,
    "eval_frequency": 400,
    "total_train_samples": 2000,
    "test_samples": 1
  },
  "data_info": {},
  "training_info": {},
  "evaluation": {},
  "raw_results": {
    "train_loss_per_seed": [
      [
        0.48926466703414917
      ],
      [
        0.29406070709228516
      ],
      [
        0.3704145848751068
      ],
      [
        0.40986406803131104
      ],
      [
        0.3013715147972107
      ]
    ],
    "total_mse_per_seed": [
      [
        1.0213925835882713
      ],
      [
        0.45740129299413707
      ],
      [
        0.7029698384353569
      ],
      [
        0.7105611899127421
      ],
      [
        0.6620817092646168
      ]
    ],
    "mse_per_output_per_seed": [
      [
        [
          0.310772799594959,
          0.4179192458422477,
          0.29270053815106456
        ]
      ],
      [
        [
          0.17520646627815636,
          0.15611623687415233,
          0.12607858984182835
        ]
      ],
      [
        [
          0.12879136474409866,
          0.30941778716697427,
          0.26476068652428403
        ]
      ],
      [
        [
          0.22044328654200462,
          0.270342849331098,
          0.2197750540396395
        ]
      ],
      [
        [
          0.28628129543901093,
          0.24433302851172672,
          0.1314673853138791
        ]
      ]
    ]
  },
  "aggregated_results": {
    "batch_numbers": [
      0
    ],
    "mean_train_loss": [
      0.3729951083660126
    ],
    "std_train_loss": [
      0.03240072123970237
    ],
    "mean_total_mse": [
      0.7108813228390248
    ],
    "std_total_mse": [
      0.08077461604683077
    ],
    "mean_mse_per_output": [
      [
        0.2242990425196459,
        0.2796258295452398,
        0.2069564507741391
      ]
    ],
    "std_mse_per_output": [
      [
        0.030243131286256542,
        0.038261732704234906,
        0.030395737973267285
      ]
    ],
    "initial_mean_mse": 0.7108813228390248,
    "initial_std_mse": 0.08077461604683077,
    "final_mean_mse": 0.7108813228390248,
    "final_std_mse": 0.08077461604683077
  },
  "execution_time_seconds": 1.997467
}