{
  "pipeline_name": "batch_training_bs64_ef400",
  "timestamp": "2025-10-27 11:13:27",
  "config": {
    "model_type": "NeuralNetModel",
    "model_params": "{'input_size': 6, 'output_size': 3, 'hidden_sizes': (64, 32), 'learning_rate': 0.001, 'model_name': 'batch_training_nn'}",
    "batch_size": 64,
    "num_epochs": 10,
    "num_seeds": 5,
    "eval_frequency": 400,
    "total_train_samples": 2000,
    "test_samples": 1
  },
  "data_info": {},
  "training_info": {},
  "evaluation": {},
  "raw_results": {
    "train_loss_per_seed": [
      [
        0.765455424785614
      ],
      [
        0.6142067313194275
      ],
      [
        0.6484124660491943
      ],
      [
        0.4204471707344055
      ],
      [
        0.3033675253391266
      ]
    ],
    "total_mse_per_seed": [
      [
        1.484211751957995
      ],
      [
        0.9408341025388443
      ],
      [
        1.1296052003409376
      ],
      [
        0.644368489272777
      ],
      [
        0.36721393730202234
      ]
    ],
    "mse_per_output_per_seed": [
      [
        [
          0.44039587946388975,
          0.49343848413347435,
          0.5503773883606309
        ]
      ],
      [
        [
          0.33277636938297606,
          0.3747994042438943,
          0.2332583289119739
        ]
      ],
      [
        [
          0.22261862547450284,
          0.2745180946091214,
          0.6324684802573134
        ]
      ],
      [
        [
          0.14306201808001806,
          0.4508348235429151,
          0.050471647649843965
        ]
      ],
      [
        [
          0.10620352340656523,
          0.11599801649597188,
          0.1450123973994852
        ]
      ]
    ]
  },
  "aggregated_results": {
    "batch_numbers": [
      0
    ],
    "mean_train_loss": [
      0.5503778636455536
    ],
    "std_train_loss": [
      0.07425344628057388
    ],
    "mean_total_mse": [
      0.9132466962825152
    ],
    "std_total_mse": [
      0.17251323730652954
    ],
    "mean_mse_per_output": [
      [
        0.24901128316159035,
        0.34191776460507545,
        0.32231764851584943
      ]
    ],
    "std_mse_per_output": [
      [
        0.05512187542848385,
        0.06049300934840455,
        0.1022690072380824
      ]
    ],
    "initial_mean_mse": 0.9132466962825152,
    "initial_std_mse": 0.17251323730652954,
    "final_mean_mse": 0.9132466962825152,
    "final_std_mse": 0.17251323730652954
  },
  "execution_time_seconds": 2.890688
}