{
  "pipeline_name": "batch_training_bs64_ef400",
  "timestamp": "2025-10-27 11:17:33",
  "config": {
    "model_type": "NeuralNetModel",
    "model_params": "{'input_size': 6, 'output_size': 3, 'hidden_sizes': (64, 32), 'learning_rate': 0.001, 'model_name': 'batch_training_nn'}",
    "batch_size": 64,
    "num_epochs": 100,
    "num_seeds": 5,
    "eval_frequency": 400,
    "total_train_samples": 2000,
    "test_samples": 1
  },
  "data_info": {},
  "training_info": {},
  "evaluation": {},
  "raw_results": {
    "train_loss_per_seed": [
      [
        0.5009658336639404,
        0.013068611733615398,
        0.008196365088224411,
        0.0030514250975102186,
        0.001312190666794777,
        0.0010728241177275777,
        0.0008687509107403457,
        0.0007032064604572952
      ],
      [
        0.31499770283699036,
        0.014480732381343842,
        0.007151728495955467,
        0.00312452157959342,
        0.0011002228129655123,
        0.0011922528501600027,
        0.0007902846555225551,
        0.0008766706450842321
      ],
      [
        0.41503286361694336,
        0.013758013024926186,
        0.006945209577679634,
        0.002361975610256195,
        0.0010297471890226007,
        0.0010528260609135032,
        0.000584850029554218,
        0.0007208212628029287
      ],
      [
        0.5544208288192749,
        0.013212330639362335,
        0.00805860385298729,
        0.0026693642139434814,
        0.0012388371396809816,
        0.0008343708468601108,
        0.0006354849319905043,
        0.0004694529343396425
      ],
      [
        0.5359848737716675,
        0.012498772703111172,
        0.005422936286777258,
        0.0014574648812413216,
        0.0013779466971755028,
        0.0009402275900356472,
        0.0010678294347599149,
        0.0007910012500360608
      ]
    ],
    "total_mse_per_seed": [
      [
        0.7672011351824568,
        0.01749593639775861,
        0.00914149928366925,
        0.0034419423847094916,
        0.002145035918940413,
        0.0008638808131575466,
        0.0006653750539222564,
        0.0002947970718731305
      ],
      [
        0.326108195313012,
        0.018170367536201423,
        0.0006612054407091082,
        0.005539751189546043,
        0.0003344377156203019,
        0.002712809743967457,
        0.0004073004975170374,
        0.0019787364841060734
      ],
      [
        0.5921054969633204,
        0.010715616852856423,
        0.0006588174960725195,
        0.0013941229496465548,
        0.0009580133936638096,
        0.00039093566724661036,
        0.00027162619919586316,
        0.0002352064696869973
      ],
      [
        0.9376005281439159,
        0.015486382804935625,
        0.0029087448864407372,
        0.0017607548249119974,
        0.00528218450619386,
        0.0013029247116850512,
        0.00037385798763493814,
        7.35678600176864e-05
      ],
      [
        0.8147151808943833,
        0.017197437310378642,
        0.0027746307482746715,
        0.0063521579363819206,
        0.00024486432693022873,
        0.003044102141950929,
        0.0006994826551771702,
        0.0004930372790515061
      ]
    ],
    "mse_per_output_per_seed": [
      [
        [
          0.0943761280057866,
          0.16472337152971822,
          0.508101635646952
        ],
        [
          0.000542485305302019,
          0.01655161151787234,
          0.0004018395745842534
        ],
        [
          0.0006636031520969491,
          0.008346310152286051,
          0.00013158597928625024
        ],
        [
          0.0009774582836872075,
          0.002454382895520494,
          1.010120550179035e-05
        ],
        [
          0.0006315737209949846,
          0.0014847912689502072,
          2.867092899522121e-05
        ],
        [
          0.00038765624960944054,
          0.00037816903899081473,
          9.805552455729133e-05
        ],
        [
          0.0002893968003416062,
          0.00032532184546344686,
          5.065640811720325e-05
        ],
        [
          0.00010674925008765061,
          7.6734782823058e-05,
          0.00011131303896242188
        ]
      ],
      [
        [
          0.09061164215955615,
          0.13187753175688596,
          0.10361902139656988
        ],
        [
          0.0007168445986015793,
          0.01691858944738188,
          0.0005349334902179637
        ],
        [
          0.0005513394356179403,
          5.9228261199227045e-05,
          5.0637743891940814e-05
        ],
        [
          0.0006849552008844199,
          0.004757170853592491,
          9.762513506913134e-05
        ],
        [
          0.00018844781119161633,
          1.7004168637560027e-05,
          0.00012898573579112556
        ],
        [
          0.0005145882942878786,
          0.0021163748203511653,
          8.184662932841317e-05
        ],
        [
          0.00013047031346469177,
          0.0001981658637900188,
          7.866432026232688e-05
        ],
        [
          0.00044801684282554593,
          0.001376686748898106,
          0.00015403289238242148
        ]
      ],
      [
        [
          0.291898716082589,
          0.08756853900721322,
          0.2126382418735181
        ],
        [
          0.0004467838316601077,
          0.009062033650339647,
          0.0012067993708566676
        ],
        [
          0.00011268993935737446,
          0.00035169323766350865,
          0.00019443431905163635
        ],
        [
          0.00038267535500981545,
          0.0008686204812760266,
          0.00014282711336071252
        ],
        [
          0.0004486074737635992,
          0.0002291315966359016,
          0.00028027432326430883
        ],
        [
          0.00024707262003068156,
          0.00011035832046484368,
          3.350472675108509e-05
        ],
        [
          0.00018414746218049647,
          7.402653608278207e-08,
          8.740471047928392e-05
        ],
        [
          0.00021836762815723523,
          5.152881788179837e-07,
          1.6323553350944075e-05
        ]
      ],
      [
        [
          0.2543694759593338,
          0.1961901493789651,
          0.48704090280561707
        ],
        [
          0.00039456378240662024,
          0.014612412691558505,
          0.00047940633097049974
        ],
        [
          0.00031347081502805285,
          0.002224030626480415,
          0.0003712434449322693
        ],
        [
          0.0005537240492561717,
          0.001001558002082337,
          0.00020547277357348855
        ],
        [
          0.0008139215589515106,
          0.004299606499860354,
          0.00016865644738199613
        ],
        [
          0.0003659871463319376,
          0.0008489736019225023,
          8.796396343061121e-05
        ],
        [
          0.00023785863796022295,
          7.404432416182675e-05,
          6.195502551288842e-05
        ],
        [
          5.3563364670029175e-05,
          2.547975111833023e-07,
          1.9749697836473933e-05
        ]
      ],
      [
        [
          0.3012361936666597,
          0.17611017564410694,
          0.3373688115836167
        ],
        [
          0.00040249794867084965,
          0.016609388967065427,
          0.00018555039464236735
        ],
        [
          0.00024735564429890084,
          0.0024388633508047723,
          8.841175317099812e-05
        ],
        [
          0.0009971605907457379,
          0.005272901398767304,
          8.20959468688791e-05
        ],
        [
          0.0001577499646905794,
          4.032317583087895e-05,
          4.679118640877038e-05
        ],
        [
          0.0006647337208948865,
          0.002281640785925255,
          9.772763513078712e-05
        ],
        [
          0.00016649354159394055,
          0.00047973971795632685,
          5.3249395626902744e-05
        ],
        [
          0.00012577078046326317,
          0.0003582491952406942,
