{
  "pipeline_name": "perturbation_analysis",
  "timestamp": "2025-10-20 19:15:45",
  "config": {
    "relative_error": 0.001,
    "n_test_samples": 1,
    "subset_sizes": [
      50,
      75,
      100,
      150,
      200,
      400,
      600,
      800,
      1000,
      1200,
      1400,
      1600,
      1800,
      2000
    ],
    "num_seeds": 10,
    "n_outputs": 3
  },
  "perturbation_results": [
    {
      "n_samples": 50,
      "test_idx": 0,
      "y_pred_mean": [
        0.49668029025394933,
        0.50780263569644,
        0.49486983252524774
      ],
      "y_min": [
        0.49279752705285196,
        0.4941306832683161,
        0.49280177504568906
      ],
      "y_max": [
        0.5022220577649603,
        0.5368808092318204,
        0.4974292632335877
      ],
      "y_true": [
        0.5000130989410722,
        0.5001392164275993,
        0.5001160779843901
      ],
      "containment": [
        true,
        true,
        false
      ]
    },
    {
      "n_samples": 75,
      "test_idx": 0,
      "y_pred_mean": [
        0.49881226326120964,
        0.5051936631576378,
        0.4949738655021279
      ],
      "y_min": [
        0.4957188670907912,
        0.4940385663832975,
        0.49295419436310695
      ],
      "y_max": [
        0.5024277499499765,
        0.5238413395178904,
        0.4975784914224899
      ],
      "y_true": [
        0.5000130989410722,
        0.5001392164275993,
        0.5001160779843901
      ],
      "containment": [
        true,
        true,
        false
      ]
    },
    {
      "n_samples": 100,
      "test_idx": 0,
      "y_pred_mean": [
        0.4987458645596553,
        0.5036273276820113,
        0.49511760798770393
      ],
      "y_min": [
        0.49624833779845023,
        0.4928409118981417,
        0.4939514826954269
      ],
      "y_max": [
        0.5013969675510981,
        0.5119659966592014,
        0.49619927096836736
      ],
      "y_true": [
        0.5000130989410722,
        0.5001392164275993,
        0.5001160779843901
      ],
      "containment": [
        true,
        true,
        false
      ]
    },
    {
      "n_samples": 150,
      "test_idx": 0,
      "y_pred_mean": [
        0.49903070656405657,
        0.5022266299381741,
        0.4956794912401212
      ],
      "y_min": [
        0.49622390303143404,
        0.4953441991294991,
        0.4944823389096795
      ],
      "y_max": [
        0.5024679837053947,
        0.5066988173115907,
        0.4973317154377249
      ],
      "y_true": [
        0.5000130989410722,
        0.5001392164275993,
        0.5001160779843901
      ],
      "containment": [
        true,
        true,
        false
      ]
    },
    {
      "n_samples": 200,
      "test_idx": 0,
      "y_pred_mean": [
        0.49933225944689186,
        0.5016779645403768,
        0.49560121947839875
      ],
      "y_min": [
        0.4965383316327808,
        0.4950375387061895,
        0.49466417450981937
      ],
      "y_max": [
        0.5023069285379274,
        0.5059619436102542,
        0.4968855741627916
      ],
      "y_true": [
        0.5000130989410722,
        0.5001392164275993,
        0.5001160779843901
      ],
      "containment": [
        true,
        true,
        false
      ]
    },
    {
      "n_samples": 400,
      "test_idx": 0,
      "y_pred_mean": [
        0.5002911646091389,
        0.5030113567140505,
        0.4961721264528606
      ],
      "y_min": [
        0.4984197925322357,
        0.49931462412180383,
        0.4950937139943211
      ],
      "y_max": [
        0.5024574194077398,
        0.506353305483577,
        0.4975672019691172
      ],
      "y_true": [
        0.5000130989410722,
        0.5001392164275993,
        0.5001160779843901
      ],
      "containment": [
        true,
        true,
        false
      ]
    },
    {
      "n_samples": 600,
      "test_idx": 0,
      "y_pred_mean": [
        0.5006370706738655,
        0.5031765535981345,
        0.49621985438841465
      ],
      "y_min": [
        0.4985648727214381,
        0.5011168253413932,
        0.49517690407670223
      ],
      "y_max": [
        0.502037927955253,
        0.5055064920975657,
        0.49719688633478054
      ],
      "y_true": [
        0.5000130989410722,
        0.5001392164275993,
        0.5001160779843901
      ],
      "containment": [
        true,
        false,
        false
      ]
    },
    {
      "n_samples": 800,
      "test_idx": 0,
      "y_pred_mean": [
        0.5009370709582077,
        0.5028764641611451,
        0.49651470051193225
      ],
      "y_min": [
        0.4993264169924183,
        0.5002087125049166,
        0.495629223398527
      ],
      "y_max": [
        0.5026050620124718,
        0.5055609591850851,
        0.4977023836802812
      ],
      "y_true": [
        0.5000130989410722,
        0.5001392164275993,
        0.5001160779843901
      ],
      "containment": [
        true,
        false,
        false
      ]
    },
    {
      "n_samples": 1000,
      "test_idx": 0,
      "y_pred_mean": [
        0.5009717458201353,
        0.5025610500667808,
        0.4965714712036185
      ],
      "y_min": [
        0.4990127756316153,
        0.49987826938233804,
        0.49551167130931667
      ],
      "y_max": [
        0.5021782888178823,
        0.5051840794210984,
        0.49758098051211885
      ],
      "y_true": [
        0.5000130989410722,
        0.5001392164275993,
        0.5001160779843901
      ],
      "containment": [
        true,
        true,
        false
      ]
    },
    {
      "n_samples": 1200,
      "test_idx": 0,
      "y_pred_mean": [
        0.501053139931557,
        0.5018678593828593,
        0.49651276568325586
      ],
      "y_min": [
        0.4997343160853458,
        0.4995341153594164,
        0.49561594660320746
      ],
      "y_max": [
        0.5027138636235687,
        0.504555709896839,
        0.4974747846642641
      ],
      "y_true": [
        0.5000130989410722,
        0.5001392164275993,
        0.5001160779843901
      ],
      "containment": [
        true,
        true,
        false
      ]
    },
    {
      "n_samples": 1400,
      "test_idx": 0,
      "y_pred_mean": [
        0.5011150330737443,
        0.5013832757714562,
        0.4966583583802257
      ],
      "y_min": [
        0.49956100328599096,
        0.4994873112595226,
        0.49589512027538085
      ],
      "y_max": [
        0.5024075135160005,
        0.50329347924071,
        0.49758476552018405
      ],
      "y_true": [
        0.5000130989410722,
        0.5001392164275993,
        0.5001160779843901
      ],
      "containment": [
        true,
        true,
        false
      ]
    },
    {
      "n_samples": 1600,
      "test_idx": 0,
      "y_pred_mean": [
        0.501115752683498,
        0.5009686304430752,
        0.4965916925476231
      ],
      "y_min": [
        0.49955744650488715,
        0.4991608171533666,
        0.4959998509975424
      ],
      "y_max": [
        0.5026145498401089,
        0.502933264003337,
        0.49734794490683915
      ],
      "y_true": [
        0.5000130989410722,
        0.5001392164275993,
        0.5001160779843901
      ],
      "containment": [
        true,
        true,
        false
      ]
    },
    {
      "n_samples": 1800,
      "test_idx": 0,
      "y_pred_mean": [
        0.5010281963057934,
        0.5007189934061276,
        0.49657792685859575
      ],
      "y_min": [
        0.4996649123272979,
        0.4986971226116612,
        0.4959504108234819
      ],
      "y_max": [
        0.502040574096571,
        0.5026688643325736,
        0.4971684814061451
      ],
      "y_true": [
        0.5000130989410722,
        0.5001392164275993,
        0.5001160779843901
      ],
      "containment": [
        true,
        true,
        false
      ]
    },
    {
      "n_samples": 2000,
      "test_idx": 0,