{
  "experiment_config": {
    "samples_per_iteration": 800,
    "shrink_rate": 0.4,
    "n_iterations": 5,
    "total_samples": 4000,
    "n_epochs": 50,
    "batch_size": 16,
    "initial_window_size": 1.0,
    "num_seeds": 5,
    "timestamp": "20251122_123628"
  },
  "predictions_per_seed": [
    {
      "seed": 42,
      "seed_index": 0,
      "true_K_values": [
        600000000000000.0,
        1299999999999999.8,
        960000000000000.0
      ],
      "predicted_K_values": [
        599467236140990.4,
        1293877890230458.8,
        959665875430920.6
      ],
      "absolute_error": [
        532763859009.625,
        6122109769541.0,
        334124569079.375
      ],
      "relative_error_percent": [
        0.08879397650160417,
        0.4709315207339232,
        0.0348046426124349
      ],
      "mse_per_K": [
        2.8383732946682758e+23,
        3.7480228030309358e+25,
        1.1163922766247804e+23
      ],
      "total_mse": 3.7875704587438665e+25,
      "total_samples_seen": 3550,
      "iteration": 5
    },
    {
      "seed": 43,
      "seed_index": 1,
      "true_K_values": [
        600000000000000.0,
        1299999999999999.8,
        960000000000000.0
      ],
      "predicted_K_values": [
        600284659910710.5,
        1303127297328418.8,
        960321394405523.5
      ],
      "absolute_error": [
        284659910710.5,
        3127297328419.0,
        321394405523.5
      ],
      "relative_error_percent": [
        0.04744331845175,
        0.24056133295530774,
        0.033478583908697915
      ],
      "mse_per_K": [
        8.103126476570983e+22,
        9.779988580336614e+24,
        1.0329436390180397e+23
      ],
      "total_mse": 9.964314209004128e+24,
      "total_samples_seen": 3517,
      "iteration": 5
    },
    {
      "seed": 44,
      "seed_index": 2,
      "true_K_values": [
        600000000000000.0,
        1299999999999999.8,
        960000000000000.0
      ],
      "predicted_K_values": [
        598441531492990.0,
        1287721091742830.8,
        958627469751417.8
      ],
      "absolute_error": [
        1558468507010.0,
        12278908257169.0,
        1372530248582.25
      ],
      "relative_error_percent": [
        0.25974475116833334,
        0.9445314043976155,
        0.14297190089398437
      ],
      "mse_per_K": [
        2.428824087341978e+24,
        1.5077158798797305e+26,
        1.883839283273253e+24
      ],
      "total_mse": 1.550842513585883e+26,
      "total_samples_seen": 3553,
      "iteration": 5
    },
    {
      "seed": 45,
      "seed_index": 3,
      "true_K_values": [
        600000000000000.0,
        1299999999999999.8,
        960000000000000.0
      ],
      "predicted_K_values": [
        601053625474718.2,
        1310424639464241.0,
        960930740401815.6
      ],
      "absolute_error": [
        1053625474718.25,
        10424639464241.25,
        930740401815.625
      ],
      "relative_error_percent": [
        0.175604245786375,
        0.8018953434031733,
        0.0969521251891276
      ],
      "mse_per_K": [
        1.1101266409752577e+24,
        1.086731079594161e+26,
        8.662776955719111e+23
      ],
      "total_mse": 1.1064951229596326e+26,
      "total_samples_seen": 3516,
      "iteration": 5
    },
    {
      "seed": 46,
      "seed_index": 4,
      "true_K_values": [
        600000000000000.0,
        1299999999999999.8,
        960000000000000.0
      ],
      "predicted_K_values": [
        600741704832486.1,
        1305069063403652.5,
        960852240617129.0
      ],
      "absolute_error": [
        741704832486.125,
        5069063403652.75,
        852240617129.0
      ],
      "relative_error_percent": [
        0.12361747208102083,
        0.3899279541271347,
        0.08877506428427083
      ],
      "mse_per_K": [
        5.501260585332707e+23,
        2.5695403790251603e+25,
        7.263140694844188e+23
      ],
      "total_mse": 2.6971843918269295e+25,
      "total_samples_seen": 3512,
      "iteration": 5
    }
  ],
  "mean_predictions": {
    "mean_predicted_K": [
      599997751570379.0,
      1300043996433920.5,
      960079544121361.2
    ],
    "std_predicted_K": [
      943813551916.2927,
      8153412020955.375,
      855538228681.5895
    ],
    "mean_absolute_error": [
      834244516786.9,
      7404403644604.6,
      762206048425.95
    ],
    "mean_relative_error": [
      0.13904075279781666,
      0.5695695111234309,
      0.07939646337770312
    ],
    "mean_total_mse": 6.8109125273852736e+25
  }
}