{
  "experiment_config": {
    "samples_per_iteration": 800,
    "shrink_rate": 0.4,
    "n_iterations": 1,
    "total_samples": 800,
    "n_epochs": 50,
    "batch_size": 16,
    "initial_window_size": 1.0,
    "num_seeds": 5,
    "timestamp": "20251202_184338"
  },
  "predictions_per_seed": [
    {
      "seed": 42,
      "seed_index": 0,
      "true_K_values": [
        600000000000000.0,
        1299999999999999.8,
        960000000000000.0
      ],
      "predicted_K_values": [
        586612293397094.6,
        1212333007299426.5,
        943181664449348.0
      ],
      "absolute_error": [
        13387706602905.375,
        87666992700573.25,
        16818335550652.0
      ],
      "relative_error_percent": [
        2.2312844338175624,
        6.74361482312102,
        1.7519099531929168
      ],
      "mse_per_K": [
        1.7923068808547617e+26,
        7.685501609162364e+27,
        2.828564106943249e+26
      ],
      "total_mse": 8.147588707942165e+27,
      "total_samples_seen": 800,
      "iteration": 1
    },
    {
      "seed": 43,
      "seed_index": 1,
      "true_K_values": [
        600000000000000.0,
        1299999999999999.8,
        960000000000000.0
      ],
      "predicted_K_values": [
        614508913531747.5,
        1293862170876763.0,
        960970791312370.0
      ],
      "absolute_error": [
        14508913531747.5,
        6137829123236.75,
        970791312370.0
      ],
      "relative_error_percent": [
        2.41815225529125,
        0.4721407017874424,
        0.10112409503854167
      ],
      "mse_per_K": [
        2.1050857187172573e+26,
        3.767294634605321e+25,
        9.42435772173067e+23
      ],
      "total_mse": 2.49123953989952e+26,
      "total_samples_seen": 800,
      "iteration": 1
    },
    {
      "seed": 44,
      "seed_index": 2,
      "true_K_values": [
        600000000000000.0,
        1299999999999999.8,
        960000000000000.0
      ],
      "predicted_K_values": [
        619115625938132.1,
        1404828573200245.0,
        972730196375838.4
      ],
      "absolute_error": [
        19115625938132.125,
        104828573200245.25,
        12730196375838.375
      ],
      "relative_error_percent": [
        3.185937656355354,
        8.063736400018866,
        1.3260621224831641
      ],
      "mse_per_K": [
        3.654071550065897e+26,
        1.0989029759199176e+28,
        1.620578997674085e+26
      ],
      "total_mse": 1.1516494813973173e+28,
      "total_samples_seen": 800,
      "iteration": 1
    },
    {
      "seed": 45,
      "seed_index": 3,
      "true_K_values": [
        600000000000000.0,
        1299999999999999.8,
        960000000000000.0
      ],
      "predicted_K_values": [
        620816204977277.0,
        1385978667626708.5,
        977640895734501.6
      ],
      "absolute_error": [
        20816204977277.0,
        85978667626708.75,
        17640895734501.625
      ],
      "relative_error_percent": [
        3.469367496212833,
        6.613743663592982,
        1.8375933056772527
      ],
      "mse_per_K": [
        4.333143896560117e+26,
        7.392331286864056e+27,
        3.1120120231555765e+26
      ],
      "total_mse": 8.136846878835625e+27,
      "total_samples_seen": 800,
      "iteration": 1
    },
    {
      "seed": 46,
      "seed_index": 4,
      "true_K_values": [
        600000000000000.0,
        1299999999999999.8,
        960000000000000.0
      ],
      "predicted_K_values": [
        634966859345652.4,
        1319585692953498.0,
        984285799520171.1
      ],
      "absolute_error": [
        34966859345652.375,
        19585692953498.25,
        24285799520171.125
      ],
      "relative_error_percent": [
        5.827809890942063,
        1.5065917656537118,
        2.5297707833511587
      ],
      "mse_per_K": [
        1.2226812524986369e+27,
        3.83599368468711e+26,
        5.8980005833394405e+26
      ],
      "total_mse": 2.1960806793012918e+27,
      "total_samples_seen": 800,
      "iteration": 1
    }
  ],
  "mean_predictions": {
    "mean_predicted_K": [
      615203979437980.8,
      1323317622391328.2,
      967761869478445.8
    ],
    "std_predicted_K": [
      15845107152466.574,
      68948643786687.27,
      14461154296122.172
    ],
    "mean_absolute_error": [
      20559062079142.875,
      60839551120852.45,
      14489203698706.625
    ],
    "mean_relative_error": [
      3.4265103465238127,
      4.679965470834805,
      1.5092920519486068
    ],
    "mean_total_mse": 6.049227006808442e+27
  }
}