{
  "experiment_config": {
    "samples_per_iteration": 500,
    "shrink_rate": 0.4,
    "n_iterations": 6,
    "total_samples": 3000,
    "n_epochs": 50,
    "batch_size": 16,
    "initial_window_size": 1.0,
    "num_seeds": 5,
    "timestamp": "20251126_001956"
  },
  "predictions_per_seed": [
    {
      "seed": 42,
      "seed_index": 0,
      "true_K_values": [
        600000000000000.0,
        1299999999999999.8,
        960000000000000.0
      ],
      "predicted_K_values": [
        601176720045982.0,
        1310157487886654.8,
        960771337777809.0
      ],
      "absolute_error": [
        1176720045982.0,
        10157487886655.0,
        771337777809.0
      ],
      "relative_error_percent": [
        0.19612000766366666,
        0.7813452220503848,
        0.0803476851884375
      ],
      "mse_per_K": [
        1.3846700666158803e+24,
        1.0317456016754305e+26,
        5.9496196747532625e+23
      ],
      "total_mse": 1.0515419220163425e+26,
      "total_samples_seen": 3000,
      "iteration": 6
    },
    {
      "seed": 43,
      "seed_index": 1,
      "true_K_values": [
        600000000000000.0,
        1299999999999999.8,
        960000000000000.0
      ],
      "predicted_K_values": [
        598051898909050.6,
        1283844761069672.0,
        958735836072260.6
      ],
      "absolute_error": [
        1948101090949.375,
        16155238930327.75,
        1264163927739.375
      ],
      "relative_error_percent": [
        0.3246835151582292,
        1.2427106869482887,
        0.13168374247285156
      ],
      "mse_per_K": [
        3.795097860558145e+24,
        2.609917448959773e+26,
        1.5981104361974438e+24
      ],
      "total_mse": 2.6638495319273287e+26,
      "total_samples_seen": 2930,
      "iteration": 6
    },
    {
      "seed": 44,
      "seed_index": 2,
      "true_K_values": [
        600000000000000.0,
        1299999999999999.8,
        960000000000000.0
      ],
      "predicted_K_values": [
        598781275370679.1,
        1289665877792419.8,
        959033700415612.5
      ],
      "absolute_error": [
        1218724629320.875,
        10334122207580.0,
        966299584387.5
      ],
      "relative_error_percent": [
        0.20312077155347916,
        0.794932477506154,
        0.10065620670703125
      ],
      "mse_per_K": [
        1.485289722113304e+24,
        1.0679408180119814e+26,
        9.337348867874552e+23
      ],
      "total_mse": 1.092131064100989e+26,
      "total_samples_seen": 3000,
      "iteration": 6
    },
    {
      "seed": 45,
      "seed_index": 3,
      "true_K_values": [
        600000000000000.0,
        1299999999999999.8,
        960000000000000.0
      ],
      "predicted_K_values": [
        599621622911515.0,
        1297489237512747.8,
        959453777251741.8
      ],
      "absolute_error": [
        378377088485.0,
        2510762487252.0,
        546222748258.25
      ],
      "relative_error_percent": [
        0.06306284808083333,
        0.19313557594246158,
        0.056898202943567705
      ],
      "mse_per_K": [
        1.4316922109038553e+23,
        6.30392826739185e+24,
        2.9835929071479556e+23
      ],
      "total_mse": 6.745456779197031e+24,
      "total_samples_seen": 3000,
      "iteration": 6
    },
    {
      "seed": 46,
      "seed_index": 4,
      "true_K_values": [
        600000000000000.0,
        1299999999999999.8,
        960000000000000.0
      ],
      "predicted_K_values": [
        602112696547759.0,
        1316318855053435.8,
        961745719216011.5
      ],
      "absolute_error": [
        2112696547759.0,
        16318855053436.0,
        1745719216011.5
      ],
      "relative_error_percent": [
        0.3521160912931667,
        1.2552965425720002,
        0.1818457516678646
      ],
      "mse_per_K": [
        4.4634867029127964e+24,
        2.663050302550537e+26,
        3.047535581151806e+24
      ],
      "total_mse": 2.738160525391183e+26,
      "total_samples_seen": 3000,
      "iteration": 6
    }
  ],
  "mean_predictions": {
    "mean_predicted_K": [
      599948842756997.1,
      1299495243862986.2,
      959948074146687.2
    ],
    "std_predicted_K": [
      1500575106799.5396,
      12184378946814.637,
      1136593215809.0203
    ],
    "mean_absolute_error": [
      1366923880499.25,
      11095293313050.15,
      1058748650841.125
    ],
    "mean_relative_error": [
      0.22782064674987498,
      0.8534841010038579,
      0.11028631779595051
    ],
    "mean_total_mse": 1.5226275222455628e+26
  }
}