{
  "experiment_config": {
    "samples_per_iteration": 300,
    "shrink_rate": 1.0,
    "n_iterations": 13,
    "total_samples": 3900,
    "n_epochs": 50,
    "batch_size": 16,
    "initial_window_size": 1.0,
    "num_seeds": 5,
    "timestamp": "20251124_163023"
  },
  "predictions_per_seed": [
    {
      "seed": 42,
      "seed_index": 0,
      "true_K_values": [
        600000000000000.0,
        1299999999999999.8,
        960000000000000.0
      ],
      "predicted_K_values": [
        603969700820694.6,
        1300158120490455.8,
        961949521135146.9
      ],
      "absolute_error": [
        3969700820694.625,
        158120490456.0,
        1949521135146.875
      ],
      "relative_error_percent": [
        0.6616168034491041,
        0.012163114650461541,
        0.20307511824446614
      ],
      "mse_per_K": [
        1.5758524605823579e+25,
        2.500208950204599e+22,
        3.80063265638436e+24
      ],
      "total_mse": 1.9584159351709985e+25,
      "total_samples_seen": 3900,
      "iteration": 13
    },
    {
      "seed": 43,
      "seed_index": 1,
      "true_K_values": [
        600000000000000.0,
        1299999999999999.8,
        960000000000000.0
      ],
      "predicted_K_values": [
        596462577049220.6,
        1312671964996041.8,
        954558182807916.1
      ],
      "absolute_error": [
        3537422950779.375,
        12671964996042.0,
        5441817192083.875
      ],
      "relative_error_percent": [
        0.5895704917965625,
        0.9747665381570771,
        0.566855957508737
      ],
      "mse_per_K": [
        1.251336113270066e+25,
        1.6057869686091374e+26,
        2.961337435205963e+25
      ],
      "total_mse": 2.0270543234567403e+26,
      "total_samples_seen": 3900,
      "iteration": 13
    },
    {
      "seed": 44,
      "seed_index": 2,
      "true_K_values": [
        600000000000000.0,
        1299999999999999.8,
        960000000000000.0
      ],
      "predicted_K_values": [
        603450143025424.2,
        1306130855412888.8,
        959434152305570.1
      ],
      "absolute_error": [
        3450143025424.25,
        6130855412889.0,
        565847694429.875
      ],
      "relative_error_percent": [
        0.5750238375707083,
        0.47160426252992316,
        0.05894246816977865
      ],
      "mse_per_K": [
        1.1903486895883597e+25,
        3.758738809375035e+25,
        3.201836132916052e+23
      ],
      "total_mse": 4.981105860292555e+25,
      "total_samples_seen": 3900,
      "iteration": 13
    },
    {
      "seed": 45,
      "seed_index": 3,
      "true_K_values": [
        600000000000000.0,
        1299999999999999.8,
        960000000000000.0
      ],
      "predicted_K_values": [
        599849036734486.1,
        1306594847370250.5,
        957786400629775.0
      ],
      "absolute_error": [
        150963265513.875,
        6594847370250.75,
        2213599370225.0
      ],
      "relative_error_percent": [
        0.0251605442523125,
        0.5072959515577501,
        0.23058326773177085
      ],
      "mse_per_K": [
        2.278990753461272e+22,
        4.349201183690323e+25,
        4.900022171860517e+24
      ],
      "total_mse": 4.841482391629836e+25,
      "total_samples_seen": 3900,
      "iteration": 13
    },
    {
      "seed": 46,
      "seed_index": 4,
      "true_K_values": [
        600000000000000.0,
        1299999999999999.8,
        960000000000000.0
      ],
      "predicted_K_values": [
        600734909954932.2,
        1341504976565402.5,
        948947336317175.1
      ],
      "absolute_error": [
        734909954932.25,
        41504976565402.75,
        11052663682824.875
      ],
      "relative_error_percent": [
        0.12248499248870834,
        3.1926905050309813,
        1.1513191336275912
      ],
      "mse_per_K": [
        5.400926418585217e+23,
        1.7226630796946315e+27,
        1.2216137448563593e+26
      ],
      "total_mse": 1.845364546822126e+27,
      "total_samples_seen": 3900,
      "iteration": 13
    }
  ],
  "mean_predictions": {
    "mean_predicted_K": [
      600893273516951.6,
      1313412152967007.5,
      956535118639116.6
    ],
    "std_predicted_K": [
      2711035496018.663,
      14593950407779.107,
      4489288875852.115
    ],
    "mean_absolute_error": [
      2368628003468.875,
      13412152967008.1,
      4244689814942.1
    ],
    "mean_relative_error": [
      0.39477133391147917,
      1.0317040743852386,
      0.4421551890564688
    ],
    "mean_total_mse": 4.331760042077468e+26
  }
}