{
  "experiment_config": {
    "samples_per_iteration": 800,
    "shrink_rate": 0.4,
    "n_iterations": 3,
    "total_samples": 2400,
    "n_epochs": 50,
    "batch_size": 16,
    "initial_window_size": 2.0,
    "num_seeds": 5,
    "timestamp": "20251209_191722"
  },
  "predictions_per_seed": [
    {
      "seed": 42,
      "seed_index": 0,
      "true_K_values": [
        600000000000000.0,
        1299999999999999.8,
        960000000000000.0
      ],
      "predicted_K_values": [
        599215682621446.6,
        1277346085997973.2,
        959548640694169.2
      ],
      "absolute_error": [
        784317378553.375,
        22653914002026.5,
        451359305830.75
      ],
      "relative_error_percent": [
        0.13071956309222918,
        1.742608769386654,
        0.04701659435736979
      ],
      "mse_per_K": [
        6.151537503008381e+23,
        5.131998196112123e+26,
        2.037252229600165e+23
      ],
      "total_mse": 5.140186985844732e+26,
      "total_samples_seen": 2400,
      "iteration": 3
    },
    {
      "seed": 43,
      "seed_index": 1,
      "true_K_values": [
        600000000000000.0,
        1299999999999999.8,
        960000000000000.0
      ],
      "predicted_K_values": [
        600474773432162.8,
        1291031138506746.2,
        959839868029486.4
      ],
      "absolute_error": [
        474773432162.75,
        8968861493253.5,
        160131970513.625
      ],
      "relative_error_percent": [
        0.07912890536045833,
        0.6899124225579617,
        0.01668041359516927
      ],
      "mse_per_K": [
        2.2540981188759737e+23,
        8.04404764851654e+25,
        2.564224798057647e+22
      ],
      "total_mse": 8.069152854503357e+25,
      "total_samples_seen": 2400,
      "iteration": 3
    },
    {
      "seed": 44,
      "seed_index": 2,
      "true_K_values": [
        600000000000000.0,
        1299999999999999.8,
        960000000000000.0
      ],
      "predicted_K_values": [
        605782788727124.8,
        1349816720343654.2,
        967584684250153.1
      ],
      "absolute_error": [
        5782788727124.75,
        49816720343654.5,
        7584684250153.125
      ],
      "relative_error_percent": [
        0.9637981211874583,
        3.832055411050347,
        0.7900712760576172
      ],
      "mse_per_K": [
        3.344064546256109e+25,
        2.48170562579788e+27,
        5.752743517452087e+25
      ],
      "total_mse": 2.572673706434962e+27,
      "total_samples_seen": 2400,
      "iteration": 3
    },
    {
      "seed": 45,
      "seed_index": 3,
      "true_K_values": [
        600000000000000.0,
        1299999999999999.8,
        960000000000000.0
      ],
      "predicted_K_values": [
        602122924626603.1,
        1306923637398781.2,
        960230879347670.5
      ],
      "absolute_error": [
        2122924626603.125,
        6923637398781.5,
        230879347670.5
      ],
      "relative_error_percent": [
        0.35382077110052085,
        0.5325874922139616,
        0.024049932049010417
      ],
      "mse_per_K": [
        4.5068089702380176e+24,
        4.793675482980586e+25,
        5.330527318075561e+22
      ],
      "total_mse": 5.249686907322463e+25,
      "total_samples_seen": 2400,
      "iteration": 3
    },
    {
      "seed": 46,
      "seed_index": 4,
      "true_K_values": [
        600000000000000.0,
        1299999999999999.8,
        960000000000000.0
      ],
      "predicted_K_values": [
        598642302243447.6,
        1293323608783397.0,
        959229549368223.6
      ],
      "absolute_error": [
        1357697756552.375,
        6676391216602.75,
        770450631776.375
      ],
      "relative_error_percent": [
        0.22628295942539584,
        0.5135685551232886,
        0.0802552741433724
      ],
      "mse_per_K": [
        1.8433431981473522e+24,
        4.4574199677130345e+25,
        5.9359417600461536e+23
      ],
      "total_mse": 4.701113705128231e+25,
      "total_samples_seen": 2400,
      "iteration": 3
    }
  ],
  "mean_predictions": {
    "mean_predicted_K": [
      601247694330157.0,
      1303688238206110.5,
      961286724337940.6
    ],
    "std_predicted_K": [
      2563109653745.0586,
      24899162118738.543,
      3166240814764.5303
    ],
    "mean_absolute_error": [
      2104500384199.275,
      19007904890863.75,
      1839501101188.875
    ],
    "mean_relative_error": [
      0.3507500640332125,
      1.4621465300664425,
      0.19161469804050782
    ],
    "mean_total_mse": 6.533783879377952e+26
  }
}