{
  "experiment_config": {
    "samples_per_iteration": 200,
    "shrink_rate": 1,
    "n_iterations": 10,
    "total_samples": 2000,
    "n_epochs": 50,
    "batch_size": 16,
    "initial_window_size": 1.0,
    "num_seeds": 5,
    "timestamp": "20251202_192953"
  },
  "predictions_per_seed": [
    {
      "seed": 42,
      "seed_index": 0,
      "true_K_values": [
        600000000000000.0,
        1299999999999999.8,
        960000000000000.0
      ],
      "predicted_K_values": [
        603058615028272.5,
        1342928236274399.0,
        947097327543080.2
      ],
      "absolute_error": [
        3058615028272.5,
        42928236274399.25,
        12902672456919.75
      ],
      "relative_error_percent": [
        0.50976917137875,
        3.3021720211076353,
        1.3440283809291407
      ],
      "mse_per_K": [
        9.355125891174386e+24,
        1.8428334696306477e+27,
        1.6647895653055555e+26
      ],
      "total_mse": 2.0186675520523776e+27,
      "total_samples_seen": 2000,
      "iteration": 10
    },
    {
      "seed": 43,
      "seed_index": 1,
      "true_K_values": [
        600000000000000.0,
        1299999999999999.8,
        960000000000000.0
      ],
      "predicted_K_values": [
        606510555875648.4,
        1345871549742242.2,
        948562847575852.8
      ],
      "absolute_error": [
        6510555875648.375,
        45871549742242.5,
        11437152424147.25
      ],
      "relative_error_percent": [
        1.0850926459413959,
        3.52858074940327,
        1.1913700441820052
      ],
      "mse_per_K": [
        4.2387337809939576e+25,
        2.104199075755028e+27,
        1.3080845557317731e+26
      ],
      "total_mse": 2.277394869138145e+27,
      "total_samples_seen": 2000,
      "iteration": 10
    },
    {
      "seed": 44,
      "seed_index": 2,
      "true_K_values": [
        600000000000000.0,
        1299999999999999.8,
        960000000000000.0
      ],
      "predicted_K_values": [
        601080804984933.4,
        1288759653180102.8,
        955762799766219.9
      ],
      "absolute_error": [
        1080804984933.375,
        11240346819897.0,
        4237200233780.125
      ],
      "relative_error_percent": [
        0.1801341641555625,
        0.8646420630690002,
        0.44137502435209636
      ],
      "mse_per_K": [
        1.168139415456833e+24,
        1.263453966315686e+26,
        1.7953865821146347e+25
      ],
      "total_mse": 1.4546740186817178e+26,
      "total_samples_seen": 2000,
      "iteration": 10
    },
    {
      "seed": 45,
      "seed_index": 3,
      "true_K_values": [
        600000000000000.0,
        1299999999999999.8,
        960000000000000.0
      ],
      "predicted_K_values": [
        595752798444957.8,
        1299183520561324.5,
        941198114496347.4
      ],
      "absolute_error": [
        4247201555042.25,
        816479438675.25,
        18801885503652.625
      ],
      "relative_error_percent": [
        0.707866925840375,
        0.06280611066732694,
        1.958529739963815
      ],
      "mse_per_K": [
        1.8038721049153307e+25,
        6.666386737794514e+23,
        3.5351089849246275e+26
      ],
      "total_mse": 3.722162582153955e+26,
      "total_samples_seen": 2000,
      "iteration": 10
    },
    {
      "seed": 46,
      "seed_index": 4,
      "true_K_values": [
        600000000000000.0,
        1299999999999999.8,
        960000000000000.0
      ],
      "predicted_K_values": [
        600397025727942.0,
        1278999405804653.8,
        953361061091444.6
      ],
      "absolute_error": [
        397025727942.0,
        21000594195346.0,
        6638938908555.375
      ],
      "relative_error_percent": [
        0.066170954657,
        1.6154303227189233,
        0.6915561363078515
      ],
      "mse_per_K": [
        1.57629428647875e+23,
        4.410249565576001e+26,
        4.4075509831530435e+25
      ],
      "total_mse": 4.8525809581777844e+26,
      "total_samples_seen": 2000,
      "iteration": 10
    }
  ],
  "mean_predictions": {
    "mean_predicted_K": [
      601359960012350.8,
      1311148473112544.5,
      949196430094589.0
    ],
    "std_predicted_K": [
      3517371104060.703,
      27905652737547.508,
      5084133608459.92
    ],
    "mean_absolute_error": [
      3058840634367.7,
      24371441294112.0,
      10803569905411.025
    ],
    "mean_relative_error": [
      0.5098067723946167,
      1.8747262533932312,
      1.1253718651469817
    ],
    "mean_total_mse": 1.0598008354183734e+27
  }
}