{
  "experiment_config": {
    "samples_per_iteration": 100,
    "shrink_rate": 1,
    "n_iterations": 20,
    "total_samples": 2000,
    "n_epochs": 50,
    "batch_size": 16,
    "initial_window_size": 1.0,
    "num_seeds": 5,
    "timestamp": "20251129_114159"
  },
  "predictions_per_seed": [
    {
      "seed": 42,
      "seed_index": 0,
      "true_K_values": [
        600000000000000.0,
        1299999999999999.8,
        960000000000000.0
      ],
      "predicted_K_values": [
        595524562084177.5,
        1272048354061575.2,
        965471254915783.1
      ],
      "absolute_error": [
        4475437915822.5,
        27951645938424.5,
        5471254915783.125
      ],
      "relative_error_percent": [
        0.74590631930375,
        2.150126610648039,
        0.5699223870607422
      ],
      "mse_per_K": [
        2.0029544538381643e+25,
        7.812945106670428e+26,
        2.9934630353481012e+25
      ],
      "total_mse": 8.312586855589054e+26,
      "total_samples_seen": 2000,
      "iteration": 20
    },
    {
      "seed": 43,
      "seed_index": 1,
      "true_K_values": [
        600000000000000.0,
        1299999999999999.8,
        960000000000000.0
      ],
      "predicted_K_values": [
        605608410711586.6,
        1418022453982458.2,
        945854261710644.1
      ],
      "absolute_error": [
        5608410711586.625,
        118022453982458.5,
        14145738289355.875
      ],
      "relative_error_percent": [
        0.9347351185977708,
        9.078650306342963,
        1.473514405141237
      ],
      "mse_per_K": [
        3.1454270709839592e+25,
        1.3929299644041534e+28,
        2.001019117509489e+26
      ],
      "total_mse": 1.4160855826502321e+28,
      "total_samples_seen": 2000,
      "iteration": 20
    },
    {
      "seed": 44,
      "seed_index": 2,
      "true_K_values": [
        600000000000000.0,
        1299999999999999.8,
        960000000000000.0
      ],
      "predicted_K_values": [
        622559985132658.5,
        1461460216404648.0,
        964017521293830.9
      ],
      "absolute_error": [
        22559985132658.5,
        161460216404648.25,
        4017521293830.875
      ],
      "relative_error_percent": [
        3.75999752210975,
        12.420016646511405,
        0.4184918014407161
      ],
      "mse_per_K": [
        5.089529291857726e+26,
        2.6069401481435846e+28,
        1.6140477346384507e+25
      ],
      "total_mse": 2.6594494887968004e+28,
      "total_samples_seen": 2000,
      "iteration": 20
    },
    {
      "seed": 45,
      "seed_index": 3,
      "true_K_values": [
        600000000000000.0,
        1299999999999999.8,
        960000000000000.0
      ],
      "predicted_K_values": [
        592570614236467.1,
        1299065044644308.0,
        956392743373654.4
      ],
      "absolute_error": [
        7429385763532.875,
        934955355691.75,
        3607256626345.625
      ],
      "relative_error_percent": [
        1.2382309605888124,
        0.07191964274551925,
        0.3757558985776693
      ],
      "mse_per_K": [
        5.519577282338496e+25,
        8.741415171366867e+23,
        1.3012300368314421e+25
      ],
      "total_mse": 6.908221470883607e+25,
      "total_samples_seen": 2000,
      "iteration": 20
    },
    {
      "seed": 46,
      "seed_index": 4,
      "true_K_values": [
        600000000000000.0,
        1299999999999999.8,
        960000000000000.0
      ],
      "predicted_K_values": [
        588405139720917.1,
        1283063052323082.2,
        945283650666416.8
      ],
      "absolute_error": [
        11594860279082.875,
        16936947676917.5,
        14716349333583.25
      ],
      "relative_error_percent": [
        1.9324767131804792,
        1.302842128993654,
        1.5329530555815885
      ],
      "mse_per_K": [
        1.344407848914538e+26,
        2.868601966106411e+26,
        2.1657093770805617e+26
      ],
      "total_mse": 6.378719192101511e+26,
      "total_samples_seen": 2000,
      "iteration": 20
    }
  ],
  "mean_predictions": {
    "mean_predicted_K": [
      600933742377161.2,
      1346731824283214.5,
      955403886392065.8
    ],
    "std_predicted_K": [
      12212402941389.525,
      77651030862553.23,
      8603940446586.06
    ],
    "mean_absolute_error": [
      10333615960536.676,
      65061243871628.1,
      8391624091779.75
    ],
    "mean_relative_error": [
      1.7222693267561122,
      5.004711067048317,
      0.8741275095603906
    ],
    "mean_total_mse": 8.458712706789643e+27
  }
}