{
  "experiment_config": {
    "samples_per_iteration": 800,
    "shrink_rate": 0.4,
    "n_iterations": 2,
    "total_samples": 1600,
    "n_epochs": 50,
    "batch_size": 16,
    "initial_window_size": 1.0,
    "num_seeds": 5,
    "timestamp": "20251121_154721"
  },
  "predictions_per_seed": [
    {
      "seed": 42,
      "seed_index": 0,
      "true_K_values": [
        600000000000000.0,
        1299999999999999.8,
        960000000000000.0
      ],
      "predicted_K_values": [
        601397803904074.1,
        1300368899213409.5,
        966081058636767.4
      ],
      "absolute_error": [
        1397803904074.125,
        368899213409.75,
        6081058636767.375
      ],
      "relative_error_percent": [
        0.2329673173456875,
        0.028376862569980774,
        0.6334436079966016
      ],
      "mse_per_K": [
        1.9538557542448657e+24,
        1.3608662965433227e+23,
        3.6979274143803085e+25
      ],
      "total_mse": 3.906921652770228e+25,
      "total_samples_seen": 1600,
      "iteration": 2
    },
    {
      "seed": 43,
      "seed_index": 1,
      "true_K_values": [
        600000000000000.0,
        1299999999999999.8,
        960000000000000.0
      ],
      "predicted_K_values": [
        605973188348684.5,
        1322351369981056.2,
        966328458832820.6
      ],
      "absolute_error": [
        5973188348684.5,
        22351369981056.5,
        6328458832820.625
      ],
      "relative_error_percent": [
        0.9955313914474166,
        1.7193361523889619,
        0.6592144617521485
      ],
      "mse_per_K": [
        3.567897904886026e+25,
        4.9958374003007364e+26,
        4.0049391198705384e+25
      ],
      "total_mse": 5.7531211027763924e+26,
      "total_samples_seen": 1134,
      "iteration": 2
    },
    {
      "seed": 44,
      "seed_index": 2,
      "true_K_values": [
        600000000000000.0,
        1299999999999999.8,
        960000000000000.0
      ],
      "predicted_K_values": [
        610242588728293.9,
        1331802805619863.5,
        968089096860792.8
      ],
      "absolute_error": [
        10242588728293.875,
        31802805619863.75,
        8089096860792.75
      ],
      "relative_error_percent": [
        1.7070981213823124,
        2.446369663066443,
        0.8426142563325781
      ],
      "mse_per_K": [
        1.0491062385697273e+26,
        1.0114184452948373e+27,
        6.543348802328712e+25
      ],
      "total_mse": 1.1817625571750971e+27,
      "total_samples_seen": 1130,
      "iteration": 2
    },
    {
      "seed": 45,
      "seed_index": 3,
      "true_K_values": [
        600000000000000.0,
        1299999999999999.8,
        960000000000000.0
      ],
      "predicted_K_values": [
        607277804839010.9,
        1331185801628498.8,
        966400436040645.5
      ],
      "absolute_error": [
        7277804839010.875,
        31185801628499.0,
        6400436040645.5
      ],
      "relative_error_percent": [
        1.2129674731684792,
        2.3989078175768466,
        0.6667120875672395
      ],
      "mse_per_K": [
        5.296644327473011e+25,
        9.725542232120909e+26,
        4.096558151039385e+25
      ],
      "total_mse": 1.0664862479972149e+27,
      "total_samples_seen": 1147,
      "iteration": 2
    },
    {
      "seed": 46,
      "seed_index": 4,
      "true_K_values": [
        600000000000000.0,
        1299999999999999.8,
        960000000000000.0
      ],
      "predicted_K_values": [
        608592148732993.4,
        1329233039749202.0,
        966558351059403.0
      ],
      "absolute_error": [
        8592148732993.375,
        29233039749202.25,
        6558351059403.0
      ],
      "relative_error_percent": [
        1.432024788832229,
        2.2486953653232504,
        0.6831615686878125
      ],
      "mse_per_K": [
        7.3825019849879656e+25,
        8.545706129784387e+26,
        4.301196861837245e+25
      ],
      "total_mse": 9.714076014466908e+26,
      "total_samples_seen": 1146,
      "iteration": 2
    }
  ],
  "mean_predictions": {
    "mean_predicted_K": [
      606696706910611.4,
      1322988383238406.0,
      966691480286086.0
    ],
    "std_predicted_K": [
      3003514759462.273,
      11797747993290.14,
      715564308666.1111
    ],
    "mean_absolute_error": [
      6696706910611.35,
      22988383238406.25,
      6691480286085.85
    ],
    "mean_relative_error": [
      1.116117818435225,
      1.7683371721850965,
      0.6970291964672761
    ],
    "mean_total_mse": 7.668075466848688e+26
  }
}