{
  "experiment_config": {
    "samples_per_iteration": 800,
    "shrink_rate": 0.4,
    "n_iterations": 5,
    "total_samples": 4000,
    "n_epochs": 50,
    "batch_size": 16,
    "initial_window_size": 1.0,
    "num_seeds": 5,
    "timestamp": "20251207_123459"
  },
  "predictions_per_seed": [
    {
      "seed": 42,
      "seed_index": 0,
      "true_K_values": [
        600000000000000.0,
        1299999999999999.8,
        960000000000000.0
      ],
      "predicted_K_values": [
        597879630881805.5,
        1285064133792064.2,
        957869878170487.8
      ],
      "absolute_error": [
        2120369118194.5,
        14935866207935.5,
        2130121829512.25
      ],
      "relative_error_percent": [
        0.3533948530324167,
        1.1489127852258079,
        0.22188769057419272
      ],
      "mse_per_K": [
        4.495965197392921e+24,
        2.2308009938134957e+26,
        4.5374190085646153e+24
      ],
      "total_mse": 2.321134835873071e+26,
      "total_samples_seen": 4000,
      "iteration": 5
    },
    {
      "seed": 43,
      "seed_index": 1,
      "true_K_values": [
        600000000000000.0,
        1299999999999999.8,
        960000000000000.0
      ],
      "predicted_K_values": [
        599822751287107.0,
        1290935041374055.0,
        960952940049380.0
      ],
      "absolute_error": [
        177248712893.0,
        9064958625944.75,
        952940049380.0
      ],
      "relative_error_percent": [
        0.029541452148833334,
        0.6973045096880578,
        0.09926458847708333
      ],
      "mse_per_K": [
        3.1417106222225144e+22,
        8.217347489009014e+25,
        9.080947377123569e+23
      ],
      "total_mse": 8.311298673402472e+25,
      "total_samples_seen": 4000,
      "iteration": 5
    },
    {
      "seed": 44,
      "seed_index": 2,
      "true_K_values": [
        600000000000000.0,
        1299999999999999.8,
        960000000000000.0
      ],
      "predicted_K_values": [
        601559450464827.2,
        1308500373753220.2,
        961550957359544.0
      ],
      "absolute_error": [
        1559450464827.25,
        8500373753220.5,
        1550957359544.0
      ],
      "relative_error_percent": [
        0.2599084108045417,
        0.6538749040938847,
        0.16155805828583333
      ],
      "mse_per_K": [
        2.431885752249926e+24,
        7.225635394443997e+25,
        2.4054687311236965e+24
      ],
      "total_mse": 7.70937084278136e+25,
      "total_samples_seen": 4000,
      "iteration": 5
    },
    {
      "seed": 45,
      "seed_index": 3,
      "true_K_values": [
        600000000000000.0,
        1299999999999999.8,
        960000000000000.0
      ],
      "predicted_K_values": [
        598961375388367.9,
        1304026630204386.5,
        957728956180922.6
      ],
      "absolute_error": [
        1038624611632.125,
        4026630204386.75,
        2271043819077.375
      ],
      "relative_error_percent": [
        0.1731041019386875,
        0.309740784952827,
        0.23656706448722656
      ],
      "mse_per_K": [
        1.0787410838879825e+24,
        1.621375080287968e+25,
        5.157640028169548e+24
      ],
      "total_mse": 2.2450131914937213e+25,
      "total_samples_seen": 4000,
      "iteration": 5
    },
    {
      "seed": 46,
      "seed_index": 4,
      "true_K_values": [
        600000000000000.0,
        1299999999999999.8,
        960000000000000.0
      ],
      "predicted_K_values": [
        598438098291699.6,
        1289211720110523.0,
        958411023187664.4
      ],
      "absolute_error": [
        1561901708300.375,
        10788279889476.75,
        1588976812335.625
      ],
      "relative_error_percent": [
        0.26031695138339583,
        0.829867683805904,
        0.1655184179516276
      ],
      "mse_per_K": [
        2.4395369463916295e+24,
        1.1638698297368847e+26,
        2.524847310140284e+24
      ],
      "total_mse": 1.2135136723022039e+26,
      "total_samples_seen": 4000,
      "iteration": 5
    }
  ],
  "mean_predictions": {
    "mean_predicted_K": [
      599332261262761.4,
      1295547579846849.8,
      959302750989599.8
    ],
    "std_predicted_K": [
      1284380860967.6506,
      9066316075359.04,
      1618807518094.098
    ],
    "mean_absolute_error": [
      1291518923169.45,
      9463221736192.85,
      1698807973969.85
    ],
    "mean_relative_error": [
      0.215253153861575,
      0.7279401335532962,
      0.1769591639551927
    ],
    "mean_total_mse": 1.072243355788606e+26
  }
}