{
  "experiment_config": {
    "samples_per_iteration": 800,
    "shrink_rate": 0.2,
    "n_iterations": 4,
    "total_samples": 3200,
    "n_epochs": 50,
    "batch_size": 16,
    "initial_window_size": 1.0,
    "num_seeds": 5,
    "timestamp": "20251123_194532"
  },
  "predictions_per_seed": [
    {
      "seed": 42,
      "seed_index": 0,
      "true_K_values": [
        600000000000000.0,
        1299999999999999.8,
        960000000000000.0
      ],
      "predicted_K_values": [
        598992667587628.8,
        1292852570219206.2,
        959083592407046.0
      ],
      "absolute_error": [
        1007332412371.25,
        7147429780793.5,
        916407592954.0
      ],
      "relative_error_percent": [
        0.16788873539520832,
        0.5498022908302693,
        0.09545912426604167
      ],
      "mse_per_K": [
        1.0147185890136821e+24,
        5.108575247137382e+25,
        8.398028764237442e+23
      ],
      "total_mse": 5.294027393681125e+25,
      "total_samples_seen": 3200,
      "iteration": 4
    },
    {
      "seed": 43,
      "seed_index": 1,
      "true_K_values": [
        600000000000000.0,
        1299999999999999.8,
        960000000000000.0
      ],
      "predicted_K_values": [
        599990262900064.5,
        1302099886565689.5,
        959585487531879.4
      ],
      "absolute_error": [
        9737099935.5,
        2099886565689.75,
        414512468120.625
      ],
      "relative_error_percent": [
        0.00162284998925,
        0.1615297358222885,
        0.043178382095898436
      ],
      "mse_per_K": [
        9.48111151539141e+19,
        4.4095235887642926e+24,
        1.7182058622745215e+23
      ],
      "total_mse": 4.581438986106899e+24,
      "total_samples_seen": 3200,
      "iteration": 4
    },
    {
      "seed": 44,
      "seed_index": 2,
      "true_K_values": [
        600000000000000.0,
        1299999999999999.8,
        960000000000000.0
      ],
      "predicted_K_values": [
        598107938767612.6,
        1283981589138540.2,
        958532606308990.2
      ],
      "absolute_error": [
        1892061232387.375,
        16018410861459.5,
        1467393691009.75
      ],
      "relative_error_percent": [
        0.31534353873122917,
        1.2321854508815002,
        0.15285350948018228
      ],
      "mse_per_K": [
        3.5798957071032325e+24,
        2.5658948652652367e+26,
        2.1532442444152177e+24
      ],
      "total_mse": 2.623226264780421e+26,
      "total_samples_seen": 3200,
      "iteration": 4
    },
    {
      "seed": 45,
      "seed_index": 3,
      "true_K_values": [
        600000000000000.0,
        1299999999999999.8,
        960000000000000.0
      ],
      "predicted_K_values": [
        599653022398316.1,
        1298951369712164.0,
        959565519292188.6
      ],
      "absolute_error": [
        346977601683.875,
        1048630287835.75,
        434480707811.375
      ],
      "relative_error_percent": [
        0.057829600280645835,
        0.08066386829505771,
        0.0452584070636849
      ],
      "mse_per_K": [
        1.2039345607029382e+23,
        1.0996254805664879e+24,
        1.887734854602734e+23
      ],
      "total_mse": 1.4087924220970553e+24,
      "total_samples_seen": 3200,
      "iteration": 4
    },
    {
      "seed": 46,
      "seed_index": 4,
      "true_K_values": [
        600000000000000.0,
        1299999999999999.8,
        960000000000000.0
      ],
      "predicted_K_values": [
        600831754841330.5,
        1306308956464613.0,
        960722246804586.6
      ],
      "absolute_error": [
        831754841330.5,
        6308956464613.25,
        722246804586.625
      ],
      "relative_error_percent": [
        0.13862580688841666,
        0.4853043434317886,
        0.0752340421444401
      ],
      "mse_per_K": [
        6.918161160767253e+23,
        3.980293167238532e+25,
        5.216404467355905e+23
      ],
      "total_mse": 4.101638823519764e+25,
      "total_samples_seen": 2637,
      "iteration": 4
    }
  ],
  "mean_predictions": {
    "mean_predicted_K": [
      599515129298990.5,
      1296838874420042.5,
      959497890468938.2
    ],
    "std_predicted_K": [
      919937030007.1487,
      7784905202740.962,
      723147527596.7759
    ],
    "mean_absolute_error": [
      817572637541.7,
      6524662792078.35,
      791008252896.475
    ],
    "mean_relative_error": [
      0.13626210625694998,
      0.5018971378521808,
      0.08239669301004948
    ],
    "mean_total_mse": 7.2453904011651e+25
  }
}