{
  "experiment_config": {
    "samples_per_iteration": 800,
    "shrink_rate": 1,
    "n_iterations": 1,
    "total_samples": 800,
    "n_epochs": 50,
    "batch_size": 16,
    "initial_window_size": 1.0,
    "num_seeds": 5,
    "timestamp": "20251204_202456"
  },
  "predictions_per_seed": [
    {
      "seed": 42,
      "seed_index": 0,
      "true_K_values": [
        600000000000000.0,
        1299999999999999.8,
        960000000000000.0
      ],
      "predicted_K_values": [
        632855154451990.2,
        1387098071454415.2,
        989046937335707.0
      ],
      "absolute_error": [
        32855154451990.25,
        87098071454415.5,
        29046937335707.0
      ],
      "relative_error_percent": [
        5.475859075331709,
        6.699851650339655,
        3.025722639136146
      ],
      "mse_per_K": [
        1.0794611740641348e+27,
        7.586074051078468e+27,
        8.437245685844893e+26
      ],
      "total_mse": 9.509259793727092e+27,
      "total_samples_seen": 800,
      "iteration": 1
    },
    {
      "seed": 43,
      "seed_index": 1,
      "true_K_values": [
        600000000000000.0,
        1299999999999999.8,
        960000000000000.0
      ],
      "predicted_K_values": [
        609875665340389.6,
        1299269009066152.2,
        970065208787547.5
      ],
      "absolute_error": [
        9875665340389.625,
        730990933847.5,
        10065208787547.5
      ],
      "relative_error_percent": [
        1.6459442233982708,
        0.056230071834423086,
        1.0484592487028646
      ],
      "mse_per_K": [
        9.752876591537293e+25,
        5.343477453672401e+23,
        1.0130842793692342e+26
      ],
      "total_mse": 1.993715415976636e+26,
      "total_samples_seen": 800,
      "iteration": 1
    },
    {
      "seed": 44,
      "seed_index": 2,
      "true_K_values": [
        600000000000000.0,
        1299999999999999.8,
        960000000000000.0
      ],
      "predicted_K_values": [
        650007428098492.9,
        1510665820104547.8,
        989490129268784.9
      ],
      "absolute_error": [
        50007428098492.875,
        210665820104548.0,
        29490129268784.875
      ],
      "relative_error_percent": [
        8.334571349748813,
        16.205063084965232,
        3.0718884654984246
      ],
      "mse_per_K": [
        2.5007428650259346e+27,
        4.438008776032178e+28,
        8.696677242896424e+26
      ],
      "total_mse": 4.775049834963736e+28,
      "total_samples_seen": 800,
      "iteration": 1
    },
    {
      "seed": 45,
      "seed_index": 3,
      "true_K_values": [
        600000000000000.0,
        1299999999999999.8,
        960000000000000.0
      ],
      "predicted_K_values": [
        632212931235617.4,
        1420611733533569.5,
        999703225891333.6
      ],
      "absolute_error": [
        32212931235617.375,
        120611733533569.75,
        39703225891333.625
      ],
      "relative_error_percent": [
        5.368821872602896,
        9.277825656428444,
        4.13575269701392
      ],
      "mse_per_K": [
        1.0376729387906136e+27,
        1.4547190265972835e+28,
        1.5763461461782646e+27
      ],
      "total_mse": 1.7161209350941714e+28,
      "total_samples_seen": 800,
      "iteration": 1
    },
    {
      "seed": 46,
      "seed_index": 4,
      "true_K_values": [
        600000000000000.0,
        1299999999999999.8,
        960000000000000.0
      ],
      "predicted_K_values": [
        621434896459805.8,
        1406380840018881.8,
        975080269375998.4
      ],
      "absolute_error": [
        21434896459805.75,
        106380840018882.0,
        15080269375998.375
      ],
      "relative_error_percent": [
        3.5724827433009585,
        8.183141539914002,
        1.570861393333164
      ],
      "mse_per_K": [
        4.594547862425931e+26,
        1.1316883123122965e+28,
        2.274145244526744e+26
      ],
      "total_mse": 1.2003752433818234e+28,
      "total_samples_seen": 800,
      "iteration": 1
    }
  ],
  "mean_predictions": {
    "mean_predicted_K": [
      629277215117259.2,
      1404805094835513.2,
      984677154131874.2
    ],
    "std_predicted_K": [
      13334795873408.06,
      67690811829725.42,
      10711225057859.592
    ],
    "mean_absolute_error": [
      29277215117259.176,
      105097491209052.55,
      24677154131874.273
    ],
    "mean_relative_error": [
      4.87953585287653,
      8.08442240069635,
      2.5705368887369042
    ],
    "mean_total_mse": 1.7324818293944414e+28
  }
}