{
  "experiment_config": {
    "samples_per_iteration": 800,
    "shrink_rate": 0.2,
    "n_iterations": 5,
    "total_samples": 4000,
    "n_epochs": 50,
    "batch_size": 16,
    "initial_window_size": 1.0,
    "num_seeds": 5,
    "timestamp": "20251124_155433"
  },
  "predictions_per_seed": [
    {
      "seed": 42,
      "seed_index": 0,
      "true_K_values": [
        600000000000000.0,
        1299999999999999.8,
        960000000000000.0
      ],
      "predicted_K_values": [
        598975108193529.2,
        1289020919679458.2,
        959563745609006.9
      ],
      "absolute_error": [
        1024891806470.75,
        10979080320541.5,
        436254390993.125
      ],
      "relative_error_percent": [
        0.17081530107845833,
        0.844544640041654,
        0.04544316572845052
      ],
      "mse_per_K": [
        1.0504032149708773e+24,
        1.2054020468490164e+26,
        1.903178936607824e+23
      ],
      "total_mse": 1.217809257935333e+26,
      "total_samples_seen": 4000,
      "iteration": 5
    },
    {
      "seed": 43,
      "seed_index": 1,
      "true_K_values": [
        600000000000000.0,
        1299999999999999.8,
        960000000000000.0
      ],
      "predicted_K_values": [
        600185311648371.5,
        1301117697983050.0,
        960301254519073.2
      ],
      "absolute_error": [
        185311648371.5,
        1117697983050.25,
        301254519073.25
      ],
      "relative_error_percent": [
        0.030885274728583333,
        0.08597676792694232,
        0.03138067907013021
      ],
      "mse_per_K": [
        3.4340407022162457e+22,
        1.249248781314597e+24,
        9.075428526205515e+22
      ],
      "total_mse": 1.3743434735988144e+24,
      "total_samples_seen": 3354,
      "iteration": 5
    },
    {
      "seed": 44,
      "seed_index": 2,
      "true_K_values": [
        600000000000000.0,
        1299999999999999.8,
        960000000000000.0
      ],
      "predicted_K_values": [
        601530411303913.1,
        1309829627081002.2,
        961552101671274.1
      ],
      "absolute_error": [
        1530411303913.125,
        9829627081002.5,
        1552101671274.125
      ],
      "relative_error_percent": [
        0.2550685506521875,
        0.7561251600771155,
        0.16167725742438802
      ],
      "mse_per_K": [
        2.3421587591450716e+24,
        9.662156855157774e+25,
        2.409019597971932e+24
      ],
      "total_mse": 1.0137274690869474e+26,
      "total_samples_seen": 4000,
      "iteration": 5
    },
    {
      "seed": 45,
      "seed_index": 3,
      "true_K_values": [
        600000000000000.0,
        1299999999999999.8,
        960000000000000.0
      ],
      "predicted_K_values": [
        600332581678721.4,
        1300713331160396.2,
        960447268695837.4
      ],
      "absolute_error": [
        332581678721.375,
        713331160396.5,
        447268695837.375
      ],
      "relative_error_percent": [
        0.05543027978689583,
        0.0548716277228077,
        0.04659048914972656
      ],
      "mse_per_K": [
        1.106105730211279e+23,
        5.088413443926172e+23,
        2.000492862760663e+23
      ],
      "total_mse": 8.195012036898114e+23,
      "total_samples_seen": 3315,
      "iteration": 5
    },
    {
      "seed": 46,
      "seed_index": 4,
      "true_K_values": [
        600000000000000.0,
        1299999999999999.8,
        960000000000000.0
      ],
      "predicted_K_values": [
        599937799292846.6,
        1297597491978100.0,
        960179385319814.8
      ],
      "absolute_error": [
        62200707153.375,
        2402508021899.75,
        179385319814.75
      ],
      "relative_error_percent": [
        0.0103667845255625,
        0.18480830937690387,
        0.01868597081403646
      ],
      "mse_per_K": [
        3.868927970379916e+21,
        5.77204479529265e+24,
        3.217909296504014e+22
      ],
      "total_mse": 5.80809281622807e+24,
      "total_samples_seen": 3284,
      "iteration": 5
    }
  ],
  "mean_predictions": {
    "mean_predicted_K": [
      600192242423476.4,
      1299655813576401.2,
      960408751163001.2
    ],
    "std_predicted_K": [
      819340727073.8186,
      6694767907650.45,
      646054578168.3467
    ],
    "mean_absolute_error": [
      627079428926.025,
      5008448913378.1,
      583252919398.525
    ],
    "mean_relative_error": [
      0.10451323815433748,
      0.3852653010290847,
      0.06075551243734635
    ],
    "mean_total_mse": 4.623112203914895e+25
  }
}