{
  "experiment_config": {
    "samples_per_iteration": 800,
    "shrink_rate": 0.4,
    "n_iterations": 4,
    "total_samples": 3200,
    "n_epochs": 50,
    "batch_size": 16,
    "initial_window_size": 2.0,
    "num_seeds": 5,
    "timestamp": "20251209_223318"
  },
  "predictions_per_seed": [
    {
      "seed": 42,
      "seed_index": 0,
      "true_K_values": [
        600000000000000.0,
        1299999999999999.8,
        960000000000000.0
      ],
      "predicted_K_values": [
        599751369310278.9,
        1295068534478855.5,
        960646150074533.2
      ],
      "absolute_error": [
        248630689721.125,
        4931465521144.25,
        646150074533.25
      ],
      "relative_error_percent": [
        0.04143844828685417,
        0.37934350162648084,
        0.06730729943054688
      ],
      "mse_per_K": [
        6.181721987120233e+22,
        2.431935218623453e+25,
        4.175099188193245e+23
      ],
      "total_mse": 2.4798679324925056e+25,
      "total_samples_seen": 3200,
      "iteration": 4
    },
    {
      "seed": 43,
      "seed_index": 1,
      "true_K_values": [
        600000000000000.0,
        1299999999999999.8,
        960000000000000.0
      ],
      "predicted_K_values": [
        602077005559344.9,
        1313864312819715.8,
        963052637642988.5
      ],
      "absolute_error": [
        2077005559344.875,
        13864312819716.0,
        3052637642988.5
      ],
      "relative_error_percent": [
        0.3461675932241458,
        1.0664856015166155,
        0.3179830878113021
      ],
      "mse_per_K": [
        4.313952093549517e+24,
        1.9221916996294143e+26,
        9.318596579390384e+24
      ],
      "total_mse": 2.0585171863588133e+26,
      "total_samples_seen": 3200,
      "iteration": 4
    },
    {
      "seed": 44,
      "seed_index": 2,
      "true_K_values": [
        600000000000000.0,
        1299999999999999.8,
        960000000000000.0
      ],
      "predicted_K_values": [
        598909805843986.0,
        1291932562134190.5,
        956833360605339.5
      ],
      "absolute_error": [
        1090194156014.0,
        8067437865809.25,
        3166639394660.5
      ],
      "relative_error_percent": [
        0.18169902600233334,
        0.6205721435237885,
        0.32985827027713543
      ],
      "mse_per_K": [
        1.1885232978070777e+24,
        6.508355371869291e+25,
        1.0027605055815817e+25
      ],
      "total_mse": 7.62996820723158e+25,
      "total_samples_seen": 3200,
      "iteration": 4
    },
    {
      "seed": 45,
      "seed_index": 3,
      "true_K_values": [
        600000000000000.0,
        1299999999999999.8,
        960000000000000.0
      ],
      "predicted_K_values": [
        599690680324969.5,
        1296116465580153.0,
        960136015905243.0
      ],
      "absolute_error": [
        309319675030.5,
        3883534419846.75,
        136015905243.0
      ],
      "relative_error_percent": [
        0.05155327917175,
        0.2987334169112885,
        0.0141683234628125
      ],
      "mse_per_K": [
        9.567866136097412e+22,
        1.5081839590134434e+25,
        1.8500326479072755e+22
      ],
      "total_mse": 1.5196018577974479e+25,
      "total_samples_seen": 3200,
      "iteration": 4
    },
    {
      "seed": 46,
      "seed_index": 4,
      "true_K_values": [
        600000000000000.0,
        1299999999999999.8,
        960000000000000.0
      ],
      "predicted_K_values": [
        600248682822188.9,
        1297394147038175.0,
        962305974239081.2
      ],
      "absolute_error": [
        248682822188.875,
        2605852961824.75,
        2305974239081.25
      ],
      "relative_error_percent": [
        0.04144713703147917,
        0.2004502278326731,
        0.24020564990429688
      ],
      "mse_per_K": [
        6.184314605182362e+22,
        6.790469658650822e+24,
        5.31751719130635e+24
      ],
      "total_mse": 1.2169829996008995e+25,
      "total_samples_seen": 3200,
      "iteration": 4
    }
  ],
  "mean_predictions": {
    "mean_predicted_K": [
      600135508772153.6,
      1298875204410217.8,
      960594827693437.0
    ],
    "std_predicted_K": [
      1061131592403.8527,
      7709326293817.005,
      2160121716358.2446
    ],
    "mean_absolute_error": [
      794766580459.875,
      6670520717668.2,
      1861483451301.3
    ],
    "mean_relative_error": [
      0.1324610967433125,
      0.5131169782821694,
      0.19390452617721876
    ],
    "mean_total_mse": 6.686318572142113e+25
  }
}