{
  "experiment_config": {
    "samples_per_iteration": 500,
    "shrink_rate": 0.4,
    "n_iterations": 2,
    "total_samples": 1000,
    "n_epochs": 50,
    "batch_size": 16,
    "initial_window_size": 1.0,
    "num_seeds": 5,
    "timestamp": "20251204_180517"
  },
  "predictions_per_seed": [
    {
      "seed": 42,
      "seed_index": 0,
      "true_K_values": [
        600000000000000.0,
        1299999999999999.8,
        960000000000000.0
      ],
      "predicted_K_values": [
        608839267700870.4,
        1302124356101491.5,
        970288235143749.1
      ],
      "absolute_error": [
        8839267700870.375,
        2124356101491.75,
        10288235143749.125
      ],
      "relative_error_percent": [
        1.473211283478396,
        0.16341200780705772,
        1.0716911608072006
      ],
      "mse_per_K": [
        7.813265348765024e+25,
        4.5128888459452266e+24,
        1.0584778237307459e+26
      ],
      "total_mse": 1.8849332470667007e+26,
      "total_samples_seen": 1000,
      "iteration": 2
    },
    {
      "seed": 43,
      "seed_index": 1,
      "true_K_values": [
        600000000000000.0,
        1299999999999999.8,
        960000000000000.0
      ],
      "predicted_K_values": [
        617430424779766.9,
        1373502301777224.2,
        972689802171764.9
      ],
      "absolute_error": [
        17430424779766.875,
        73502301777224.5,
        12689802171764.875
      ],
      "relative_error_percent": [
        2.9050707966278124,
        5.654023213632655,
        1.3218543928921744
      ],
      "mse_per_K": [
        3.0381970800311112e+26,
        5.40258836655018e+27,
        1.6103107915852854e+26
      ],
      "total_mse": 5.86743915371182e+27,
      "total_samples_seen": 1000,
      "iteration": 2
    },
    {
      "seed": 44,
      "seed_index": 2,
      "true_K_values": [
        600000000000000.0,
        1299999999999999.8,
        960000000000000.0
      ],
      "predicted_K_values": [
        604607417960373.9,
        1283133595826613.0,
        962522134724902.0
      ],
      "absolute_error": [
        4607417960373.875,
        16866404173386.75,
        2522134724902.0
      ],
      "relative_error_percent": [
        0.7679029933956458,
        1.297415705645135,
        0.2627223671772917
      ],
      "mse_per_K": [
        2.122830026157576e+25,
        2.8447558974003797e+26,
        6.361163570556487e+24
      ],
      "total_mse": 3.120650535721702e+26,
      "total_samples_seen": 1000,
      "iteration": 2
    },
    {
      "seed": 45,
      "seed_index": 3,
      "true_K_values": [
        600000000000000.0,
        1299999999999999.8,
        960000000000000.0
      ],
      "predicted_K_values": [
        602403660357114.8,
        1245594617672771.0,
        959738653656956.8
      ],
      "absolute_error": [
        2403660357114.75,
        54405382327228.75,
        261346343043.25
      ],
      "relative_error_percent": [
        0.400610059519125,
        4.185029409786828,
        0.027223577400338542
      ],
      "mse_per_K": [
        5.777583112365007e+24,
        2.9599456261719346e+27,
        6.830191102208011e+22
      ],
      "total_mse": 2.9657915111953214e+27,
      "total_samples_seen": 1000,
      "iteration": 2
    },
    {
      "seed": 46,
      "seed_index": 4,
      "true_K_values": [
        600000000000000.0,
        1299999999999999.8,
        960000000000000.0
      ],
      "predicted_K_values": [
        606017676915405.0,
        1240695909527475.0,
        967621416656690.1
      ],
      "absolute_error": [
        6017676915405.0,
        59304090472524.75,
        7621416656690.125
      ],
      "relative_error_percent": [
        1.0029461525675,
        4.561853113271136,
        0.7938975684052213
      ],
      "mse_per_K": [
        3.6212435458198238e+25,
        3.5169751467734006e+27,
        5.808599185487368e+25
      ],
      "total_mse": 3.6112735740864725e+27,
      "total_samples_seen": 1000,
      "iteration": 2
    }
  ],
  "mean_predictions": {
    "mean_predicted_K": [
      607859689542706.2,
      1289010156181115.0,
      966572048470812.6
    ],
    "std_predicted_K": [
      5221055099963.538,
      48092856605246.68,
      4804897779443.51
    ],
    "mean_absolute_error": [
      7859689542706.175,
      41240506970371.3,
      6676587008029.875
    ],
    "mean_relative_error": [
      1.309948257117696,
      3.1723466900285624,
      0.6954778133364453
    ],
    "mean_total_mse": 2.589012523454491e+27
  }
}