{
  "experiment_config": {
    "samples_per_iteration": 800,
    "shrink_rate": 0.2,
    "n_iterations": 2,
    "total_samples": 1600,
    "n_epochs": 50,
    "batch_size": 16,
    "initial_window_size": 1.0,
    "num_seeds": 5,
    "timestamp": "20251206_200947"
  },
  "predictions_per_seed": [
    {
      "seed": 42,
      "seed_index": 0,
      "true_K_values": [
        600000000000000.0,
        1299999999999999.8,
        960000000000000.0
      ],
      "predicted_K_values": [
        601975940696360.8,
        1312001995300599.0,
        961569380778399.0
      ],
      "absolute_error": [
        1975940696360.75,
        12001995300599.25,
        1569380778399.0
      ],
      "relative_error_percent": [
        0.3293234493934583,
        0.923230407738404,
        0.1634771644165625
      ],
      "mse_per_K": [
        3.9043416355346054e+24,
        1.4404789119560648e+26,
        2.462956027608251e+24
      ],
      "total_mse": 1.5041518885874934e+26,
      "total_samples_seen": 1600,
      "iteration": 2
    },
    {
      "seed": 43,
      "seed_index": 1,
      "true_K_values": [
        600000000000000.0,
        1299999999999999.8,
        960000000000000.0
      ],
      "predicted_K_values": [
        601684047061655.5,
        1303582771409393.8,
        960922272495012.6
      ],
      "absolute_error": [
        1684047061655.5,
        3582771409394.0,
        922272495012.625
      ],
      "relative_error_percent": [
        0.28067451027591667,
        0.2755978007226154,
        0.09607005156381511
      ],
      "mse_per_K": [
        2.8360145058705234e+24,
        1.2836250971971068e+25,
        8.505865550568124e+23
      ],
      "total_mse": 1.6522852032898405e+25,
      "total_samples_seen": 1600,
      "iteration": 2
    },
    {
      "seed": 44,
      "seed_index": 2,
      "true_K_values": [
        600000000000000.0,
        1299999999999999.8,
        960000000000000.0
      ],
      "predicted_K_values": [
        602171847744990.4,
        1315024292713120.0,
        961369469519146.0
      ],
      "absolute_error": [
        2171847744990.375,
        15024292713120.25,
        1369469519146.0
      ],
      "relative_error_percent": [
        0.3619746241650625,
        1.1557148240861732,
        0.14265307491104168
      ],
      "mse_per_K": [
        4.716922627419777e+24,
        2.2572937152951825e+26,
        1.8754467638699763e+24
      ],
      "total_mse": 2.32321740920808e+26,
      "total_samples_seen": 1600,
      "iteration": 2
    },
    {
      "seed": 45,
      "seed_index": 3,
      "true_K_values": [
        600000000000000.0,
        1299999999999999.8,
        960000000000000.0
      ],
      "predicted_K_values": [
        601343516408670.6,
        1310005095334570.8,
        961792178272254.6
      ],
      "absolute_error": [
        1343516408670.625,
        10005095334571.0,
        1792178272254.625
      ],
      "relative_error_percent": [
        0.22391940144510417,
        0.7696227180439232,
        0.1866852366931901
      ],
      "mse_per_K": [
        1.8050363403672138e+24,
        1.001019326538544e+26,
        3.2119029595415726e+24
      ],
      "total_mse": 1.0511887195376317e+26,
      "total_samples_seen": 1600,
      "iteration": 2
    },
    {
      "seed": 46,
      "seed_index": 4,
      "true_K_values": [
        600000000000000.0,
        1299999999999999.8,
        960000000000000.0
      ],
      "predicted_K_values": [
        602443785897195.5,
        1310734690164721.0,
        961426799536825.2
      ],
      "absolute_error": [
        2443785897195.5,
        10734690164721.25,
        1426799536825.25
      ],
      "relative_error_percent": [
        0.40729764953258335,
        0.8257453972862502,
        0.1486249517526302
      ],
      "mse_per_K": [
        5.972089511331615e+24,
        1.1523357293256314e+26,
        2.035756918284748e+24
      ],
      "total_mse": 1.232414193621795e+26,
      "total_samples_seen": 1600,
      "iteration": 2
    }
  ],
  "mean_predictions": {
    "mean_predicted_K": [
      601923827561774.5,
      1310269768984481.0,
      961416020120327.4
    ],
    "std_predicted_K": [
      381796328768.8043,
      3757878239391.4355,
      286734831682.4528
    ],
    "mean_absolute_error": [
      1923827561774.55,
      10269768984481.15,
      1416020120327.5
    ],
    "mean_relative_error": [
      0.320637926962425,
      0.7899822295754733,
      0.14750209586744795
    ],
    "mean_total_mse": 1.2552401462567971e+26
  }
}