{
  "experiment_config": {
    "samples_per_iteration": 500,
    "shrink_rate": 0.4,
    "n_iterations": 8,
    "total_samples": 4000,
    "n_epochs": 50,
    "batch_size": 16,
    "initial_window_size": 1.0,
    "num_seeds": 5,
    "timestamp": "20251204_202945"
  },
  "predictions_per_seed": [
    {
      "seed": 42,
      "seed_index": 0,
      "true_K_values": [
        600000000000000.0,
        1299999999999999.8,
        960000000000000.0
      ],
      "predicted_K_values": [
        600312053996006.4,
        1298959577847591.2,
        960808184615519.1
      ],
      "absolute_error": [
        312053996006.375,
        1040422152408.5,
        808184615519.125
      ],
      "relative_error_percent": [
        0.05200899933439583,
        0.08003247326219232,
        0.08418589744990886
      ],
      "mse_per_K": [
        9.73776964235467e+22,
        1.082478255222336e+24,
        6.531623727617959e+23
      ],
      "total_mse": 1.8330183244076784e+24,
      "total_samples_seen": 3500,
      "iteration": 7
    },
    {
      "seed": 43,
      "seed_index": 1,
      "true_K_values": [
        600000000000000.0,
        1299999999999999.8,
        960000000000000.0
      ],
      "predicted_K_values": [
        598107295042370.8,
        1285020460316771.8,
        958589192524045.0
      ],
      "absolute_error": [
        1892704957629.25,
        14979539683228.0,
        1410807475955.0
      ],
      "relative_error_percent": [
        0.31545082627154164,
        1.152272283325231,
        0.14695911207864584
      ],
      "mse_per_K": [
        3.582332056634341e+24,
        2.243866091214024e+26,
        1.9903777342105178e+24
      ],
      "total_mse": 2.2995931891224727e+26,
      "total_samples_seen": 3050,
      "iteration": 7
    },
    {
      "seed": 44,
      "seed_index": 2,
      "true_K_values": [
        600000000000000.0,
        1299999999999999.8,
        960000000000000.0
      ],
      "predicted_K_values": [
        599467522241097.9,
        1295982115438961.0,
        959686072532957.4
      ],
      "absolute_error": [
        532477758902.125,
        4017884561038.75,
        313927467042.625
      ],
      "relative_error_percent": [
        0.08874629315035416,
        0.30906804315682695,
        0.032700777816940106
      ],
      "mse_per_K": [
        2.8353256372542955e+23,
        1.6143396345833548e+25,
        9.855045456379841e+22
      ],
      "total_mse": 1.6525479364122775e+25,
      "total_samples_seen": 3500,
      "iteration": 7
    },
    {
      "seed": 45,
      "seed_index": 3,
      "true_K_values": [
        600000000000000.0,
        1299999999999999.8,
        960000000000000.0
      ],
      "predicted_K_values": [
        600974876420121.2,
        1307321809402245.0,
        960671096070250.0
      ],
      "absolute_error": [
        974876420121.25,
        7321809402245.25,
        671096070250.0
      ],
      "relative_error_percent": [
        0.16247940335354166,
        0.5632161078650193,
        0.06990584065104166
      ],
      "mse_per_K": [
        9.503840345084239e+23,
        5.360889292280695e+25,
        4.503699355049929e+23
      ],
      "total_mse": 5.500964689282037e+25,
      "total_samples_seen": 3500,
      "iteration": 7
    },
    {
      "seed": 46,
      "seed_index": 4,
      "true_K_values": [
        600000000000000.0,
        1299999999999999.8,
        960000000000000.0
      ],
      "predicted_K_values": [
        599622624261891.4,
        1293375103217917.2,
        960382271789566.1
      ],
      "absolute_error": [
        377375738108.625,
        6624896782082.5,
        382271789566.125
      ],
      "relative_error_percent": [
        0.0628959563514375,
        0.5096074447755771,
        0.03981997807980469
      ],
      "mse_per_K": [
        1.4241244771302953e+23,
        4.388925737324707e+25,
        1.4613172109808775e+23
      ],
      "total_mse": 4.417780154205819e+25,
      "total_samples_seen": 3500,
      "iteration": 7
    }
  ],
  "mean_predictions": {
    "mean_predicted_K": [
      599696874392297.5,
      1296131813244697.2,
      960027363506467.6
    ],
    "std_predicted_K": [
      958813133908.7714,
      7270437265378.526,
      816682118171.8381
    ],
    "mean_absolute_error": [
      817897774153.525,
      6796910516200.6,
      717257483666.575
    ],
    "mean_relative_error": [
      0.13631629569225417,
      0.5228392704769693,
      0.07471432121526823
    ],
    "mean_total_mse": 6.950105300713127e+25
  }
}