{
  "experiment_config": {
    "samples_per_iteration": 200,
    "shrink_rate": 1,
    "n_iterations": 20,
    "total_samples": 4000,
    "n_epochs": 50,
    "batch_size": 16,
    "initial_window_size": 1,
    "num_seeds": 5,
    "timestamp": "20251211_194328"
  },
  "predictions_per_seed": [
    {
      "seed": 42,
      "seed_index": 0,
      "true_K_values": [
        600000000000000.0,
        1299999999999999.8,
        960000000000000.0
      ],
      "predicted_K_values": [
        599544161307401.9,
        1297774663806945.8,
        962530945925224.0
      ],
      "absolute_error": [
        455838692598.125,
        2225336193054.0,
        2530945925224.0
      ],
      "relative_error_percent": [
        0.07597311543302084,
        0.17117970715800004,
        0.26364020054416665
      ],
      "mse_per_K": [
        2.077889136695679e+23,
        4.952121172116069e+24,
        6.405687276407969e+24
      ],
      "total_mse": 1.1565597362193606e+25,
      "total_samples_seen": 4000,
      "iteration": 20
    },
    {
      "seed": 43,
      "seed_index": 1,
      "true_K_values": [
        600000000000000.0,
        1299999999999999.8,
        960000000000000.0
      ],
      "predicted_K_values": [
        607728841658528.4,
        1333936146478560.5,
        956014262268915.1
      ],
      "absolute_error": [
        7728841658528.375,
        33936146478560.75,
        3985737731084.875
      ],
      "relative_error_percent": [
        1.2881402764213958,
        2.610472806043135,
        0.41518101365467447
      ],
      "mse_per_K": [
        5.973499338260365e+25,
        1.1516620378143312e+27,
        1.5886105260993607e+25
      ],
      "total_mse": 1.2272831364579286e+27,
      "total_samples_seen": 4000,
      "iteration": 20
    },
    {
      "seed": 44,
      "seed_index": 2,
      "true_K_values": [
        600000000000000.0,
        1299999999999999.8,
        960000000000000.0
      ],
      "predicted_K_values": [
        606304635323255.4,
        1351931167003820.8,
        964701590846100.2
      ],
      "absolute_error": [
        6304635323255.375,
        51931167003821.0,
        4701590846100.25
      ],
      "relative_error_percent": [
        1.0507725538758959,
        3.9947051541400778,
        0.48974904646877604
      ],
      "mse_per_K": [
        3.974842655923941e+25,
        2.696846106378747e+27,
        2.2104956484133664e+25
      ],
      "total_mse": 2.7586994894221195e+27,
      "total_samples_seen": 4000,
      "iteration": 20
    },
    {
      "seed": 45,
      "seed_index": 3,
      "true_K_values": [
        600000000000000.0,
        1299999999999999.8,
        960000000000000.0
      ],
      "predicted_K_values": [
        608030534221916.4,
        1311940511720134.2,
        955479239319494.6
      ],
      "absolute_error": [
        8030534221916.375,
        11940511720134.5,
        4520760680505.375
      ],
      "relative_error_percent": [
        1.3384223703193958,
        0.9185009015488079,
        0.47091257088597654
      ],
      "mse_per_K": [
        6.448947988937004e+25,
        1.4257582013866935e+26,
        2.043727713040342e+25
      ],
      "total_mse": 2.275025771584428e+26,
      "total_samples_seen": 4000,
      "iteration": 20
    },
    {
      "seed": 46,
      "seed_index": 4,
      "true_K_values": [
        600000000000000.0,
        1299999999999999.8,
        960000000000000.0
      ],
      "predicted_K_values": [
        607486228767344.9,
        1297649683329779.2,
        960301140087900.2
      ],
      "absolute_error": [
        7486228767344.875,
        2350316670220.5,
        301140087900.25
      ],
      "relative_error_percent": [
        1.247704794557479,
        0.18079359001696158,
        0.031368759156276044
      ],
      "mse_per_K": [
        5.6043621157021966e+25,
        5.523988450316379e+24,
        9.06853525405703e+22
      ],
      "total_mse": 6.165829495987892e+25,
      "total_samples_seen": 4000,
      "iteration": 20
    }
  ],
  "mean_predictions": {
    "mean_predicted_K": [
      605818880255689.4,
      1318646434467848.0,
      959805435689526.8
    ],
    "std_predicted_K": [
      3191472160356.295,
      21274926472894.637,
      3598206084979.841
    ],
    "mean_absolute_error": [
      6001215732728.625,
      20476695613158.15,
      3208035054162.95
    ],
    "mean_relative_error": [
      1.0002026221214375,
      1.5751304317813966,
      0.33417031814197395
    ],
    "mean_total_mse": 8.573418190721128e+26
  }
}