{
  "experiment_config": {
    "samples_per_iteration": 800,
    "shrink_rate": 0.2,
    "n_iterations": 2,
    "total_samples": 1600,
    "n_epochs": 50,
    "batch_size": 16,
    "initial_window_size": 1.0,
    "num_seeds": 5,
    "timestamp": "20251205_190925"
  },
  "predictions_per_seed": [
    {
      "seed": 42,
      "seed_index": 0,
      "true_K_values": [
        600000000000000.0,
        1299999999999999.8,
        960000000000000.0
      ],
      "predicted_K_values": [
        600596294452835.1,
        1295764754720617.5,
        961107536564120.1
      ],
      "absolute_error": [
        596294452835.125,
        4235245279382.25,
        1107536564120.125
      ],
      "relative_error_percent": [
        0.09938240880585417,
        0.3257880984140193,
        0.11536839209584636
      ],
      "mse_per_K": [
        3.555670744819411e+23,
        1.7937302576529633e+25,
        1.2266372408630118e+24
      ],
      "total_mse": 1.9519506891874586e+25,
      "total_samples_seen": 1600,
      "iteration": 2
    },
    {
      "seed": 43,
      "seed_index": 1,
      "true_K_values": [
        600000000000000.0,
        1299999999999999.8,
        960000000000000.0
      ],
      "predicted_K_values": [
        602047036573081.4,
        1299621339407606.8,
        960974224247560.4
      ],
      "absolute_error": [
        2047036573081.375,
        378660592393.0,
        974224247560.375
      ],
      "relative_error_percent": [
        0.3411727621802292,
        0.029127737876384622,
        0.10148169245420573
      ],
      "mse_per_K": [
        4.1903587315327393e+24,
        1.433838442314177e+23,
        9.491128845345789e+23
      ],
      "total_mse": 5.282855460298735e+24,
      "total_samples_seen": 1600,
      "iteration": 2
    },
    {
      "seed": 44,
      "seed_index": 2,
      "true_K_values": [
        600000000000000.0,
        1299999999999999.8,
        960000000000000.0
      ],
      "predicted_K_values": [
        599160644113261.0,
        1285256250622206.8,
        957944029570599.9
      ],
      "absolute_error": [
        839355886739.0,
        14743749377793.0,
        2055970429400.125
      ],
      "relative_error_percent": [
        0.13989264778983335,
        1.1341345675225387,
        0.21416358639584634
      ],
      "mse_per_K": [
        7.04518304603413e+23,
        2.173781457151715e+26,
        4.2270144065677344e+24
      ],
      "total_mse": 2.2230967842634262e+26,
      "total_samples_seen": 1600,
      "iteration": 2
    },
    {
      "seed": 45,
      "seed_index": 3,
      "true_K_values": [
        600000000000000.0,
        1299999999999999.8,
        960000000000000.0
      ],
      "predicted_K_values": [
        601058703751626.9,
        1299930460885208.2,
        960950193701227.8
      ],
      "absolute_error": [
        1058703751626.875,
        69539114791.5,
        950193701227.75
      ],
      "relative_error_percent": [
        0.17645062527114583,
        0.005349162676269232,
        0.0989785105445573
      ],
      "mse_per_K": [
        1.1208536337088199e+24,
        4.835688485985414e+21,
        9.028680698528906e+23
      ],
      "total_mse": 2.028557392047696e+24,
      "total_samples_seen": 1600,
      "iteration": 2
    },
    {
      "seed": 46,
      "seed_index": 4,
      "true_K_values": [
        600000000000000.0,
        1299999999999999.8,
        960000000000000.0
      ],
      "predicted_K_values": [
        601442220945767.8,
        1300614368923829.2,
        961145756575906.4
      ],
      "absolute_error": [
        1442220945767.75,
        614368923829.5,
        1145756575906.375
      ],
      "relative_error_percent": [
        0.24037015762795833,
        0.047259147986884624,
        0.11934964332358072
      ],
      "mse_per_K": [
        2.0800012564112232e+24,
        3.7744917456741795e+23,
        1.312758131232701e+24
      ],
      "total_mse": 3.7702085622113425e+24,
      "total_samples_seen": 1600,
      "iteration": 2
    }
  ],
  "mean_predictions": {
    "mean_predicted_K": [
      600860979967314.4,
      1296237434911893.5,
      960424348131882.8
    ],
    "std_predicted_K": [
      974152604077.451,
      5745548481873.832,
      1242419739692.5388
    ],
    "mean_absolute_error": [
      1196722322010.025,
      4008312657637.85,
      1246736303642.95
    ],
    "mean_relative_error": [
      0.19945372033500416,
      0.3083317428952193,
      0.12986836496280726
    ],
    "mean_total_mse": 5.058216134655499e+25
  }
}