{
  "experiment_config": {
    "samples_per_iteration": 800,
    "shrink_rate": 1.0,
    "n_iterations": 1,
    "total_samples": 800,
    "n_epochs": 50,
    "batch_size": 16,
    "initial_window_size": 2.0,
    "num_seeds": 5,
    "timestamp": "20251208_154915"
  },
  "predictions_per_seed": [
    {
      "seed": 42,
      "seed_index": 0,
      "true_K_values": [
        600000000000000.0,
        1299999999999999.8,
        960000000000000.0
      ],
      "predicted_K_values": [
        637497629371815.9,
        1294793716812521.0,
        966512349727851.9
      ],
      "absolute_error": [
        37497629371815.875,
        5206283187478.75,
        6512349727851.875
      ],
      "relative_error_percent": [
        6.249604895302646,
        0.4004833221137501,
        0.6783697633179037
      ],
      "mse_per_K": [
        1.4060722085060687e+27,
        2.7105384628223894e+25,
        4.241069897785239e+25
      ],
      "total_mse": 1.475588292112145e+27,
      "total_samples_seen": 800,
      "iteration": 1
    },
    {
      "seed": 43,
      "seed_index": 1,
      "true_K_values": [
        600000000000000.0,
        1299999999999999.8,
        960000000000000.0
      ],
      "predicted_K_values": [
        611496064824399.8,
        1286604010972320.2,
        953287882356303.1
      ],
      "absolute_error": [
        11496064824399.75,
        13395989027679.5,
        6712117643696.875
      ],
      "relative_error_percent": [
        1.916010804066625,
        1.0304606944368848,
        0.6991789212184245
      ],
      "mse_per_K": [
        1.3215950644680125e+26,
        1.7945252202970956e+26,
        4.505252326282689e+25
      ],
      "total_mse": 3.5666455173933776e+26,
      "total_samples_seen": 800,
      "iteration": 1
    },
    {
      "seed": 44,
      "seed_index": 2,
      "true_K_values": [
        600000000000000.0,
        1299999999999999.8,
        960000000000000.0
      ],
      "predicted_K_values": [
        609715520805201.0,
        1171514336995702.0,
        965157484639382.5
      ],
      "absolute_error": [
        9715520805201.0,
        128485663004297.75,
        5157484639382.5
      ],
      "relative_error_percent": [
        1.6192534675335,
        9.883512538792138,
        0.5372379832690104
      ],
      "mse_per_K": [
        9.43913445162935e+25,
        1.6508565597653968e+28,
        2.6599647805466436e+25
      ],
      "total_mse": 1.6629556589975728e+28,
      "total_samples_seen": 800,
      "iteration": 1
    },
    {
      "seed": 45,
      "seed_index": 3,
      "true_K_values": [
        600000000000000.0,
        1299999999999999.8,
        960000000000000.0
      ],
      "predicted_K_values": [
        618286722401597.4,
        1292485372311694.8,
        983375613970028.8
      ],
      "absolute_error": [
        18286722401597.375,
        7514627688305.0,
        23375613970028.75
      ],
      "relative_error_percent": [
        3.0477870669328957,
        0.5780482837157693,
        2.4349597885446617
      ],
      "mse_per_K": [
        3.3440421619308324e+26,
        5.646962929384015e+25,
        5.464193284758032e+26
      ],
      "total_mse": 9.372931739627266e+26,
      "total_samples_seen": 800,
      "iteration": 1
    },
    {
      "seed": 46,
      "seed_index": 4,
      "true_K_values": [
        600000000000000.0,
        1299999999999999.8,
        960000000000000.0
      ],
      "predicted_K_values": [
        652459019919898.0,
        1503330844442143.8,
        1017308232996978.4
      ],
      "absolute_error": [
        52459019919898.0,
        203330844442144.0,
        57308232996978.375
      ],
      "relative_error_percent": [
        8.743169986649667,
        15.640834187857234,
        5.969607603851915
      ],
      "mse_per_K": [
        2.751948770956255e+27,
        4.134343230155536e+28,
        3.284233569235961e+27
      ],
      "total_mse": 4.737961464174758e+28,
      "total_samples_seen": 800,
      "iteration": 1
    }
  ],
  "mean_predictions": {
    "mean_predicted_K": [
      625890991464582.4,
      1309745656306876.5,
      977128312738108.8
    ],
    "std_predicted_K": [
      16536377181977.367,
      107368651245046.64,
      22261268074777.715
    ],
    "mean_absolute_error": [
      25890991464582.4,
      71586681469981.0,
      19813159795587.676
    ],
    "mean_relative_error": [
      4.3151652440970665,
      5.506667805383155,
      2.063870812040383
    ],
    "mean_total_mse": 1.3355743449907503e+28
  }
}