{
  "experiment_config": {
    "samples_per_iteration": 300,
    "shrink_rate": 1,
    "n_iterations": 6,
    "total_samples": 1800,
    "n_epochs": 50,
    "batch_size": 16,
    "initial_window_size": 1.0,
    "num_seeds": 5,
    "timestamp": "20251129_105948"
  },
  "predictions_per_seed": [
    {
      "seed": 42,
      "seed_index": 0,
      "true_K_values": [
        600000000000000.0,
        1299999999999999.8,
        960000000000000.0
      ],
      "predicted_K_values": [
        613642673931180.4,
        1332868004779654.2,
        953810546739038.2
      ],
      "absolute_error": [
        13642673931180.375,
        32868004779654.5,
        6189453260961.75
      ],
      "relative_error_percent": [
        2.2737789885300623,
        2.5283080599734236,
        0.6447347146835156
      ],
      "mse_per_K": [
        1.861225519925086e+26,
        1.080305738195391e+27,
        3.830933166963004e+25
      ],
      "total_mse": 1.3047376218575296e+27,
      "total_samples_seen": 1800,
      "iteration": 6
    },
    {
      "seed": 43,
      "seed_index": 1,
      "true_K_values": [
        600000000000000.0,
        1299999999999999.8,
        960000000000000.0
      ],
      "predicted_K_values": [
        603128351929482.5,
        1285629488478429.0,
        955125761426058.8
      ],
      "absolute_error": [
        3128351929482.5,
        14370511521570.75,
        4874238573941.25
      ],
      "relative_error_percent": [
        0.5213919882470833,
        1.1054239631977503,
        0.5077331847855469
      ],
      "mse_per_K": [
        9.78658579469688e+24,
        2.065116013915977e+26,
        2.375820167569683e+25
      ],
      "total_mse": 2.400563888619914e+26,
      "total_samples_seen": 1800,
      "iteration": 6
    },
    {
      "seed": 44,
      "seed_index": 2,
      "true_K_values": [
        600000000000000.0,
        1299999999999999.8,
        960000000000000.0
      ],
      "predicted_K_values": [
        609759866321867.8,
        1287562968982995.5,
        958529402236145.9
      ],
      "absolute_error": [
        9759866321867.75,
        12437031017004.25,
        1470597763854.125
      ],
      "relative_error_percent": [
        1.6266443869779583,
        0.9566946936157117,
        0.153187267068138
      ],
      "mse_per_K": [
        9.525499062072831e+25,
        1.5467974051792578e+26,
        2.1626577830527528e+24
      ],
      "total_mse": 2.5209738892170683e+26,
      "total_samples_seen": 1800,
      "iteration": 6
    },
    {
      "seed": 45,
      "seed_index": 3,
      "true_K_values": [
        600000000000000.0,
        1299999999999999.8,
        960000000000000.0
      ],
      "predicted_K_values": [
        609198323335817.8,
        1330128965474615.0,
        965256582035211.5
      ],
      "absolute_error": [
        9198323335817.75,
        30128965474615.25,
        5256582035211.5
      ],
      "relative_error_percent": [
        1.5330538893029584,
        2.317612728816558,
        0.5475606286678646
      ],
      "mse_per_K": [
        8.460915219024938e+25,
        9.077545605705577e+26,
        2.7631654692908275e+25
      ],
      "total_mse": 1.0199953674537153e+27,
      "total_samples_seen": 1800,
      "iteration": 6
    },
    {
      "seed": 46,
      "seed_index": 4,
      "true_K_values": [
        600000000000000.0,
        1299999999999999.8,
        960000000000000.0
      ],
      "predicted_K_values": [
        601135593155524.9,
        1310553336832921.8,
        944937381936880.6
      ],
      "absolute_error": [
        1135593155524.875,
        10553336832922.0,
        15062618063119.375
      ],
      "relative_error_percent": [
        0.1892655259208125,
        0.8117951409940002,
        1.5690227149082683
      ],
      "mse_per_K": [
        1.2895718148749428e+24,
        1.1137291830910815e+26,
        2.2688246291541008e+26
      ],
      "total_mse": 3.395449530393932e+26,
      "total_samples_seen": 1800,
      "iteration": 6
    }
  ],
  "mean_predictions": {
    "mean_predicted_K": [
      607372961734774.8,
      1309348552909723.2,
      955531934874667.0
    ],
    "std_predicted_K": [
      4588246477703.7,
      20117889310039.934,
      6617042827662.717
    ],
    "mean_absolute_error": [
      7372961734774.65,
      20071569925153.35,
      6570697939417.6
    ],
    "mean_relative_error": [
      1.228826955795775,
      1.5439669173194885,
      0.6844477020226666
    ],
    "mean_total_mse": 6.312863440268673e+26
  }
}