{
  "experiment_config": {
    "samples_per_iteration": 500,
    "shrink_rate": 0.4,
    "n_iterations": 5,
    "total_samples": 2500,
    "n_epochs": 50,
    "batch_size": 16,
    "initial_window_size": 1.0,
    "num_seeds": 5,
    "timestamp": "20251204_175800"
  },
  "predictions_per_seed": [
    {
      "seed": 42,
      "seed_index": 0,
      "true_K_values": [
        600000000000000.0,
        1299999999999999.8,
        960000000000000.0
      ],
      "predicted_K_values": [
        601016074835605.1,
        1311241426374496.5,
        960518673747797.1
      ],
      "absolute_error": [
        1016074835605.125,
        11241426374496.75,
        518673747797.125
      ],
      "relative_error_percent": [
        0.1693458059341875,
        0.8647251057305194,
        0.054028515395533855
      ],
      "mse_per_K": [
        1.0324080715499818e+24,
        1.2636966693323114e+26,
        2.6902245665391564e+23
      ],
      "total_mse": 1.2767109746143503e+26,
      "total_samples_seen": 2500,
      "iteration": 5
    },
    {
      "seed": 43,
      "seed_index": 1,
      "true_K_values": [
        600000000000000.0,
        1299999999999999.8,
        960000000000000.0
      ],
      "predicted_K_values": [
        597690161085595.2,
        1281691983965765.0,
        958599662976375.6
      ],
      "absolute_error": [
        2309838914404.75,
        18308016034234.75,
        1400337023624.375
      ],
      "relative_error_percent": [
        0.38497315240079166,
        1.4083089257103656,
        0.1458684399608724
      ],
      "mse_per_K": [
        5.335355810498514e+24,
        3.351834511097967e+26,
        1.9609437797331733e+24
      ],
      "total_mse": 3.424797507000284e+26,
      "total_samples_seen": 2500,
      "iteration": 5
    },
    {
      "seed": 44,
      "seed_index": 2,
      "true_K_values": [
        600000000000000.0,
        1299999999999999.8,
        960000000000000.0
      ],
      "predicted_K_values": [
        601014429759986.9,
        1308933081873670.2,
        960654160256644.1
      ],
      "absolute_error": [
        1014429759986.875,
        8933081873670.5,
        654160256644.125
      ],
      "relative_error_percent": [
        0.16907162666447917,
        0.6871601441285001,
        0.06814169340042969
      ],
      "mse_per_K": [
        1.0290677379470289e+24,
        7.979995176170045e+25,
        4.279256413727075e+23
      ],
      "total_mse": 8.12569451410202e+25,
      "total_samples_seen": 2500,
      "iteration": 5
    },
    {
      "seed": 45,
      "seed_index": 3,
      "true_K_values": [
        600000000000000.0,
        1299999999999999.8,
        960000000000000.0
      ],
      "predicted_K_values": [
        599092945675317.2,
        1290957265287900.5,
        959696314122942.0
      ],
      "absolute_error": [
        907054324682.75,
        9042734712099.25,
        303685877058.0
      ],
      "relative_error_percent": [
        0.15117572078045832,
        0.6955949778537885,
        0.031633945526875
      ],
      "mse_per_K": [
        8.227475479256796e+23,
        8.17710510734047e+25,
        9.222511192448669e+22
      ],
      "total_mse": 8.268602373325487e+25,
      "total_samples_seen": 2500,
      "iteration": 5
    },
    {
      "seed": 46,
      "seed_index": 4,
      "true_K_values": [
        600000000000000.0,
        1299999999999999.8,
        960000000000000.0
      ],
      "predicted_K_values": [
        600149477609903.6,
        1302240818702271.2,
        960093218646536.2
      ],
      "absolute_error": [
        149477609903.625,
        2240818702271.5,
        93218646536.25
      ],
      "relative_error_percent": [
        0.0249129349839375,
        0.17237066940550003,
        0.009710275680859375
      ],
      "mse_per_K": [
        2.234355586250029e+22,
        5.02126845644973e+24,
        8.689716062050314e+21
      ],
      "total_mse": 5.052301728374281e+24,
      "total_samples_seen": 2500,
      "iteration": 5
    }
  ],
  "mean_predictions": {
    "mean_predicted_K": [
      599792617793281.8,
      1299012915240820.5,
      959912405950059.0
    ],
    "std_predicted_K": [
      1267034792376.815,
      11164888783374.107,
      737623632731.6288
    ],
    "mean_absolute_error": [
      1079375088916.625,
      9953215539354.55,
      594015110331.975
    ],
    "mean_relative_error": [
      0.17989584815277085,
      0.7656319645657347,
      0.061876573992914054
    ],
    "mean_total_mse": 1.2782922375282257e+26
  }
}