{
  "experiment_config": {
    "samples_per_iteration": 800,
    "shrink_rate": 0.2,
    "n_iterations": 3,
    "total_samples": 2400,
    "n_epochs": 50,
    "batch_size": 16,
    "initial_window_size": 1.0,
    "num_seeds": 5,
    "timestamp": "20251207_165650"
  },
  "predictions_per_seed": [
    {
      "seed": 42,
      "seed_index": 0,
      "true_K_values": [
        600000000000000.0,
        1299999999999999.8,
        960000000000000.0
      ],
      "predicted_K_values": [
        600795062502540.0,
        1305883217515752.2,
        960385819155929.5
      ],
      "absolute_error": [
        795062502540.0,
        5883217515752.5,
        385819155929.5
      ],
      "relative_error_percent": [
        0.13251041709,
        0.45255519351942314,
        0.040189495409322915
      ],
      "mse_per_K": [
        6.321243829451676e+23,
        3.4612248337657015e+25,
        1.4885642108215183e+23
      ],
      "total_mse": 3.5393229141684337e+25,
      "total_samples_seen": 2400,
      "iteration": 3
    },
    {
      "seed": 43,
      "seed_index": 1,
      "true_K_values": [
        600000000000000.0,
        1299999999999999.8,
        960000000000000.0
      ],
      "predicted_K_values": [
        600784834423695.9,
        1305858283368510.8,
        960644090313419.0
      ],
      "absolute_error": [
        784834423695.875,
        5858283368511.0,
        644090313419.0
      ],
      "relative_error_percent": [
        0.13080573728264583,
        0.4506371821931539,
        0.06709274098114583
      ],
      "mse_per_K": [
        6.159650726180363e+23,
        3.431948402577259e+25,
        4.1485233184018566e+23
      ],
      "total_mse": 3.535030143023081e+25,
      "total_samples_seen": 2400,
      "iteration": 3
    },
    {
      "seed": 44,
      "seed_index": 2,
      "true_K_values": [
        600000000000000.0,
        1299999999999999.8,
        960000000000000.0
      ],
      "predicted_K_values": [
        600206268481248.0,
        1300121880798191.8,
        960045271985044.0
      ],
      "absolute_error": [
        206268481248.0,
        121880798192.0,
        45271985044.0
      ],
      "relative_error_percent": [
        0.034378080208,
        0.009375446014769232,
        0.004715831775416667
      ],
      "mse_per_K": [
        4.2546686356356524e+22,
        1.485492896791903e+22,
        2.0495526298241597e+21
      ],
      "total_mse": 5.945116795409971e+22,
      "total_samples_seen": 2400,
      "iteration": 3
    },
    {
      "seed": 45,
      "seed_index": 3,
      "true_K_values": [
        600000000000000.0,
        1299999999999999.8,
        960000000000000.0
      ],
      "predicted_K_values": [
        600644001645765.4,
        1305011916196621.0,
        960440517256629.6
      ],
      "absolute_error": [
        644001645765.375,
        5011916196621.25,
        440517256629.625
      ],
      "relative_error_percent": [
        0.1073336076275625,
        0.38553201512471164,
        0.0458872142322526
      ],
      "mse_per_K": [
        4.147381197485115e+23,
        2.5119303961954415e+25,
        1.9405545338849088e+23
      ],
      "total_mse": 2.572809753509142e+25,
      "total_samples_seen": 2400,
      "iteration": 3
    },
    {
      "seed": 46,
      "seed_index": 4,
      "true_K_values": [
        600000000000000.0,
        1299999999999999.8,
        960000000000000.0
      ],
      "predicted_K_values": [
        602815286886820.2,
        1323507323241986.5,
        961981218570071.4
      ],
      "absolute_error": [
        2815286886820.25,
        23507323241986.75,
        1981218570071.375
      ],
      "relative_error_percent": [
        0.46921448113670833,
        1.808255633998981,
        0.2063769343824349
      ],
      "mse_per_K": [
        7.925840255102055e+24,
        5.525942460032505e+26,
        3.9252270223956636e+24
      ],
      "total_mse": 5.6444531328074826e+26,
      "total_samples_seen": 2400,
      "iteration": 3
    }
  ],
  "mean_predictions": {
    "mean_predicted_K": [
      601049090788014.0,
      1308076524224212.5,
      960699383456218.6
    ],
    "std_predicted_K": [
      908653631401.0964,
      8006358966922.85,
      669231602238.604
    ],
    "mean_absolute_error": [
      1049090788013.9,
      8076524224212.7,
      699383456218.7
    ],
    "mean_relative_error": [
      0.17484846466898332,
      0.6212710941702078,
      0.07285244335611459
    ],
    "mean_total_mse": 1.321952785111418e+26
  }
}