{
  "experiment_config": {
    "samples_per_iteration": 800,
    "shrink_rate": 0.4,
    "n_iterations": 2,
    "total_samples": 1600,
    "n_epochs": 50,
    "batch_size": 16,
    "initial_window_size": 1.0,
    "num_seeds": 5,
    "timestamp": "20251121_162719"
  },
  "predictions_per_seed": [
    {
      "seed": 42,
      "seed_index": 0,
      "true_K_values": [
        600000000000000.0,
        1299999999999999.8,
        960000000000000.0
      ],
      "predicted_K_values": [
        597612413381374.6,
        1282237747536440.0,
        955861668299702.9
      ],
      "absolute_error": [
        2387586618625.375,
        17762252463559.75,
        4138331700297.125
      ],
      "relative_error_percent": [
        0.3979311031042292,
        1.3663271125815195,
        0.43107621878095054
      ],
      "mse_per_K": [
        5.700569861438952e+24,
        3.154976125792344e+26,
        1.7125789261684093e+25
      ],
      "total_mse": 3.3832397170235743e+26,
      "total_samples_seen": 1600,
      "iteration": 2
    },
    {
      "seed": 43,
      "seed_index": 1,
      "true_K_values": [
        600000000000000.0,
        1299999999999999.8,
        960000000000000.0
      ],
      "predicted_K_values": [
        606454766354680.5,
        1329214919903070.0,
        961237072651970.4
      ],
      "absolute_error": [
        6454766354680.5,
        29214919903070.25,
        1237072651970.375
      ],
      "relative_error_percent": [
        1.07579439244675,
        2.2473015310054043,
        0.12886173458024738
      ],
      "mse_per_K": [
        4.166400869351539e+25,
        8.535115449428102e+26,
        1.5303487462530165e+24
      ],
      "total_mse": 8.967059023825787e+26,
      "total_samples_seen": 1600,
      "iteration": 2
    },
    {
      "seed": 44,
      "seed_index": 2,
      "true_K_values": [
        600000000000000.0,
        1299999999999999.8,
        960000000000000.0
      ],
      "predicted_K_values": [
        609090678170360.4,
        1342808366523064.8,
        966804950237245.1
      ],
      "absolute_error": [
        9090678170360.375,
        42808366523065.0,
        6804950237245.125
      ],
      "relative_error_percent": [
        1.5151130283933958,
        3.2929512710050006,
        0.7088489830463672
      ],
      "mse_per_K": [
        8.264042959706666e+25,
        1.8325562443730723e+27,
        4.630734773138249e+25
      ],
      "total_mse": 1.9615040217015213e+27,
      "total_samples_seen": 1600,
      "iteration": 2
    },
    {
      "seed": 45,
      "seed_index": 3,
      "true_K_values": [
        600000000000000.0,
        1299999999999999.8,
        960000000000000.0
      ],
      "predicted_K_values": [
        611907619829078.5,
        1336602551528592.5,
        974508685666800.4
      ],
      "absolute_error": [
        11907619829078.5,
        36602551528592.75,
        14508685666800.375
      ],
      "relative_error_percent": [
        1.9846033048464167,
        2.8155808868148275,
        1.511321423625039
      ],
      "mse_per_K": [
        1.417914099938635e+26,
        1.3397467784032874e+27,
        2.1050195977801864e+26
      ],
      "total_mse": 1.6920401481751694e+27,
      "total_samples_seen": 1600,
      "iteration": 2
    },
    {
      "seed": 46,
      "seed_index": 4,
      "true_K_values": [
        600000000000000.0,
        1299999999999999.8,
        960000000000000.0
      ],
      "predicted_K_values": [
        612101667227009.1,
        1347074583629019.8,
        970836589324825.6
      ],
      "absolute_error": [
        12101667227009.125,
        47074583629020.0,
        10836589324825.625
      ],
      "relative_error_percent": [
        2.016944537834854,
        3.621121817616924,
        1.1288113880026693
      ],
      "mse_per_K": [
        1.4645034967326673e+26,
        2.216016423845598e+27,
        1.174316681949247e+26
      ],
      "total_mse": 2.479898441713789e+27,
      "total_samples_seen": 1600,
      "iteration": 2
    }
  ],
  "mean_predictions": {
    "mean_predicted_K": [
      607433428992500.6,
      1327587633824037.5,
      965849793236109.0
    ],
    "std_predicted_K": [
      5328553929283.384,
      23460353382240.734,
      6660280912786.444
    ],
    "mean_absolute_error": [
      8388463639950.775,
      34692534809461.55,
      7505125916227.725
    ],
    "mean_relative_error": [
      1.3980772733251292,
      2.668656523804735,
      0.7817839496070547
    ],
    "mean_total_mse": 1.4736944971350833e+27
  }
}