{
  "experiment_config": {
    "samples_per_iteration": 512,
    "shrink_rate": 1,
    "n_iterations": 1,
    "total_samples": 512,
    "n_epochs": 50,
    "batch_size": 16,
    "initial_window_size": 1.0,
    "num_seeds": 5,
    "timestamp": "20251204_130830"
  },
  "predictions_per_seed": [
    {
      "seed": 42,
      "seed_index": 0,
      "true_K_values": [
        600000000000000.0,
        1299999999999999.8,
        960000000000000.0
      ],
      "predicted_K_values": [
        624061867647125.4,
        1372412942822590.8,
        968231449240020.4
      ],
      "absolute_error": [
        24061867647125.375,
        72412942822591.0,
        8231449240020.375
      ],
      "relative_error_percent": [
        4.0103112745208955,
        5.570226370968539,
        0.8574426291687891
      ],
      "mse_per_K": [
        5.789734746677788e+26,
        5.243634288227833e+27,
        6.775675659103201e+25
      ],
      "total_mse": 5.890364519486645e+27,
      "total_samples_seen": 512,
      "iteration": 1
    },
    {
      "seed": 43,
      "seed_index": 1,
      "true_K_values": [
        600000000000000.0,
        1299999999999999.8,
        960000000000000.0
      ],
      "predicted_K_values": [
        626782965769821.6,
        1386284846565194.5,
        949163325156236.4
      ],
      "absolute_error": [
        26782965769821.625,
        86284846565194.75,
        10836674843763.625
      ],
      "relative_error_percent": [
        4.463827628303604,
        6.637295889630367,
        1.1288202962253775
      ],
      "mse_per_K": [
        7.17327255427437e+26,
        7.4450747467792e+27,
        1.1743352166945939e+26
      ],
      "total_mse": 8.279835523876097e+27,
      "total_samples_seen": 512,
      "iteration": 1
    },
    {
      "seed": 44,
      "seed_index": 2,
      "true_K_values": [
        600000000000000.0,
        1299999999999999.8,
        960000000000000.0
      ],
      "predicted_K_values": [
        638520580306281.2,
        1347342044947565.5,
        977108104192954.9
      ],
      "absolute_error": [
        38520580306281.25,
        47342044947565.75,
        17108104192954.875
      ],
      "relative_error_percent": [
        6.420096717713542,
        3.6416957651973663,
        1.7820941867661328
      ],
      "mse_per_K": [
        1.483835107132663e+27,
        2.2412692198173357e+27,
        2.9268722907700017e+26
      ],
      "total_mse": 4.0177915560269987e+27,
      "total_samples_seen": 512,
      "iteration": 1
    },
    {
      "seed": 45,
      "seed_index": 3,
      "true_K_values": [
        600000000000000.0,
        1299999999999999.8,
        960000000000000.0
      ],
      "predicted_K_values": [
        630607552007252.4,
        1317286640681457.2,
        979447535094024.8
      ],
      "absolute_error": [
        30607552007252.375,
        17286640681457.5,
        19447535094024.75
      ],
      "relative_error_percent": [
        5.1012586678753955,
        1.3297415908813464,
        2.025784905627578
      ],
      "mse_per_K": [
        9.368222398766589e+26,
        2.9882794604982143e+26,
        3.7820662123332424e+26
      ],
      "total_mse": 1.6138568071598044e+27,
      "total_samples_seen": 512,
      "iteration": 1
    },
    {
      "seed": 46,
      "seed_index": 4,
      "true_K_values": [
        600000000000000.0,
        1299999999999999.8,
        960000000000000.0
      ],
      "predicted_K_values": [
        619697410506789.8,
        1279485079629181.8,
        951528388640061.1
      ],
      "absolute_error": [
        19697410506789.75,
        20514920370818.0,
        8471611359938.875
      ],
      "relative_error_percent": [
        3.282901751131625,
        1.578070797755231,
        0.8824595166602994
      ],
      "mse_per_K": [
        3.8798798067299124e+26,
        4.208619578210033e+26,
        7.17681990338454e+25
      ],
      "total_mse": 8.8061813752784e+26,
      "total_samples_seen": 512,
      "iteration": 1
    }
  ],
  "mean_predictions": {
    "mean_predicted_K": [
      627934075247454.0,
      1340562310929198.0,
      965095760464659.4
    ],
    "std_predicted_K": [
      6377824991725.573,
      38530929963109.99,
      12633435431732.154
    ],
    "mean_absolute_error": [
      27934075247454.074,
      48768279077525.4,
      12819074946140.5
    ],
    "mean_relative_error": [
      4.655679207909012,
      3.7514060828865703,
      1.3353203068896353
    ],
    "mean_total_mse": 4.136493308815477e+27
  }
}