{
  "experiment_config": {
    "samples_per_iteration": 800,
    "shrink_rate": 0.2,
    "n_iterations": 2,
    "total_samples": 1600,
    "n_epochs": 50,
    "batch_size": 16,
    "initial_window_size": 1.0,
    "num_seeds": 5,
    "timestamp": "20251123_122401"
  },
  "predictions_per_seed": [
    {
      "seed": 42,
      "seed_index": 0,
      "true_K_values": [
        600000000000000.0,
        1299999999999999.8,
        960000000000000.0
      ],
      "predicted_K_values": [
        602999320780987.4,
        1296605236814276.2,
        961391783597883.4
      ],
      "absolute_error": [
        2999320780987.375,
        3394763185723.5,
        1391783597883.375
      ],
      "relative_error_percent": [
        0.49988679683122916,
        0.26113562967103854,
        0.14497745811285156
      ],
      "mse_per_K": [
        8.995925147262717e+24,
        1.1524417087143567e+25,
        1.937061583337192e+24
      ],
      "total_mse": 2.2457403817743473e+25,
      "total_samples_seen": 1600,
      "iteration": 2
    },
    {
      "seed": 43,
      "seed_index": 1,
      "true_K_values": [
        600000000000000.0,
        1299999999999999.8,
        960000000000000.0
      ],
      "predicted_K_values": [
        600032248090844.2,
        1294498146501898.5,
        961262476372379.1
      ],
      "absolute_error": [
        32248090844.25,
        5501853498101.25,
        1262476372379.125
      ],
      "relative_error_percent": [
        0.005374681807375,
        0.4232194998539424,
        0.13150795545615884
      ],
      "mse_per_K": [
        1.0399393630990007e+21,
        3.027039191456896e+25,
        1.593846590815555e+24
      ],
      "total_mse": 3.186527844474761e+25,
      "total_samples_seen": 1600,
      "iteration": 2
    },
    {
      "seed": 44,
      "seed_index": 2,
      "true_K_values": [
        600000000000000.0,
        1299999999999999.8,
        960000000000000.0
      ],
      "predicted_K_values": [
        600633773566921.2,
        1301336375100471.5,
        961271859728566.2
      ],
      "absolute_error": [
        633773566921.25,
        1336375100471.75,
        1271859728566.25
      ],
      "relative_error_percent": [
        0.10562892782020833,
        0.1027980846516731,
        0.13248538839231772
      ],
      "mse_per_K": [
        4.0166893412808415e+23,
        1.78589840916088e+24,
        1.6176271691486152e+24
      ],
      "total_mse": 3.8051945124375795e+24,
      "total_samples_seen": 1600,
      "iteration": 2
    },
    {
      "seed": 45,
      "seed_index": 3,
      "true_K_values": [
        600000000000000.0,
        1299999999999999.8,
        960000000000000.0
      ],
      "predicted_K_values": [
        601231651266627.4,
        1294350632369927.0,
        962047817512764.8
      ],
      "absolute_error": [
        1231651266627.375,
        5649367630072.75,
        2047817512764.75
      ],
      "relative_error_percent": [
        0.2052752111045625,
        0.434566740774827,
        0.21331432424632812
      ],
      "mse_per_K": [
        1.5169648425848172e+24,
        3.19153546197138e+25,
        4.193556565586007e+24
      ],
      "total_mse": 3.7625876027884626e+25,
      "total_samples_seen": 1600,
      "iteration": 2
    },
    {
      "seed": 46,
      "seed_index": 4,
      "true_K_values": [
        600000000000000.0,
        1299999999999999.8,
        960000000000000.0
      ],
      "predicted_K_values": [
        601183228823428.2,
        1300460892278387.0,
        962458968717399.1
      ],
      "absolute_error": [
        1183228823428.25,
        460892278387.25,
        2458968717399.125
      ],
      "relative_error_percent": [
        0.19720480390470832,
        0.03545325218363462,
        0.25614257472907553
      ],
      "mse_per_K": [
        1.4000304485914008e+24,
        2.1242169227699035e+23,
        6.046527153147497e+24
      ],
      "total_mse": 7.658979294015888e+24,
      "total_samples_seen": 1600,
      "iteration": 2
    }
  ],
  "mean_predictions": {
    "mean_predicted_K": [
      601216044505761.6,
      1297450256612992.2,
      961686581185798.6
    ],
    "std_predicted_K": [
      992149999945.9791,
      2939473661216.127,
      482874431003.9772
    ],
    "mean_absolute_error": [
      1216044505761.7,
      3268650338551.3,
      1686581185798.525
    ],
    "mean_relative_error": [
      0.2026740842936167,
      0.2514346414270231,
      0.17568554018734636
    ],
    "mean_total_mse": 2.0682546419365835e+25
  }
}