{
  "experiment_config": {
    "samples_per_iteration": 500,
    "shrink_rate": 0.4,
    "n_iterations": 8,
    "total_samples": 4000,
    "n_epochs": 50,
    "batch_size": 16,
    "initial_window_size": 1.0,
    "num_seeds": 5,
    "timestamp": "20251207_121644"
  },
  "predictions_per_seed": [
    {
      "seed": 42,
      "seed_index": 0,
      "true_K_values": [
        600000000000000.0,
        1299999999999999.8,
        960000000000000.0
      ],
      "predicted_K_values": [
        600600729004501.8,
        1292021070613373.5,
        962376234979311.0
      ],
      "absolute_error": [
        600729004501.75,
        7978929386626.25,
        2376234979311.0
      ],
      "relative_error_percent": [
        0.10012150075029166,
        0.6137637989712501,
        0.2475244770115625
      ],
      "mse_per_K": [
        3.608753368496636e+23,
        6.366331415676795e+25,
        5.646492676901149e+24
      ],
      "total_mse": 6.967068217051876e+25,
      "total_samples_seen": 4000,
      "iteration": 8
    },
    {
      "seed": 43,
      "seed_index": 1,
      "true_K_values": [
        600000000000000.0,
        1299999999999999.8,
        960000000000000.0
      ],
      "predicted_K_values": [
        598604715841821.1,
        1294070394236800.8,
        958546166402992.2
      ],
      "absolute_error": [
        1395284158178.875,
        5929605763199.0,
        1453833597007.75
      ],
      "relative_error_percent": [
        0.23254735969647916,
        0.456123520246077,
        0.1514409996883073
      ],
      "mse_per_K": [
        1.9468178820649317e+24,
        3.5160224506962797e+25,
        2.1136321277884928e+24
      ],
      "total_mse": 3.922067451681622e+25,
      "total_samples_seen": 4000,
      "iteration": 8
    },
    {
      "seed": 44,
      "seed_index": 2,
      "true_K_values": [
        600000000000000.0,
        1299999999999999.8,
        960000000000000.0
      ],
      "predicted_K_values": [
        598814570270692.8,
        1290801155844302.2,
        959373675430633.0
      ],
      "absolute_error": [
        1185429729307.25,
        9198844155697.5,
        626324569367.0
      ],
      "relative_error_percent": [
        0.19757162155120833,
        0.7076033965921156,
        0.06524214264239583
      ],
      "mse_per_K": [
        1.40524364312546e+24,
        8.461873380081006e+25,
        3.92282466192758e+23
      ],
      "total_mse": 8.641625991012827e+25,
      "total_samples_seen": 4000,
      "iteration": 8
    },
    {
      "seed": 45,
      "seed_index": 3,
      "true_K_values": [
        600000000000000.0,
        1299999999999999.8,
        960000000000000.0
      ],
      "predicted_K_values": [
        599568730154135.9,
        1301616845539317.2,
        959015334212344.0
      ],
      "absolute_error": [
        431269845864.125,
        1616845539317.5,
        984665787656.0
      ],
      "relative_error_percent": [
        0.07187830764402084,
        0.12437273379365386,
        0.10256935288083334
      ],
      "mse_per_K": [
        1.8599367995166612e+23,
        2.6141894980108976e+24,
        9.695667133802109e+23
      ],
      "total_mse": 3.7697498913427744e+24,
      "total_samples_seen": 4000,
      "iteration": 8
    },
    {
      "seed": 46,
      "seed_index": 4,
      "true_K_values": [
        600000000000000.0,
        1299999999999999.8,
        960000000000000.0
      ],
      "predicted_K_values": [
        600055279149500.1,
        1304715184357400.5,
        959462702883236.8
      ],
      "absolute_error": [
        55279149500.125,
        4715184357400.75,
        537297116763.25
      ],
      "relative_error_percent": [
        0.009213191583354166,
        0.362706489030827,
        0.055968449662838544
      ],
      "mse_per_K": [
        3.05578436945717e+21,
        2.2232963524276722e+25,
        2.886881916821015e+23
      ],
      "total_mse": 2.252470750032828e+25,
      "total_samples_seen": 4000,
      "iteration": 8
    }
  ],
  "mean_predictions": {
    "mean_predicted_K": [
      599528804884130.2,
      1296644930118238.8,
      959754822781703.4
    ],
    "std_predicted_K": [
      747243218806.835,
      5513745658430.989,
      1349822420475.1096
    ],
    "mean_absolute_error": [
      733598377470.425,
      5887881840448.2,
      1195671210021.0
    ],
    "mean_relative_error": [
      0.12226639624507082,
      0.45291398772678465,
      0.12454908437718751
    ],
    "mean_total_mse": 4.432041479782686e+25
  }
}