{
  "experiment_config": {
    "samples_per_iteration": 400,
    "shrink_rate": 1,
    "n_iterations": 2,
    "total_samples": 800,
    "n_epochs": 50,
    "batch_size": 16,
    "initial_window_size": 1.0,
    "num_seeds": 5,
    "timestamp": "20251202_190009"
  },
  "predictions_per_seed": [
    {
      "seed": 42,
      "seed_index": 0,
      "true_K_values": [
        600000000000000.0,
        1299999999999999.8,
        960000000000000.0
      ],
      "predicted_K_values": [
        626098757362669.0,
        1560216939844792.8,
        989030573677966.1
      ],
      "absolute_error": [
        26098757362669.0,
        260216939844793.0,
        29030573677966.125
      ],
      "relative_error_percent": [
        4.349792893778167,
        20.016687680368697,
        3.0240180914548045
      ],
      "mse_per_K": [
        6.811451358754693e+26,
        6.771285578218862e+28,
        8.427742080718196e+26
      ],
      "total_mse": 6.923677512613591e+28,
      "total_samples_seen": 400,
      "iteration": 1
    },
    {
      "seed": 43,
      "seed_index": 1,
      "true_K_values": [
        600000000000000.0,
        1299999999999999.8,
        960000000000000.0
      ],
      "predicted_K_values": [
        622600396772846.9,
        1481946328596851.2,
        1003174838818190.4
      ],
      "absolute_error": [
        22600396772846.875,
        181946328596851.5,
        43174838818190.375
      ],
      "relative_error_percent": [
        3.7667327954744794,
        13.995871430527043,
        4.497379043561497
      ],
      "mse_per_K": [
        5.1077793429010747e+26,
        3.310446648987346e+28,
        1.8640667069767185e+27
      ],
      "total_mse": 3.5479311131140286e+28,
      "total_samples_seen": 400,
      "iteration": 1
    },
    {
      "seed": 44,
      "seed_index": 2,
      "true_K_values": [
        600000000000000.0,
        1299999999999999.8,
        960000000000000.0
      ],
      "predicted_K_values": [
        615512195083820.4,
        1347692826584222.5,
        971792432913000.0
      ],
      "absolute_error": [
        15512195083820.375,
        47692826584222.75,
        11792432913000.0
      ],
      "relative_error_percent": [
        2.585365847303396,
        3.6686789680171352,
        1.2283784284375
      ],
      "mse_per_K": [
        2.4062819631850103e+26,
        2.2746057075927441e+27,
        1.3906147400760566e+26
      ],
      "total_mse": 2.654295377918851e+27,
      "total_samples_seen": 400,
      "iteration": 1
    },
    {
      "seed": 45,
      "seed_index": 3,
      "true_K_values": [
        600000000000000.0,
        1299999999999999.8,
        960000000000000.0
      ],
      "predicted_K_values": [
        620479965825905.0,
        1185590902077308.8,
        974467032719823.8
      ],
      "absolute_error": [
        20479965825905.0,
        114409097922691.0,
        14467032719823.75
      ],
      "relative_error_percent": [
        3.4133276376508332,
        8.800699840207002,
        1.5069825749816406
      ],
      "mse_per_K": [
        4.194290002302367e+26,
        1.3089441687483898e+28,
        2.0929503571645097e+26
      ],
      "total_mse": 1.3718165723430585e+28,
      "total_samples_seen": 400,
      "iteration": 1
    },
    {
      "seed": 46,
      "seed_index": 4,
      "true_K_values": [
        600000000000000.0,
        1299999999999999.8,
        960000000000000.0
      ],
      "predicted_K_values": [
        625752147082399.2,
        1290995673166881.0,
        977415351892493.8
      ],
      "absolute_error": [
        25752147082399.25,
        9004326833118.75,
        17415351892493.75
      ],
      "relative_error_percent": [
        4.2920245137332085,
        0.6926405256245194,
        1.814099155468099
      ],
      "mse_per_K": [
        6.631730793535242e+26,
        8.107790171762234e+25,
        3.0329448153938565e+26
      ],
      "total_mse": 1.0475454626105323e+27,
      "total_samples_seen": 400,
      "iteration": 1
    }
  ],
  "mean_predictions": {
    "mean_predicted_K": [
      622088692425528.2,
      1373288534054011.2,
      983176046004294.8
    ],
    "std_predicted_K": [
      3888487642256.984,
      133720904461438.89,
      11600399685752.518
    ],
    "mean_absolute_error": [
      22088692425528.1,
      122653903956335.4,
      23176046004294.8
    ],
    "mean_relative_error": [
      3.681448737588018,
      9.434915688948879,
      2.414171458780708
    ],
    "mean_total_mse": 2.4427218564247227e+28
  }
}