{
  "experiment_config": {
    "samples_per_iteration": 800,
    "shrink_rate": 0.4,
    "n_iterations": 3,
    "total_samples": 2400,
    "n_epochs": 50,
    "batch_size": 16,
    "initial_window_size": 2.0,
    "num_seeds": 5,
    "timestamp": "20251209_190733"
  },
  "predictions_per_seed": [
    {
      "seed": 42,
      "seed_index": 0,
      "true_K_values": [
        600000000000000.0,
        1299999999999999.8,
        960000000000000.0
      ],
      "predicted_K_values": [
        599180420783193.8,
        1287503188977808.0,
        958785728063694.1
      ],
      "absolute_error": [
        819579216806.25,
        12496811022191.75,
        1214271936305.875
      ],
      "relative_error_percent": [
        0.136596536134375,
        0.9612931555532117,
        0.12648666003186199
      ],
      "mse_per_K": [
        6.717100926207462e+23,
        1.5617028572437322e+26,
        1.474456335300019e+24
      ],
      "total_mse": 1.58316452152294e+26,
      "total_samples_seen": 2400,
      "iteration": 3
    },
    {
      "seed": 43,
      "seed_index": 1,
      "true_K_values": [
        600000000000000.0,
        1299999999999999.8,
        960000000000000.0
      ],
      "predicted_K_values": [
        599724010987496.5,
        1280738678727601.0,
        961771351798766.2
      ],
      "absolute_error": [
        275989012503.5,
        19261321272398.75,
        1771351798766.25
      ],
      "relative_error_percent": [
        0.04599816875058333,
        1.4816400978768272,
        0.18451581237148437
      ],
      "mse_per_K": [
        7.616993502265708e+22,
        3.709984971585606e+26,
        3.1376871949924296e+24
      ],
      "total_mse": 3.742123542885757e+26,
      "total_samples_seen": 2400,
      "iteration": 3
    },
    {
      "seed": 44,
      "seed_index": 2,
      "true_K_values": [
        600000000000000.0,
        1299999999999999.8,
        960000000000000.0
      ],
      "predicted_K_values": [
        603936727783302.0,
        1313166776178875.8,
        961868160571135.0
      ],
      "absolute_error": [
        3936727783302.0,
        13166776178876.0,
        1868160571135.0
      ],
      "relative_error_percent": [
        0.656121297217,
        1.0128289368366157,
        0.19460005949322917
      ],
      "mse_per_K": [
        1.549782563982188e+25,
        1.7336399494461648e+26,
        3.4900239195434495e+24
      ],
      "total_mse": 1.9235184450398184e+26,
      "total_samples_seen": 2400,
      "iteration": 3
    },
    {
      "seed": 45,
      "seed_index": 3,
      "true_K_values": [
        600000000000000.0,
        1299999999999999.8,
        960000000000000.0
      ],
      "predicted_K_values": [
        603994734580103.2,
        1335170309331770.0,
        961177110717311.8
      ],
      "absolute_error": [
        3994734580103.25,
        35170309331770.25,
        1177110717311.75
      ],
      "relative_error_percent": [
        0.665789096683875,
        2.7054084101361737,
        0.12261569971997396
      ],
      "mse_per_K": [
        1.5957904365472688e+25,
        1.2369506584924056e+27,
        1.3855896408101828e+24
      ],
      "total_mse": 1.2542941524986883e+27,
      "total_samples_seen": 2400,
      "iteration": 3
    },
    {
      "seed": 46,
      "seed_index": 4,
      "true_K_values": [
        600000000000000.0,
        1299999999999999.8,
        960000000000000.0
      ],
      "predicted_K_values": [
        597901732115112.0,
        1288389822474435.5,
        958632962447722.4
      ],
      "absolute_error": [
        2098267884888.0,
        11610177525564.25,
        1367037552277.625
      ],
      "relative_error_percent": [
        0.349711314148,
        0.8930905788895579,
        0.14239974502891928
      ],
      "mse_per_K": [
        4.402728116752361e+24,
        1.3479622217511722e+26,
        1.8687916693372004e+24
      ],
      "total_mse": 1.4106774196120676e+26,
      "total_samples_seen": 2400,
      "iteration": 3
    }
  ],
  "mean_predictions": {
    "mean_predicted_K": [
      600947525249841.5,
      1300993755138098.0,
      960447062719725.8
    ],
    "std_predicted_K": [
      2534455273002.6367,
      20333921963667.457,
      1439251429260.342
    ],
    "mean_absolute_error": [
      2225059695520.6,
      18341079066160.2,
      1479586515159.3
    ],
    "mean_relative_error": [
      0.37084328258676663,
      1.4108522358584772,
      0.15412359532909375
    ],
    "mean_total_mse": 4.2404850908094934e+26
  }
}