{
  "experiment_config": {
    "samples_per_iteration": 500,
    "shrink_rate": 1,
    "n_iterations": 4,
    "total_samples": 2000,
    "n_epochs": 50,
    "batch_size": 16,
    "initial_window_size": 1.0,
    "num_seeds": 5,
    "timestamp": "20251129_104616"
  },
  "predictions_per_seed": [
    {
      "seed": 42,
      "seed_index": 0,
      "true_K_values": [
        600000000000000.0,
        1299999999999999.8,
        960000000000000.0
      ],
      "predicted_K_values": [
        600141180706785.4,
        1304834899238255.2,
        939892512027860.0
      ],
      "absolute_error": [
        141180706785.375,
        4834899238255.5,
        20107487972140.0
      ],
      "relative_error_percent": [
        0.0235301177975625,
        0.37191532601965394,
        2.0945299970979168
      ],
      "mse_per_K": [
        1.993199196841803e+22,
        2.3376250644083613e+25,
        4.0431107254975474e+26
      ],
      "total_mse": 4.277072551858068e+26,
      "total_samples_seen": 2000,
      "iteration": 4
    },
    {
      "seed": 43,
      "seed_index": 1,
      "true_K_values": [
        600000000000000.0,
        1299999999999999.8,
        960000000000000.0
      ],
      "predicted_K_values": [
        602527327128593.5,
        1315432686168247.8,
        969213383135641.6
      ],
      "absolute_error": [
        2527327128593.5,
        15432686168248.0,
        9213383135641.625
      ],
      "relative_error_percent": [
        0.4212211880989167,
        1.1871297052498464,
        0.9597274099626693
      ],
      "mse_per_K": [
        6.387382414924665e+24,
        2.3816780236763314e+26,
        8.48864288041255e+25
      ],
      "total_mse": 3.294416135866833e+26,
      "total_samples_seen": 2000,
      "iteration": 4
    },
    {
      "seed": 44,
      "seed_index": 2,
      "true_K_values": [
        600000000000000.0,
        1299999999999999.8,
        960000000000000.0
      ],
      "predicted_K_values": [
        599434584966218.8,
        1325526524557100.5,
        945105023605344.1
      ],
      "absolute_error": [
        565415033781.25,
        25526524557100.75,
        14894976394655.875
      ],
      "relative_error_percent": [
        0.09423583896354167,
        1.9635788120846736,
        1.551560041109987
      ],
      "mse_per_K": [
        3.196941604258521e+23,
        6.516034559642677e+26,
        2.2186032179735573e+26
      ],
      "total_mse": 8.737834719220493e+26,
      "total_samples_seen": 2000,
      "iteration": 4
    },
    {
      "seed": 45,
      "seed_index": 3,
      "true_K_values": [
        600000000000000.0,
        1299999999999999.8,
        960000000000000.0
      ],
      "predicted_K_values": [
        598928402350975.4,
        1283066846649836.5,
        948110901658039.4
      ],
      "absolute_error": [
        1071597649024.625,
        16933153350163.25,
        11889098341960.625
      ],
      "relative_error_percent": [
        0.17859960817077083,
        1.3025502577048655,
        1.2384477439542318
      ],
      "mse_per_K": [
        1.1483215213951034e+24,
        2.867316823801449e+26,
        1.4135065938481088e+26
      ],
      "total_mse": 4.292306632863509e+26,
      "total_samples_seen": 2000,
      "iteration": 4
    },
    {
      "seed": 46,
      "seed_index": 4,
      "true_K_values": [
        600000000000000.0,
        1299999999999999.8,
        960000000000000.0
      ],
      "predicted_K_values": [
        591631025720832.6,
        1234846219201211.5,
        949359746264712.6
      ],
      "absolute_error": [
        8368974279167.375,
        65153780798788.25,
        10640253735287.375
      ],
      "relative_error_percent": [
        1.3948290465278959,
        5.011829292214482,
        1.108359764092435
      ],
      "mse_per_K": [
        7.003973048536509e+25,
        4.2450151523765485e+27,
        1.1321499955129694e+26
      ],
      "total_mse": 4.4282698824132106e+27,
      "total_samples_seen": 2000,
      "iteration": 4
    }
  ],
  "mean_predictions": {
    "mean_predicted_K": [
      598532504174681.1,
      1292741435162930.5,
      950336313338319.6
    ],
    "std_predicted_K": [
      3664623871216.185,
      32191491193366.523,
      9986884224938.633
    ],
    "mean_absolute_error": [
      2534898959470.425,
      25576208822511.15,
      13349039915937.1
    ],
    "mean_relative_error": [
      0.4224831599117375,
      1.967400678654704,
      1.3905249912434479
    ],
    "mean_total_mse": 1.29768657727882e+27
  }
}