{
  "experiment_config": {
    "samples_per_iteration": 300,
    "shrink_rate": 1,
    "n_iterations": 13,
    "total_samples": 3900,
    "n_epochs": 50,
    "batch_size": 16,
    "initial_window_size": 1.0,
    "num_seeds": 5,
    "timestamp": "20251124_161343"
  },
  "predictions_per_seed": [
    {
      "seed": 42,
      "seed_index": 0,
      "true_K_values": [
        600000000000000.0,
        1299999999999999.8,
        960000000000000.0
      ],
      "predicted_K_values": [
        654502632987968.6,
        1421356815411696.0,
        942136164037118.2
      ],
      "absolute_error": [
        54502632987968.625,
        121356815411696.25,
        17863835962881.75
      ],
      "relative_error_percent": [
        9.083772164661436,
        9.335139647053559,
        1.8608162461335156
      ],
      "mse_per_K": [
        2.9705370026212056e+27,
        1.4727476646868516e+28,
        3.191166353087473e+26
      ],
      "total_mse": 1.801713028479847e+28,
      "total_samples_seen": 300,
      "iteration": 1
    },
    {
      "seed": 43,
      "seed_index": 1,
      "true_K_values": [
        600000000000000.0,
        1299999999999999.8,
        960000000000000.0
      ],
      "predicted_K_values": [
        602473754883459.0,
        1339611684950333.8,
        987434602107959.2
      ],
      "absolute_error": [
        2473754883459.0,
        39611684950334.0,
        27434602107959.25
      ],
      "relative_error_percent": [
        0.4122924805765,
        3.0470526884872315,
        2.857771052912422
      ],
      "mse_per_K": [
        6.119463223437251e+24,
        1.569085584604517e+27,
        7.526573928220421e+26
      ],
      "total_mse": 2.3278624406499966e+27,
      "total_samples_seen": 300,
      "iteration": 1
    },
    {
      "seed": 44,
      "seed_index": 2,
      "true_K_values": [
        600000000000000.0,
        1299999999999999.8,
        960000000000000.0
      ],
      "predicted_K_values": [
        609077159940279.8,
        1550450652520633.0,
        986917373205942.2
      ],
      "absolute_error": [
        9077159940279.75,
        250450652520633.25,
        26917373205942.25
      ],
      "relative_error_percent": [
        1.512859990046625,
        19.265434809279483,
        2.803893042285651
      ],
      "mse_per_K": [
        8.239483258141947e+25,
        6.272552934801098e+28,
        7.245449803079777e+26
      ],
      "total_mse": 6.3532469160900385e+28,
      "total_samples_seen": 300,
      "iteration": 1
    },
    {
      "seed": 45,
      "seed_index": 3,
      "true_K_values": [
        600000000000000.0,
        1299999999999999.8,
        960000000000000.0
      ],
      "predicted_K_values": [
        617502879631998.4,
        1496368177413083.5,
        977576928708787.6
      ],
      "absolute_error": [
        17502879631998.375,
        196368177413083.75,
        17576928708787.625
      ],
      "relative_error_percent": [
        2.9171466053330626,
        15.105244416391061,
        1.8309300738320442
      ],
      "mse_per_K": [
        3.0635079541222357e+26,
        3.8560461100536337e+28,
        3.089484228338026e+26
      ],
      "total_mse": 3.917576031878236e+28,
      "total_samples_seen": 300,
      "iteration": 1
    },
    {
      "seed": 46,
      "seed_index": 4,
      "true_K_values": [
        600000000000000.0,
        1299999999999999.8,
        960000000000000.0
      ],
      "predicted_K_values": [
        596921624671748.9,
        1471598347750712.0,
        992576223573762.0
      ],
      "absolute_error": [
        3078375328251.125,
        171598347750712.25,
        32576223573762.0
      ],
      "relative_error_percent": [
        0.5130625547085208,
        13.199872903900944,
        3.393356622266875
      ],
      "mse_per_K": [
        9.476394661585222e+24,
        2.944599295077437e+28,
        1.0612103423277271e+27
      ],
      "total_mse": 3.0516679687763683e+28,
      "total_samples_seen": 300,
      "iteration": 1
    }
  ],
  "mean_predictions": {
    "mean_predicted_K": [
      616095610423090.9,
      1455877135609291.5,
      977328258326714.0
    ],
    "std_predicted_K": [
      20393798636057.508,
      71470467470147.17,
      18249027866785.965
    ],
    "mean_absolute_error": [
      17326960554391.375,
      155877135609291.9,
      24473792711866.574
    ],
    "mean_relative_error": [
      2.887826759065229,
      11.990548893022456,
      2.5493534074861017
    ],
    "mean_total_mse": 3.071398037857898e+28
  }
}