{
  "experiment_config": {
    "samples_per_iteration": 800,
    "shrink_rate": 0.4,
    "n_iterations": 4,
    "total_samples": 3200,
    "n_epochs": 50,
    "batch_size": 16,
    "initial_window_size": 1.0,
    "num_seeds": 5,
    "timestamp": "20251122_000540"
  },
  "predictions_per_seed": [
    {
      "seed": 42,
      "seed_index": 0,
      "true_K_values": [
        600000000000000.0,
        1299999999999999.8,
        960000000000000.0
      ],
      "predicted_K_values": [
        601395014428025.6,
        1310568514139938.2,
        960789417903145.0
      ],
      "absolute_error": [
        1395014428025.625,
        10568514139938.5,
        789417903145.0
      ],
      "relative_error_percent": [
        0.2325024046709375,
        0.8129626261491155,
        0.08223103157760417
      ],
      "mse_per_K": [
        1.9460652543996616e+24,
        1.1169349112608e+26,
        6.231806258058486e+23
      ],
      "total_mse": 1.1426273700628551e+26,
      "total_samples_seen": 3200,
      "iteration": 4
    },
    {
      "seed": 43,
      "seed_index": 1,
      "true_K_values": [
        600000000000000.0,
        1299999999999999.8,
        960000000000000.0
      ],
      "predicted_K_values": [
        598104040653647.6,
        1281287462272631.2,
        957616470337851.2
      ],
      "absolute_error": [
        1895959346352.375,
        18712537727368.5,
        2383529662148.75
      ],
      "relative_error_percent": [
        0.3159932243920625,
        1.4394259790283463,
        0.24828433980716147
      ],
      "mse_per_K": [
        3.594661843020925e+24,
        3.5015906819818945e+26,
        5.681213650342935e+24
      ],
      "total_mse": 3.594349436915533e+26,
      "total_samples_seen": 3200,
      "iteration": 4
    },
    {
      "seed": 44,
      "seed_index": 2,
      "true_K_values": [
        600000000000000.0,
        1299999999999999.8,
        960000000000000.0
      ],
      "predicted_K_values": [
        602758424490449.1,
        1322713302292255.8,
        960995050721048.8
      ],
      "absolute_error": [
        2758424490449.125,
        22713302292256.0,
        995050721048.75
      ],
      "relative_error_percent": [
        0.45973741507485416,
        1.747177099404308,
        0.10365111677591146
      ],
      "mse_per_K": [
        7.608905669509515e+24,
        5.1589410101940166e+26,
        9.901259374596372e+23
      ],
      "total_mse": 5.244931326263708e+26,
      "total_samples_seen": 3200,
      "iteration": 4
    },
    {
      "seed": 45,
      "seed_index": 3,
      "true_K_values": [
        600000000000000.0,
        1299999999999999.8,
        960000000000000.0
      ],
      "predicted_K_values": [
        598395576663218.4,
        1288317343089907.5,
        959310166129611.0
      ],
      "absolute_error": [
        1604423336781.625,
        11682656910092.25,
        689833870389.0
      ],
      "relative_error_percent": [
        0.26740388946360416,
        0.8986659161609425,
        0.0718576948321875
      ],
      "mse_per_K": [
        2.574174243609484e+24,
        1.364844724789262e+26,
        4.758707687358677e+23
      ],
      "total_mse": 1.3953451749127155e+26,
      "total_samples_seen": 3200,
      "iteration": 4
    },
    {
      "seed": 46,
      "seed_index": 4,
      "true_K_values": [
        600000000000000.0,
        1299999999999999.8,
        960000000000000.0
      ],
      "predicted_K_values": [
        598548246833097.9,
        1289117094247389.5,
        959026777329645.2
      ],
      "absolute_error": [
        1451753166902.125,
        10882905752610.25,
        973222670354.75
      ],
      "relative_error_percent": [
        0.24195886115035417,
        0.8371465963546347,
        0.10137736149528646
      ],
      "mse_per_K": [
        2.1075872576103493e+24,
        1.1843763762019728e+26,
        9.471623660924303e+23
      ],
      "total_mse": 1.2149238724390006e+26,
      "total_samples_seen": 3200,
      "iteration": 4
    }
  ],
  "mean_predictions": {
    "mean_predicted_K": [
      599840260613687.8,
      1298400743208424.5,
      959547576484260.2
    ],
    "std_predicted_K": [
      1881691308926.7764,
      15619735330765.346,
      1240493301913.8103
    ],
    "mean_absolute_error": [
      1821114953702.175,
      14911983364453.1,
      1166210965417.25
    ],
    "mean_relative_error": [
      0.3035191589503625,
      1.1470756434194693,
      0.1214803088976302
    ],
    "mean_total_mse": 2.5184354361187626e+26
  }
}