{
  "experiment_config": {
    "samples_per_iteration": 500,
    "shrink_rate": 0.4,
    "n_iterations": 2,
    "total_samples": 1000,
    "n_epochs": 50,
    "batch_size": 16,
    "initial_window_size": 1.0,
    "num_seeds": 5,
    "timestamp": "20251124_193921"
  },
  "predictions_per_seed": [
    {
      "seed": 42,
      "seed_index": 0,
      "true_K_values": [
        600000000000000.0,
        1299999999999999.8,
        960000000000000.0
      ],
      "predicted_K_values": [
        612411728218542.4,
        1278017836703933.2,
        969515481432395.0
      ],
      "absolute_error": [
        12411728218542.375,
        21982163296066.5,
        9515481432395.0
      ],
      "relative_error_percent": [
        2.0686213697570626,
        1.690935638158962,
        0.9911959825411458
      ],
      "mse_per_K": [
        1.5405099737096107e+26,
        4.832155031749332e+26,
        9.054438689025401e+25
      ],
      "total_mse": 7.278108874361484e+26,
      "total_samples_seen": 1000,
      "iteration": 2
    },
    {
      "seed": 43,
      "seed_index": 1,
      "true_K_values": [
        600000000000000.0,
        1299999999999999.8,
        960000000000000.0
      ],
      "predicted_K_values": [
        605219743715510.1,
        1288824853652082.0,
        967853139782040.8
      ],
      "absolute_error": [
        5219743715510.125,
        11175146347917.75,
        7853139782040.75
      ],
      "relative_error_percent": [
        0.8699572859183542,
        0.8596266421475194,
        0.8180353939625781
      ],
      "mse_per_K": [
        2.7245724455607445e+25,
        1.2488389589737942e+26,
        6.167180443627104e+25
      ],
      "total_mse": 2.1380142478925792e+26,
      "total_samples_seen": 1000,
      "iteration": 2
    },
    {
      "seed": 44,
      "seed_index": 2,
      "true_K_values": [
        600000000000000.0,
        1299999999999999.8,
        960000000000000.0
      ],
      "predicted_K_values": [
        605436893697123.8,
        1236396008092172.2,
        962420176549747.8
      ],
      "absolute_error": [
        5436893697123.75,
        63603991907827.5,
        2420176549747.75
      ],
      "relative_error_percent": [
        0.906148949520625,
        4.892614762140578,
        0.25210172393205726
      ],
      "mse_per_K": [
        2.955981307382396e+25,
        4.045467786610986e+27,
        5.857254531948924e+24
      ],
      "total_mse": 4.080884854216759e+27,
      "total_samples_seen": 1000,
      "iteration": 2
    },
    {
      "seed": 45,
      "seed_index": 3,
      "true_K_values": [
        600000000000000.0,
        1299999999999999.8,
        960000000000000.0
      ],
      "predicted_K_values": [
        610265047586734.9,
        1271213137564228.2,
        968718353881189.1
      ],
      "absolute_error": [
        10265047586734.875,
        28786862435771.5,
        8718353881189.125
      ],
      "relative_error_percent": [
        1.7108412644558124,
        2.214374033520885,
        0.9081618626238672
      ],
      "mse_per_K": [
        1.0537120195793149e+26,
        8.286834488960323e+26,
        7.600969439764548e+25
      ],
      "total_mse": 1.0100643452516092e+27,
      "total_samples_seen": 1000,
      "iteration": 2
    },
    {
      "seed": 46,
      "seed_index": 4,
      "true_K_values": [
        600000000000000.0,
        1299999999999999.8,
        960000000000000.0
      ],
      "predicted_K_values": [
        608480498166030.6,
        1284125618684717.2,
        967648536844694.1
      ],
      "absolute_error": [
        8480498166030.625,
        15874381315282.5,
        7648536844694.125
      ],
      "relative_error_percent": [
        1.4134163610051043,
        1.221106255021731,
        0.7967225879889713
      ],
      "mse_per_K": [
        7.19188491440488e+25,
        2.5199598214299014e+26,
        5.850011586464356e+25
      ],
      "total_mse": 3.8241494715168254e+26,
      "total_samples_seen": 1000,
      "iteration": 2
    }
  ],
  "mean_predictions": {
    "mean_predicted_K": [
      608362782276788.2,
      1271715490939426.5,
      967231137698013.4
    ],
    "std_predicted_K": [
      2773659999262.5645,
      18623530023784.953,
      2495455633050.3633
    ],
    "mean_absolute_error": [
      8362782276788.35,
      28284509060573.15,
      7231137698013.35
    ],
    "mean_relative_error": [
      1.3937970461313918,
      2.1757314661979352,
      0.7532435102097239
    ],
    "mean_total_mse": 1.2829952917690913e+27
  }
}