{
  "experiment_config": {
    "samples_per_iteration": 500,
    "shrink_rate": 0.4,
    "n_iterations": 4,
    "total_samples": 2000,
    "n_epochs": 50,
    "batch_size": 16,
    "initial_window_size": 1.0,
    "num_seeds": 5,
    "timestamp": "20251125_183356"
  },
  "predictions_per_seed": [
    {
      "seed": 42,
      "seed_index": 0,
      "true_K_values": [
        600000000000000.0,
        1299999999999999.8,
        960000000000000.0
      ],
      "predicted_K_values": [
        600026883713828.0,
        1298227969701204.0,
        960160504176267.8
      ],
      "absolute_error": [
        26883713828.0,
        1772030298795.75,
        160504176267.75
      ],
      "relative_error_percent": [
        0.004480618971333334,
        0.1363100229842885,
        0.016719185027890625
      ],
      "mse_per_K": [
        7.227340691857985e+20,
        3.140091379850155e+24,
        2.576159059938896e+22
      ],
      "total_mse": 3.16657570451873e+24,
      "total_samples_seen": 2000,
      "iteration": 4
    },
    {
      "seed": 43,
      "seed_index": 1,
      "true_K_values": [
        600000000000000.0,
        1299999999999999.8,
        960000000000000.0
      ],
      "predicted_K_values": [
        600522981300281.1,
        1301060395905538.8,
        960777288198805.8
      ],
      "absolute_error": [
        522981300281.125,
        1060395905539.0,
        777288198805.75
      ],
      "relative_error_percent": [
        0.08716355004685417,
        0.08156891581069232,
        0.08096752070893229
      ],
      "mse_per_K": [
        2.7350944044373623e+23,
        1.1244394764838758e+24,
        6.0417694400268714e+23
      ],
      "total_mse": 2.002125860930299e+24,
      "total_samples_seen": 2000,
      "iteration": 4
    },
    {
      "seed": 44,
      "seed_index": 2,
      "true_K_values": [
        600000000000000.0,
        1299999999999999.8,
        960000000000000.0
      ],
      "predicted_K_values": [
        598141877392868.1,
        1278973077823094.5,
        958814793581639.4
      ],
      "absolute_error": [
        1858122607131.875,
        21026922176905.25,
        1185206418360.625
      ],
      "relative_error_percent": [
        0.30968710118864584,
        1.617455552069635,
        0.1234590019125651
      ],
      "mse_per_K": [
        3.452619623134556e+24,
        4.421314562336298e+26,
        1.4047142541232207e+24
      ],
      "total_mse": 4.469887901108876e+26,
      "total_samples_seen": 2000,
      "iteration": 4
    },
    {
      "seed": 45,
      "seed_index": 3,
      "true_K_values": [
        600000000000000.0,
        1299999999999999.8,
        960000000000000.0
      ],
      "predicted_K_values": [
        600414835459635.6,
        1302325068243260.8,
        959952239441384.8
      ],
      "absolute_error": [
        414835459635.625,
        2325068243261.0,
        47760558615.25
      ],
      "relative_error_percent": [
        0.06913924327260416,
        0.17885140332776928,
        0.004975058189088542
      ],
      "mse_per_K": [
        1.7208845857110027e+23,
        5.405942335820792e+24,
        2.281070959240731e+21
      ],
      "total_mse": 5.580311865351133e+24,
      "total_samples_seen": 2000,
      "iteration": 4
    },
    {
      "seed": 46,
      "seed_index": 4,
      "true_K_values": [
        600000000000000.0,
        1299999999999999.8,
        960000000000000.0
      ],
      "predicted_K_values": [
        601043182820793.5,
        1307343955880850.8,
        960291299007021.1
      ],
      "absolute_error": [
        1043182820793.5,
        7343955880851.0,
        291299007021.125
      ],
      "relative_error_percent": [
        0.17386380346558333,
        0.5649196831423847,
        0.03034364656470052
      ],
      "mse_per_K": [
        1.0882303975986835e+24,
        5.393368797988599e+25,
        8.485511149149343e+22
      ],
      "total_mse": 5.510677348897617e+25,
      "total_samples_seen": 2000,
      "iteration": 4
    }
  ],
  "mean_predictions": {
    "mean_predicted_K": [
      600029952137481.2,
      1297586093510789.8,
      959999224881023.8
    ],
    "std_predicted_K": [
      998266998464.7169,
      9763205362097.223,
      651427043824.3862
    ],
    "mean_absolute_error": [
      773201180334.025,
      6705674501070.4,
      492411671814.1
    ],
    "mean_relative_error": [
      0.12886686338900416,
      0.515821115466954,
      0.05129288248063542
    ],
    "mean_total_mse": 1.0256891540613278e+26
  }
}