{
  "experiment_config": {
    "samples_per_iteration": 400,
    "shrink_rate": 1,
    "n_iterations": 2,
    "total_samples": 800,
    "n_epochs": 50,
    "batch_size": 16,
    "initial_window_size": 1.0,
    "num_seeds": 5,
    "timestamp": "20251202_190257"
  },
  "predictions_per_seed": [
    {
      "seed": 42,
      "seed_index": 0,
      "true_K_values": [
        600000000000000.0,
        1299999999999999.8,
        960000000000000.0
      ],
      "predicted_K_values": [
        626342657704336.5,
        1382686430967965.5,
        987101607394492.5
      ],
      "absolute_error": [
        26342657704336.5,
        82686430967965.75,
        27101607394492.5
      ],
      "relative_error_percent": [
        4.39044295072275,
        6.36049468984352,
        2.8230841035929686
      ],
      "mse_per_K": [
        6.939356149278391e+26,
        6.837045866220165e+27,
        7.344971233652106e+26
      ],
      "total_mse": 8.265478604513216e+27,
      "total_samples_seen": 800,
      "iteration": 2
    },
    {
      "seed": 43,
      "seed_index": 1,
      "true_K_values": [
        600000000000000.0,
        1299999999999999.8,
        960000000000000.0
      ],
      "predicted_K_values": [
        621194715419536.1,
        1323519403139407.8,
        984016085245380.4
      ],
      "absolute_error": [
        21194715419536.125,
        23519403139408.0,
        24016085245380.375
      ],
      "relative_error_percent": [
        3.5324525699226874,
        1.8091848568775388,
        2.501675546393789
      ],
      "mse_per_K": [
        4.492159617151224e+26,
        5.531623240339949e+26,
        5.76772350513377e+26
      ],
      "total_mse": 1.5791506362624942e+27,
      "total_samples_seen": 800,
      "iteration": 2
    },
    {
      "seed": 44,
      "seed_index": 2,
      "true_K_values": [
        600000000000000.0,
        1299999999999999.8,
        960000000000000.0
      ],
      "predicted_K_values": [
        630236408642762.0,
        1406426681680890.8,
        976173087078268.9
      ],
      "absolute_error": [
        30236408642762.0,
        106426681680891.0,
        16173087078268.875
      ],
      "relative_error_percent": [
        5.039401440460333,
        8.186667821607001,
        1.6846965706530077
      ],
      "mse_per_K": [
        9.142404076120926e+26,
        1.13266385736057e+28,
        2.6156874564126766e+26
      ],
      "total_mse": 1.250244772685906e+28,
      "total_samples_seen": 800,
      "iteration": 2
    },
    {
      "seed": 45,
      "seed_index": 3,
      "true_K_values": [
        600000000000000.0,
        1299999999999999.8,
        960000000000000.0
      ],
      "predicted_K_values": [
        625552234632264.2,
        1299438282500530.2,
        976479304897250.6
      ],
      "absolute_error": [
        25552234632264.25,
        561717499469.5,
        16479304897250.625
      ],
      "relative_error_percent": [
        4.258705772044042,
        0.043209038420730775,
        1.7165942601302735
      ],
      "mse_per_K": [
        6.529166947022845e+26,
        3.155265492102677e+23,
        2.7156748989654845e+26
      ],
      "total_mse": 9.247997111480431e+26,
      "total_samples_seen": 800,
      "iteration": 2
    },
    {
      "seed": 46,
      "seed_index": 4,
      "true_K_values": [
        600000000000000.0,
        1299999999999999.8,
        960000000000000.0
      ],
      "predicted_K_values": [
        622734649248304.2,
        1480176159013192.0,
        979562996147594.5
      ],
      "absolute_error": [
        22734649248304.25,
        180176159013192.25,
        19562996147594.5
      ],
      "relative_error_percent": [
        3.7891082080507084,
        13.85970453947633,
        2.0378120987077604
      ],
      "mse_per_K": [
        5.16864276443421e+26,
        3.246344827674714e+28,
        3.827108182707972e+26
      ],
      "total_mse": 3.3363023371461355e+28,
      "total_samples_seen": 800,
      "iteration": 2
    }
  ],
  "mean_predictions": {
    "mean_predicted_K": [
      625212133129440.6,
      1378449391460397.2,
      980666616152597.4
    ],
    "std_predicted_K": [
      3127768236860.6543,
      63889084301816.016,
      4279518937759.411
    ],
    "mean_absolute_error": [
      25212133129440.625,
      78674078460185.3,
      20666616152597.375
    ],
    "mean_relative_error": [
      4.202022188240104,
      6.051852189245023,
      2.15277251589556
    ],
    "mean_total_mse": 1.1326980010048834e+28
  }
}