{
  "experiment_config": {
    "samples_per_iteration": 300,
    "shrink_rate": 1,
    "n_iterations": 6,
    "total_samples": 1800,
    "n_epochs": 50,
    "batch_size": 16,
    "initial_window_size": 1.0,
    "num_seeds": 5,
    "timestamp": "20251129_111133"
  },
  "predictions_per_seed": [
    {
      "seed": 42,
      "seed_index": 0,
      "true_K_values": [
        600000000000000.0,
        1299999999999999.8,
        960000000000000.0
      ],
      "predicted_K_values": [
        607958222419738.8,
        1324816288536920.0,
        948923649064361.5
      ],
      "absolute_error": [
        7958222419738.75,
        24816288536920.25,
        11076350935638.5
      ],
      "relative_error_percent": [
        1.3263704032897916,
        1.908945272070789,
        1.153786555795677
      ],
      "mse_per_K": [
        6.333330408203248e+25,
        6.158481767476794e+26,
        1.2268555004941988e+26
      ],
      "total_mse": 8.018670308791316e+26,
      "total_samples_seen": 1800,
      "iteration": 6
    },
    {
      "seed": 43,
      "seed_index": 1,
      "true_K_values": [
        600000000000000.0,
        1299999999999999.8,
        960000000000000.0
      ],
      "predicted_K_values": [
        617049339436540.0,
        1429017173952076.2,
        964163535470595.0
      ],
      "absolute_error": [
        17049339436540.0,
        129017173952076.5,
        4163535470595.0
      ],
      "relative_error_percent": [
        2.8415565727566667,
        9.924397996313578,
        0.4337016115203125
      ],
      "mse_per_K": [
        2.906799752223581e+26,
        1.6645431174580368e+28,
        1.7335027614902728e+25
      ],
      "total_mse": 1.6953446177417628e+28,
      "total_samples_seen": 1800,
      "iteration": 6
    },
    {
      "seed": 44,
      "seed_index": 2,
      "true_K_values": [
        600000000000000.0,
        1299999999999999.8,
        960000000000000.0
      ],
      "predicted_K_values": [
        606881413140031.2,
        1277884648091339.5,
        949486249926478.0
      ],
      "absolute_error": [
        6881413140031.25,
        22115351908660.25,
        10513750073522.0
      ],
      "relative_error_percent": [
        1.1469021900052083,
        1.7011809160507887,
        1.0951822993252083
      ],
      "mse_per_K": [
        4.735384680379475e+25,
        4.890887900438826e+26,
        1.1053894060848386e+26
      ],
      "total_mse": 6.469815774561612e+26,
      "total_samples_seen": 1800,
      "iteration": 6
    },
    {
      "seed": 45,
      "seed_index": 3,
      "true_K_values": [
        600000000000000.0,
        1299999999999999.8,
        960000000000000.0
      ],
      "predicted_K_values": [
        612212244918568.6,
        1367650830440443.5,
        939321328827767.5
      ],
      "absolute_error": [
        12212244918568.625,
        67650830440443.75,
        20678671172232.5
      ],
      "relative_error_percent": [
        2.0353741530947707,
        5.203910033880289,
        2.154028247107552
      ],
      "mse_per_K": [
        1.491389259511052e+26,
        4.5766348592816707e+27,
        4.276074414493194e+26
      ],
      "total_mse": 5.153381226682096e+27,
      "total_samples_seen": 1800,
      "iteration": 6
    },
    {
      "seed": 46,
      "seed_index": 4,
      "true_K_values": [
        600000000000000.0,
        1299999999999999.8,
        960000000000000.0
      ],
      "predicted_K_values": [
        606671272611052.1,
        1350852803853250.2,
        949235016286128.9
      ],
      "absolute_error": [
        6671272611052.125,
        50852803853250.5,
        10764983713871.125
      ],
      "relative_error_percent": [
        1.1118787685086875,
        3.9117541425577316,
        1.121352470194909
      ],
      "mse_per_K": [
        4.450587825097424e+25,
        2.586007659737169e+27,
        1.1588487435991056e+26
      ],
      "total_mse": 2.7463984123480535e+27,
      "total_samples_seen": 1800,
      "iteration": 6
    }
  ],
  "mean_predictions": {
    "mean_predicted_K": [
      610154498505186.1,
      1350044348974805.8,
      950225955915066.2
    ],
    "std_predicted_K": [
      3986043924773.684,
      49781173828727.38,
      7954773978069.86
    ],
    "mean_absolute_error": [
      10154498505186.15,
      58890489738270.25,
      11439458273171.824
    ],
    "mean_relative_error": [
      1.692416417531025,
      4.530037672174635,
      1.1916102367887316
    ],
    "mean_total_mse": 5.260414884956614e+27
  }
}