{
  "experiment_config": {
    "samples_per_iteration": 800,
    "shrink_rate": 0.4,
    "n_iterations": 3,
    "total_samples": 2400,
    "n_epochs": 50,
    "batch_size": 16,
    "initial_window_size": 1.0,
    "num_seeds": 5,
    "timestamp": "20251204_150737"
  },
  "predictions_per_seed": [
    {
      "seed": 42,
      "seed_index": 0,
      "true_K_values": [
        600000000000000.0,
        1299999999999999.8,
        960000000000000.0
      ],
      "predicted_K_values": [
        604488829465803.8,
        1315448947568622.5,
        961573271438281.5
      ],
      "absolute_error": [
        4488829465803.75,
        15448947568622.75,
        1573271438281.5
      ],
      "relative_error_percent": [
        0.748138244300625,
        1.1883805822017501,
        0.16388244148765624
      ],
      "mse_per_K": [
        2.014958997306798e+25,
        2.3866998097805477e+26,
        2.47518301851234e+24
      ],
      "total_mse": 2.612947539696351e+26,
      "total_samples_seen": 2400,
      "iteration": 3
    },
    {
      "seed": 43,
      "seed_index": 1,
      "true_K_values": [
        600000000000000.0,
        1299999999999999.8,
        960000000000000.0
      ],
      "predicted_K_values": [
        600602731705254.5,
        1295389038936719.2,
        960305374041301.6
      ],
      "absolute_error": [
        602731705254.5,
        4610961063280.5,
        305374041301.625
      ],
      "relative_error_percent": [
        0.10045528420908334,
        0.35468931256003855,
        0.03180979596891927
      ],
      "mse_per_K": [
        3.6328550851899745e+23,
        2.126096192708884e+25,
        9.325330510088658e+22
      ],
      "total_mse": 2.1717500740708726e+25,
      "total_samples_seen": 2400,
      "iteration": 3
    },
    {
      "seed": 44,
      "seed_index": 2,
      "true_K_values": [
        600000000000000.0,
        1299999999999999.8,
        960000000000000.0
      ],
      "predicted_K_values": [
        600184167247941.4,
        1291182137224512.2,
        961527956693768.5
      ],
      "absolute_error": [
        184167247941.375,
        8817862775487.5,
        1527956693768.5
      ],
      "relative_error_percent": [
        0.0306945413235625,
        0.6782971365759617,
        0.15916215560088542
      ],
      "mse_per_K": [
        3.3917575214299894e+22,
        7.775470392732812e+25,
        2.3346516580319657e+24
      ],
      "total_mse": 8.012327316057439e+25,
      "total_samples_seen": 2400,
      "iteration": 3
    },
    {
      "seed": 45,
      "seed_index": 3,
      "true_K_values": [
        600000000000000.0,
        1299999999999999.8,
        960000000000000.0
      ],
      "predicted_K_values": [
        601841688220903.4,
        1314459634943914.2,
        961044370556617.1
      ],
      "absolute_error": [
        1841688220903.375,
        14459634943914.5,
        1044370556617.125
      ],
      "relative_error_percent": [
        0.30694803681722915,
        1.1122796110703463,
        0.10878859964761718
      ],
      "mse_per_K": [
        3.3918155030142386e+24,
        2.090810427112733e+26,
        1.0907098595287634e+24
      ],
      "total_mse": 2.135635680738163e+26,
      "total_samples_seen": 2400,
      "iteration": 3
    },
    {
      "seed": 46,
      "seed_index": 4,
      "true_K_values": [
        600000000000000.0,
        1299999999999999.8,
        960000000000000.0
      ],
      "predicted_K_values": [
        602635544494265.9,
        1302703261954835.2,
        963439529438944.1
      ],
      "absolute_error": [
        2635544494265.875,
        2703261954835.5,
        3439529438944.125
      ],
      "relative_error_percent": [
        0.43925741571097915,
        0.2079432272950385,
        0.3582843165566797
      ],
      "mse_per_K": [
        6.946094781255167e+24,
        7.307625196461049e+24,
        1.1830362761363287e+25
      ],
      "total_mse": 2.6084082739079506e+25,
      "total_samples_seen": 2400,
      "iteration": 3
    }
  ],
  "mean_predictions": {
    "mean_predicted_K": [
      601950592226833.8,
      1303836604125720.5,
      961578100433782.6
    ],
    "std_predicted_K": [
      1540172273750.502,
      9802822640981.637,
      1036547703389.8137
    ],
    "mean_absolute_error": [
      1950592226833.775,
      9208133661228.15,
      1578100433782.575
    ],
    "mean_relative_error": [
      0.32509870447229583,
      0.7083179739406271,
      0.16438546185235156
    ],
    "mean_total_mse": 1.205566357367628e+26
  }
}