{
  "experiment_config": {
    "samples_per_iteration": 400,
    "shrink_rate": 1.0,
    "n_iterations": 10,
    "total_samples": 4000,
    "n_epochs": 50,
    "batch_size": 16,
    "initial_window_size": 2.0,
    "num_seeds": 5,
    "timestamp": "20251208_154636"
  },
  "predictions_per_seed": [
    {
      "seed": 42,
      "seed_index": 0,
      "true_K_values": [
        600000000000000.0,
        1299999999999999.8,
        960000000000000.0
      ],
      "predicted_K_values": [
        604820276440374.6,
        1332071041290808.2,
        955370186411613.6
      ],
      "absolute_error": [
        4820276440374.625,
        32071041290808.5,
        4629813588386.375
      ],
      "relative_error_percent": [
        0.8033794067291041,
        2.467003176216039,
        0.4822722487902474
      ],
      "mse_per_K": [
        2.3235064961630668e+25,
        1.0285516894767437e+27,
        2.143517386320712e+25
      ],
      "total_mse": 1.0732219283015814e+27,
      "total_samples_seen": 4000,
      "iteration": 10
    },
    {
      "seed": 43,
      "seed_index": 1,
      "true_K_values": [
        600000000000000.0,
        1299999999999999.8,
        960000000000000.0
      ],
      "predicted_K_values": [
        609663164485523.4,
        1383886212574668.0,
        960876957750499.6
      ],
      "absolute_error": [
        9663164485523.375,
        83886212574668.25,
        876957750499.625
      ],
      "relative_error_percent": [
        1.610527414253896,
        6.45278558266679,
        0.09134976567704427
      ],
      "mse_per_K": [
        9.337674787428023e+25,
        7.03689666012243e+27,
        7.690548961613625e+23
      ],
      "total_mse": 7.131042462892871e+27,
      "total_samples_seen": 4000,
      "iteration": 10
    },
    {
      "seed": 44,
      "seed_index": 2,
      "true_K_values": [
        600000000000000.0,
        1299999999999999.8,
        960000000000000.0
      ],
      "predicted_K_values": [
        589773985685383.6,
        1307179018819906.0,
        933532999587684.0
      ],
      "absolute_error": [
        10226014314616.375,
        7179018819906.25,
        26467000412316.0
      ],
      "relative_error_percent": [
        1.704335719102729,
        0.5522322169158654,
        2.75697920961625
      ],
      "mse_per_K": [
        1.0457136876273901e+26,
        5.153831121656813e+25,
        7.005021108255354e+26
      ],
      "total_mse": 8.566117908048425e+26,
      "total_samples_seen": 4000,
      "iteration": 10
    },
    {
      "seed": 45,
      "seed_index": 3,
      "true_K_values": [
        600000000000000.0,
        1299999999999999.8,
        960000000000000.0
      ],
      "predicted_K_values": [
        626168923414040.2,
        1398338880616372.2,
        953274779986993.1
      ],
      "absolute_error": [
        26168923414040.25,
        98338880616372.5,
        6725220013006.875
      ],
      "relative_error_percent": [
        4.361487235673375,
        7.564529278182501,
        0.7005437513548828
      ],
      "mse_per_K": [
        6.84812552649904e+26,
        9.670535440881163e+27,
        4.522858422334819e+25
      ],
      "total_mse": 1.0400576577754415e+28,
      "total_samples_seen": 4000,
      "iteration": 10
    },
    {
      "seed": 46,
      "seed_index": 4,
      "true_K_values": [
        600000000000000.0,
        1299999999999999.8,
        960000000000000.0
      ],
      "predicted_K_values": [
        613102731503248.6,
        1381609151910753.2,
        954726968788109.8
      ],
      "absolute_error": [
        13102731503248.625,
        81609151910753.5,
        5273031211890.25
      ],
      "relative_error_percent": [
        2.183788583874771,
        6.277627070057963,
        0.5492740845719011
      ],
      "mse_per_K": [
        1.7168157284622396e+26,
        6.660053675592441e+27,
        2.7804858161568758e+25
      ],
      "total_mse": 6.859540106600235e+27,
      "total_samples_seen": 4000,
      "iteration": 10
    }
  ],
  "mean_predictions": {
    "mean_predicted_K": [
      608705816305714.1,
      1360616861042501.5,
      951556378504980.0
    ],
    "std_predicted_K": [
      11821346110748.898,
      34858446792877.86,
      9373004451231.248
    ],
    "mean_absolute_error": [
      12796222031560.65,
      60616861042501.8,
      8794404595219.825
    ],
    "mean_relative_error": [
      2.132703671926775,
      4.6628354648078325,
      0.9160838120020651
    ],
    "mean_total_mse": 5.264198573270788e+27
  }
}