{
  "experiment_config": {
    "samples_per_iteration": 800,
    "shrink_rate": 0.4,
    "n_iterations": 2,
    "total_samples": 1600,
    "n_epochs": 50,
    "batch_size": 16,
    "initial_window_size": 1.0,
    "num_seeds": 5,
    "timestamp": "20251129_112912"
  },
  "predictions_per_seed": [
    {
      "seed": 42,
      "seed_index": 0,
      "true_K_values": [
        600000000000000.0,
        1299999999999999.8,
        960000000000000.0
      ],
      "predicted_K_values": [
        609472979439044.4,
        1331894953555320.8,
        969374845520762.5
      ],
      "absolute_error": [
        9472979439044.375,
        31894953555321.0,
        9374845520762.5
      ],
      "relative_error_percent": [
        1.5788299065073959,
        2.4534579657939237,
        0.9765464084127604
      ],
      "mse_per_K": [
        8.973733945255748e+25,
        1.0172880622960836e+27,
        8.78877285381607e+25
      ],
      "total_mse": 1.1949131302868017e+27,
      "total_samples_seen": 1600,
      "iteration": 2
    },
    {
      "seed": 43,
      "seed_index": 1,
      "true_K_values": [
        600000000000000.0,
        1299999999999999.8,
        960000000000000.0
      ],
      "predicted_K_values": [
        602785246375529.8,
        1303196834173831.2,
        967532160341740.4
      ],
      "absolute_error": [
        2785246375529.75,
        3196834173831.5,
        7532160341740.375
      ],
      "relative_error_percent": [
        0.46420772925495835,
        0.24591032106396157,
        0.7846000355979558
      ],
      "mse_per_K": [
        7.757597372401609e+24,
        1.021974873497693e+25,
        5.673343941368648e+25
      ],
      "total_mse": 7.471078552106502e+25,
      "total_samples_seen": 1600,
      "iteration": 2
    },
    {
      "seed": 44,
      "seed_index": 2,
      "true_K_values": [
        600000000000000.0,
        1299999999999999.8,
        960000000000000.0
      ],
      "predicted_K_values": [
        604578164224379.2,
        1306914809781435.0,
        965272831261779.2
      ],
      "absolute_error": [
        4578164224379.25,
        6914809781435.25,
        5272831261779.25
      ],
      "relative_error_percent": [
        0.763027370729875,
        0.5319084447257886,
        0.5492532564353385
      ],
      "mse_per_K": [
        2.095958766538606e+25,
        4.781459431343261e+25,
        2.7802749515196556e+25
      ],
      "total_mse": 9.657693149401523e+25,
      "total_samples_seen": 1600,
      "iteration": 2
    },
    {
      "seed": 45,
      "seed_index": 3,
      "true_K_values": [
        600000000000000.0,
        1299999999999999.8,
        960000000000000.0
      ],
      "predicted_K_values": [
        605334112233494.4,
        1311206425646070.8,
        964525595702006.9
      ],
      "absolute_error": [
        5334112233494.375,
        11206425646071.0,
        4525595702006.875
      ],
      "relative_error_percent": [
        0.8890187055823958,
        0.8620327420054616,
        0.4714162189590495
      ],
      "mse_per_K": [
        2.845275331951435e+25,
        1.2558397576091783e+26,
        2.0481016458023098e+25
      ],
      "total_mse": 1.7451774553845527e+26,
      "total_samples_seen": 1600,
      "iteration": 2
    },
    {
      "seed": 46,
      "seed_index": 4,
      "true_K_values": [
        600000000000000.0,
        1299999999999999.8,
        960000000000000.0
      ],
      "predicted_K_values": [
        613027272599888.2,
        1353854503491963.0,
        978458277603330.8
      ],
      "absolute_error": [
        13027272599888.25,
        53854503491963.25,
        18458277603330.75
      ],
      "relative_error_percent": [
        2.171212099981375,
        4.142654114766405,
        1.922737250346953
      ],
      "mse_per_K": [
        1.6970983139179916e+26,
        2.900307546365882e+27,
        3.4070801208162155e+26
      ],
      "total_mse": 3.4107253898393027e+27,
      "total_samples_seen": 1600,
      "iteration": 2
    }
  ],
  "mean_predictions": {
    "mean_predicted_K": [
      607039554974467.2,
      1321413505329724.2,
      969032742085924.0
    ],
    "std_predicted_K": [
      3710537373721.7407,
      19018532408893.26,
      5013198540903.3955
    ],
    "mean_absolute_error": [
      7039554974467.2,
      21413505329724.4,
      9032742085923.95
    ],
    "mean_relative_error": [
      1.1732591624112,
      1.647192717671108,
      0.9409106339504115
    ],
    "mean_total_mse": 9.902887965359279e+26
  }
}