{
  "experiment_config": {
    "samples_per_iteration": 400,
    "shrink_rate": 1,
    "n_iterations": 10,
    "total_samples": 4000,
    "n_epochs": 50,
    "batch_size": 16,
    "initial_window_size": 1,
    "num_seeds": 5,
    "timestamp": "20251211_193431"
  },
  "predictions_per_seed": [
    {
      "seed": 42,
      "seed_index": 0,
      "true_K_values": [
        600000000000000.0,
        1299999999999999.8,
        960000000000000.0
      ],
      "predicted_K_values": [
        596173544415590.8,
        1298133343838070.5,
        954734120736423.0
      ],
      "absolute_error": [
        3826455584409.25,
        1866656161929.25,
        5265879263577.0
      ],
      "relative_error_percent": [
        0.6377425974015417,
        0.14358893553301927,
        0.5485290899559375
      ],
      "mse_per_K": [
        1.4641762339456735e+25,
        3.4844052268684383e+24,
        2.772948441857025e+25
      ],
      "total_mse": 4.585565198489542e+25,
      "total_samples_seen": 4000,
      "iteration": 10
    },
    {
      "seed": 43,
      "seed_index": 1,
      "true_K_values": [
        600000000000000.0,
        1299999999999999.8,
        960000000000000.0
      ],
      "predicted_K_values": [
        599976816195010.8,
        1267111083166819.2,
        953188041157849.6
      ],
      "absolute_error": [
        23183804989.25,
        32888916833180.5,
        6811958842150.375
      ],
      "relative_error_percent": [
        0.0038639674982083334,
        2.5299166794754235,
        0.7095790460573307
      ],
      "mse_per_K": [
        5.374888137795732e+20,
        1.0816808504598637e+27,
        4.640278326715068e+25
      ],
      "total_mse": 1.1280841712158281e+27,
      "total_samples_seen": 4000,
      "iteration": 10
    },
    {
      "seed": 44,
      "seed_index": 2,
      "true_K_values": [
        600000000000000.0,
        1299999999999999.8,
        960000000000000.0
      ],
      "predicted_K_values": [
        603058400453191.9,
        1327792279675992.5,
        946891122569311.5
      ],
      "absolute_error": [
        3058400453191.875,
        27792279675992.75,
        13108877430688.5
      ],
      "relative_error_percent": [
        0.5097334088653125,
        2.137867667384058,
        1.3655080656967187
      ],
      "mse_per_K": [
        9.353813332084266e+24,
        7.724108095885997e+26,
        1.718426674928143e+26
      ],
      "total_mse": 9.536072904134982e+26,
      "total_samples_seen": 4000,
      "iteration": 10
    },
    {
      "seed": 45,
      "seed_index": 3,
      "true_K_values": [
        600000000000000.0,
        1299999999999999.8,
        960000000000000.0
      ],
      "predicted_K_values": [
        609894261847378.9,
        1377983014497647.2,
        968843884877983.9
      ],
      "absolute_error": [
        9894261847378.875,
        77983014497647.5,
        8843884877983.875
      ],
      "relative_error_percent": [
        1.6490436412298124,
        5.998693422895963,
        0.9212380081233204
      ],
      "mse_per_K": [
        9.789641750449723e+25,
        6.0813505501403e+27,
        7.821429973503186e+25
      ],
      "total_mse": 6.257461267379829e+27,
      "total_samples_seen": 4000,
      "iteration": 10
    },
    {
      "seed": 46,
      "seed_index": 4,
      "true_K_values": [
        600000000000000.0,
        1299999999999999.8,
        960000000000000.0
      ],
      "predicted_K_values": [
        610046037954422.4,
        1342918324563694.5,
        958250247389581.6
      ],
      "absolute_error": [
        10046037954422.375,
        42918324563694.75,
        1749752610418.375
      ],
      "relative_error_percent": [
        1.6743396590703958,
        3.3014095818226736,
        0.18226589691858072
      ],
      "mse_per_K": [
        1.009228785816949e+26,
        1.8419825833546441e+27,
        3.0616341976659173e+24
      ],
      "total_mse": 1.945967096134005e+27,
      "total_samples_seen": 4000,
      "iteration": 10
    }
  ],
  "mean_predictions": {
    "mean_predicted_K": [
      603829812173119.0,
      1322787609148444.8,
      956381483346230.0
    ],
    "std_predicted_K": [
      5467688777531.095,
      37906552323467.23,
      7235779919859.035
    ],
    "mean_absolute_error": [
      5369667928878.325,
      36689838346488.95,
      7156070604963.625
    ],
    "mean_relative_error": [
      0.8949446548130542,
      2.822295257422227,
      0.7454240213503776
    ],
    "mean_total_mse": 2.0661950954256112e+27
  }
}