{
  "experiment_config": {
    "samples_per_iteration": 800,
    "shrink_rate": 0.2,
    "n_iterations": 2,
    "total_samples": 1600,
    "n_epochs": 50,
    "batch_size": 16,
    "initial_window_size": 1.0,
    "num_seeds": 5,
    "timestamp": "20251205_192350"
  },
  "predictions_per_seed": [
    {
      "seed": 42,
      "seed_index": 0,
      "true_K_values": [
        600000000000000.0,
        1299999999999999.8,
        960000000000000.0
      ],
      "predicted_K_values": [
        600596580552942.6,
        1295779312545715.0,
        961106392252390.0
      ],
      "absolute_error": [
        596580552942.625,
        4220687454284.75,
        1106392252390.0
      ],
      "relative_error_percent": [
        0.09943009215710416,
        0.3246682657142116,
        0.11524919295729166
      ],
      "mse_per_K": [
        3.559083561493282e+23,
        1.7814202586756684e+25,
        1.2241038161486174e+24
      ],
      "total_mse": 1.939421475905463e+25,
      "total_samples_seen": 1600,
      "iteration": 2
    },
    {
      "seed": 43,
      "seed_index": 1,
      "true_K_values": [
        600000000000000.0,
        1299999999999999.8,
        960000000000000.0
      ],
      "predicted_K_values": [
        602047179623135.1,
        1299636361844143.5,
        960973194367003.2
      ],
      "absolute_error": [
        2047179623135.125,
        363638155856.25,
        973194367003.25
      ],
      "relative_error_percent": [
        0.34119660385585415,
        0.02797216583509616,
        0.1013744132295052
      ],
      "mse_per_K": [
        4.1909444093796724e+24,
        1.3223270839453437e+23,
        9.471072759668564e+23
      ],
      "total_mse": 5.270284393741063e+24,
      "total_samples_seen": 1600,
      "iteration": 2
    },
    {
      "seed": 44,
      "seed_index": 2,
      "true_K_values": [
        600000000000000.0,
        1299999999999999.8,
        960000000000000.0
      ],
      "predicted_K_values": [
        599160787163314.8,
        1285270963317784.0,
        957942885258869.8
      ],
      "absolute_error": [
        839212836685.25,
        14729036682215.75,
        2057114741130.25
      ],
      "relative_error_percent": [
        0.13986880611420832,
        1.133002821708904,
        0.21428278553440105
      ],
      "mse_per_K": [
        7.042781852573041e+23,
        2.1694452158605713e+26,
        4.2317210581753757e+24
      ],
      "total_mse": 2.2188052082948983e+26,
      "total_samples_seen": 1600,
      "iteration": 2
    },
    {
      "seed": 45,
      "seed_index": 3,
      "true_K_values": [
        600000000000000.0,
        1299999999999999.8,
        960000000000000.0
      ],
      "predicted_K_values": [
        601058989851734.4,
        1299945328451265.2,
        960949049389497.6
      ],
      "absolute_error": [
        1058989851734.375,
        54671548734.5,
        949049389497.625
      ],
      "relative_error_percent": [
        0.17649830862239582,
        0.004205503748807693,
        0.0988593114060026
      ],
      "mse_per_K": [
        1.1214595060763936e+24,
        2.9889782410288085e+21,
        9.006947437058147e+23
      ],
      "total_mse": 2.025143228023237e+24,
      "total_samples_seen": 1600,
      "iteration": 2
    },
    {
      "seed": 46,
      "seed_index": 4,
      "true_K_values": [
        600000000000000.0,
        1299999999999999.8,
        960000000000000.0
      ],
      "predicted_K_values": [
        601442507045875.2,
        1300629546230846.0,
        961144383401830.1
      ],
      "absolute_error": [
        1442507045875.25,
        629546230846.25,
        1144383401830.125
      ],
      "relative_error_percent": [
        0.24041784097920835,
        0.04842663314201924,
        0.1192066043573047
      ],
      "mse_per_K": [
        2.0808265773997407e+24,
        3.963284567727199e+23,
        1.3096133703842892e+24
      ],
      "total_mse": 3.7867684045567496e+24,
      "total_samples_seen": 1600,
      "iteration": 2
    }
  ],
  "mean_predictions": {
    "mean_predicted_K": [
      600861208847400.4,
      1296252302477950.8,
      960423180933918.2
    ],
    "std_predicted_K": [
      974167710413.2118,
      5745678214664.671,
      1242403296053.4004
    ],
    "mean_absolute_error": [
      1196893982074.525,
      3999516014387.5,
      1246026830370.25
    ],
    "mean_relative_error": [
      0.1994823303457542,
      0.3076550780298078,
      0.12979446149690105
    ],
    "mean_total_mse": 5.04713863229731e+25
  }
}