{
  "experiment_config": {
    "samples_per_iteration": 400,
    "shrink_rate": 1,
    "n_iterations": 10,
    "total_samples": 4000,
    "n_epochs": 50,
    "batch_size": 16,
    "initial_window_size": 1.0,
    "num_seeds": 5,
    "timestamp": "20251207_125311"
  },
  "predictions_per_seed": [
    {
      "seed": 42,
      "seed_index": 0,
      "true_K_values": [
        600000000000000.0,
        1299999999999999.8,
        960000000000000.0
      ],
      "predicted_K_values": [
        595741747828304.5,
        1311800353935951.2,
        958363419819691.1
      ],
      "absolute_error": [
        4258252171695.5,
        11800353935951.5,
        1636580180308.875
      ],
      "relative_error_percent": [
        0.7097086952825833,
        0.9077195335347309,
        0.17047710211550782
      ],
      "mse_per_K": [
        1.8132711557749442e+25,
        1.3924835301372606e+26,
        2.6783946865798296e+24
      ],
      "total_mse": 1.6005945925805533e+26,
      "total_samples_seen": 3996,
      "iteration": 10
    },
    {
      "seed": 43,
      "seed_index": 1,
      "true_K_values": [
        600000000000000.0,
        1299999999999999.8,
        960000000000000.0
      ],
      "predicted_K_values": [
        606106582523819.2,
        1345706767551777.2,
        948903280315565.2
      ],
      "absolute_error": [
        6106582523819.25,
        45706767551777.5,
        11096719684434.75
      ],
      "relative_error_percent": [
        1.017763753969875,
        3.5159051962905776,
        1.155908300461953
      ],
      "mse_per_K": [
        3.729035012021468e+25,
        2.0891086000322205e+27,
        1.2313718775492166e+26
      ],
      "total_mse": 2.2495361379073568e+27,
      "total_samples_seen": 3996,
      "iteration": 10
    },
    {
      "seed": 44,
      "seed_index": 2,
      "true_K_values": [
        600000000000000.0,
        1299999999999999.8,
        960000000000000.0
      ],
      "predicted_K_values": [
        605400702033521.5,
        1336493522710841.2,
        961874110992131.6
      ],
      "absolute_error": [
        5400702033521.5,
        36493522710841.5,
        1874110992131.625
      ],
      "relative_error_percent": [
        0.9001170055869167,
        2.807194054680116,
        0.19521989501371093
      ],
      "mse_per_K": [
        2.9167582454883263e+25,
        1.3317771998467043e+27,
        3.512292010828584e+24
      ],
      "total_mse": 1.364457074312416e+27,
      "total_samples_seen": 3996,
      "iteration": 10
    },
    {
      "seed": 45,
      "seed_index": 3,
      "true_K_values": [
        600000000000000.0,
        1299999999999999.8,
        960000000000000.0
      ],
      "predicted_K_values": [
        605179260550295.0,
        1327310322742978.8,
        957712649738768.4
      ],
      "absolute_error": [
        5179260550295.0,
        27310322742979.0,
        2287350261231.625
      ],
      "relative_error_percent": [
        0.8632100917158333,
        2.100794057152231,
        0.2382656522116276
      ],
      "mse_per_K": [
        2.6824739847842066e+25,
        7.45853728325676e+26,
        5.231971217556384e+24
      ],
      "total_mse": 7.779104393910745e+26,
      "total_samples_seen": 3996,
      "iteration": 10
    },
    {
      "seed": 46,
      "seed_index": 4,
      "true_K_values": [
        600000000000000.0,
        1299999999999999.8,
        960000000000000.0
      ],
      "predicted_K_values": [
        601883673411683.0,
        1310148970010268.0,
        964323052525774.5
      ],
      "absolute_error": [
        1883673411683.0,
        10148970010268.25,
        4323052525774.5
      ],
      "relative_error_percent": [
        0.3139455686138333,
        0.7806900007898655,
        0.45031797143484376
      ],
      "mse_per_K": [
        3.5482255218814726e+24,
        1.0300159226932432e+26,
        1.8688783140605285e+25
      ],
      "total_mse": 1.2523860093181109e+26,
      "total_samples_seen": 3996,
      "iteration": 10
    }
  ],
  "mean_predictions": {
    "mean_predicted_K": [
      602862393269524.6,
      1326291987390363.5,
      958235302678386.2
    ],
    "std_predicted_K": [
      3847002296736.2744,
      13803234902097.926,
      5247434527956.241
    ],
    "mean_absolute_error": [
      4565694138202.85,
      26291987390363.55,
      4243562728776.275
    ],
    "mean_relative_error": [
      0.7609490230338083,
      2.022460568489504,
      0.4420377842475286
    ],
    "mean_total_mse": 9.354403423601428e+26
  }
}