{
  "experiment_config": {
    "samples_per_iteration": 512,
    "shrink_rate": 1,
    "n_iterations": 1,
    "total_samples": 512,
    "n_epochs": 50,
    "batch_size": 16,
    "initial_window_size": 1.0,
    "num_seeds": 5,
    "timestamp": "20251204_131331"
  },
  "predictions_per_seed": [
    {
      "seed": 42,
      "seed_index": 0,
      "true_K_values": [
        600000000000000.0,
        1299999999999999.8,
        960000000000000.0
      ],
      "predicted_K_values": [
        631490814564217.4,
        1348572645779740.5,
        981493450036317.4
      ],
      "absolute_error": [
        31490814564217.375,
        48572645779740.75,
        21493450036317.375
      ],
      "relative_error_percent": [
        5.2484690940362295,
        3.7363573676723663,
        2.2389010454497265
      ],
      "mse_per_K": [
        9.916714019179252e+26,
        2.359301918044167e+27,
        4.6196839446367135e+26
      ],
      "total_mse": 3.812941714425763e+27,
      "total_samples_seen": 512,
      "iteration": 1
    },
    {
      "seed": 43,
      "seed_index": 1,
      "true_K_values": [
        600000000000000.0,
        1299999999999999.8,
        960000000000000.0
      ],
      "predicted_K_values": [
        611743541417411.2,
        1304281237273112.2,
        964751368406360.8
      ],
      "absolute_error": [
        11743541417411.25,
        4281237273112.5,
        4751368406360.75
      ],
      "relative_error_percent": [
        1.957256902901875,
        0.32932594408557697,
        0.49493420899591145
      ],
      "mse_per_K": [
        1.3791076502245344e+26,
        1.8328992588687755e+25,
        2.2575501732963092e+25
      ],
      "total_mse": 1.7881525934410428e+26,
      "total_samples_seen": 512,
      "iteration": 1
    },
    {
      "seed": 44,
      "seed_index": 2,
      "true_K_values": [
        600000000000000.0,
        1299999999999999.8,
        960000000000000.0
      ],
      "predicted_K_values": [
        623012523977740.5,
        1313475897656477.2,
        975669933210532.4
      ],
      "absolute_error": [
        23012523977740.5,
        13475897656477.5,
        15669933210532.375
      ],
      "relative_error_percent": [
        3.83542066295675,
        1.036607512036731,
        1.6322847094304558
      ],
      "mse_per_K": [
        5.295762598260814e+26,
        1.815998176478558e+26,
        2.4554680682254547e+26
      ],
      "total_mse": 9.567228842964827e+26,
      "total_samples_seen": 512,
      "iteration": 1
    },
    {
      "seed": 45,
      "seed_index": 3,
      "true_K_values": [
        600000000000000.0,
        1299999999999999.8,
        960000000000000.0
      ],
      "predicted_K_values": [
        630041359894455.0,
        1498182639953954.2,
        969370039411495.9
      ],
      "absolute_error": [
        30041359894455.0,
        198182639953954.5,
        9370039411495.875
      ],
      "relative_error_percent": [
        5.0068933157425,
        15.244818457996502,
        0.9760457720308203
      ],
      "mse_per_K": [
        9.024833043081693e+26,
        3.9276358779118764e+28,
        8.779763857298596e+25
      ],
      "total_mse": 4.026663972199992e+28,
      "total_samples_seen": 512,
      "iteration": 1
    },
    {
      "seed": 46,
      "seed_index": 4,
      "true_K_values": [
        600000000000000.0,
        1299999999999999.8,
        960000000000000.0
      ],
      "predicted_K_values": [
        606585228003713.1,
        1205984788898814.8,
        982192967796943.5
      ],
      "absolute_error": [
        6585228003713.125,
        94015211101185.0,
        22192967796943.5
      ],
      "relative_error_percent": [
        1.0975380006188542,
        7.2319393154757705,
        2.311767478848281
      ],
      "mse_per_K": [
        4.336522786088755e+25,
        8.83885991840038e+27,
        4.925278196361712e+26
      ],
      "total_mse": 9.374752965897438e+27,
      "total_samples_seen": 512,
      "iteration": 1
    }
  ],
  "mean_predictions": {
    "mean_predicted_K": [
      620574693571507.4,
      1334099441912419.8,
      974695551772330.0
    ],
    "std_predicted_K": [
      9883490083248.6,
      94721264489139.2,
      6791464521915.487
    ],
    "mean_absolute_error": [
      20574693571507.45,
      71705526352894.05,
      14695551772329.975
    ],
    "mean_relative_error": [
      3.429115595251242,
      5.515809719453389,
      1.530786642951039
    ],
    "mean_total_mse": 1.0917974509192743e+28
  }
}