{
  "experiment_config": {
    "samples_per_iteration": 400,
    "shrink_rate": 1.0,
    "n_iterations": 10,
    "total_samples": 4000,
    "n_epochs": 50,
    "batch_size": 16,
    "initial_window_size": 2.0,
    "num_seeds": 5,
    "timestamp": "20251208_150534"
  },
  "predictions_per_seed": [
    {
      "seed": 42,
      "seed_index": 0,
      "true_K_values": [
        600000000000000.0,
        1299999999999999.8,
        960000000000000.0
      ],
      "predicted_K_values": [
        604814769013304.6,
        1313292376137961.2,
        964749995232284.6
      ],
      "absolute_error": [
        4814769013304.625,
        13292376137961.5,
        4749995232284.625
      ],
      "relative_error_percent": [
        0.8024615022174375,
        1.0224904721508847,
        0.49479117002964845
      ],
      "mse_per_K": [
        2.318200065147839e+25,
        1.766872633930483e+26,
        2.256245470672667e+25
      ],
      "total_mse": 2.2243171875125333e+26,
      "total_samples_seen": 1436,
      "iteration": 4
    },
    {
      "seed": 43,
      "seed_index": 1,
      "true_K_values": [
        600000000000000.0,
        1299999999999999.8,
        960000000000000.0
      ],
      "predicted_K_values": [
        589862211806042.4,
        1287123291690956.2,
        950903766082171.8
      ],
      "absolute_error": [
        10137788193957.625,
        12876708309043.5,
        9096233917828.25
      ],
      "relative_error_percent": [
        1.6896313656596043,
        0.9905160237725771,
        0.9475243664404427
      ],
      "mse_per_K": [
        1.027747494655466e+26,
        1.6580961687618992e+26,
        8.274147148784907e+25
      ],
      "total_mse": 3.513258378295856e+26,
      "total_samples_seen": 1436,
      "iteration": 4
    },
    {
      "seed": 44,
      "seed_index": 2,
      "true_K_values": [
        600000000000000.0,
        1299999999999999.8,
        960000000000000.0
      ],
      "predicted_K_values": [
        605622215041774.8,
        1360877570008130.0,
        972753654766305.9
      ],
      "absolute_error": [
        5622215041774.75,
        60877570008130.25,
        12753654766305.875
      ],
      "relative_error_percent": [
        0.9370358402957917,
        4.682890000625405,
        1.3285057048235287
      ],
      "mse_per_K": [
        3.1609301975958252e+25,
        3.7060785300947996e+27,
        1.6265570989811658e+26
      ],
      "total_mse": 3.9003435419688744e+27,
      "total_samples_seen": 1436,
      "iteration": 4
    },
    {
      "seed": 45,
      "seed_index": 3,
      "true_K_values": [
        600000000000000.0,
        1299999999999999.8,
        960000000000000.0
      ],
      "predicted_K_values": [
        613576799381422.1,
        1302590516245570.0,
        963995436077439.5
      ],
      "absolute_error": [
        13576799381422.125,
        2590516245570.25,
        3995436077439.5
      ],
      "relative_error_percent": [
        2.2627998969036875,
        0.1992704804284808,
        0.4161912580666146
      ],
      "mse_per_K": [
        1.843294814433842e+26,
        6.710774418563383e+24,
        1.5963509448905138e+25
      ],
      "total_mse": 2.070037653108527e+26,
      "total_samples_seen": 1436,
      "iteration": 4
    },
    {
      "seed": 46,
      "seed_index": 4,
      "true_K_values": [
        600000000000000.0,
        1299999999999999.8,
        960000000000000.0
      ],
      "predicted_K_values": [
        611970561852734.5,
        1355654408207736.5,
        967569350472969.4
      ],
      "absolute_error": [
        11970561852734.5,
        55654408207736.75,
        7569350472969.375
      ],
      "relative_error_percent": [
        1.9950936421224166,
        4.281108323672059,
        0.7884740076009765
      ],
      "mse_per_K": [
        1.4329435107014243e+26,
        3.0974131529533957e+27,
        5.72950665826417e+25
      ],
      "total_mse": 3.29800257060618e+27,
      "total_samples_seen": 1436,
      "iteration": 4
    }
  ],
  "mean_predictions": {
    "mean_predicted_K": [
      605169311419055.8,
      1323907632458070.8,
      963994440526234.2
    ],
    "std_predicted_K": [
      8385475321895.747,
      29308104302342.504,
      7231050221594.749
    ],
    "mean_absolute_error": [
      9224426696638.725,
      29058315781688.45,
      7632934093365.525
    ],
    "mean_relative_error": [
      1.5374044494397876,
      2.235255060129881,
      0.7950973013922422
    ],
    "mean_total_mse": 1.5958214868933492e+27
  }
}