{
  "experiment_config": {
    "samples_per_iteration": 500,
    "shrink_rate": 0.4,
    "n_iterations": 5,
    "total_samples": 2500,
    "n_epochs": 50,
    "batch_size": 16,
    "initial_window_size": 1.0,
    "num_seeds": 5,
    "timestamp": "20251125_211634"
  },
  "predictions_per_seed": [
    {
      "seed": 42,
      "seed_index": 0,
      "true_K_values": [
        600000000000000.0,
        1299999999999999.8,
        960000000000000.0
      ],
      "predicted_K_values": [
        599675481256757.1,
        1298576583151144.2,
        959916079190712.8
      ],
      "absolute_error": [
        324518743242.875,
        1423416848855.5,
        83920809287.25
      ],
      "relative_error_percent": [
        0.05408645720714583,
        0.10949360375811541,
        0.008741750967421875
      ],
      "mse_per_K": [
        1.0531241471593504e+23,
        2.0261155256057215e+24,
        7.042702231426986e+21
      ],
      "total_mse": 2.1384706425530833e+24,
      "total_samples_seen": 2500,
      "iteration": 5
    },
    {
      "seed": 43,
      "seed_index": 1,
      "true_K_values": [
        600000000000000.0,
        1299999999999999.8,
        960000000000000.0
      ],
      "predicted_K_values": [
        602046392847839.4,
        1316402175371546.8,
        961267053619299.6
      ],
      "absolute_error": [
        2046392847839.375,
        16402175371547.0,
        1267053619299.625
      ],
      "relative_error_percent": [
        0.34106547463989584,
        1.261705797811308,
        0.1319847520103776
      ],
      "mse_per_K": [
        4.1877236876881474e+24,
        2.6903135691898296e+26,
        1.6054248741802792e+24
      ],
      "total_mse": 2.7482450548085138e+26,
      "total_samples_seen": 2500,
      "iteration": 5
    },
    {
      "seed": 44,
      "seed_index": 2,
      "true_K_values": [
        600000000000000.0,
        1299999999999999.8,
        960000000000000.0
      ],
      "predicted_K_values": [
        601072865706949.5,
        1309000140791406.5,
        960911973689441.5
      ],
      "absolute_error": [
        1072865706949.5,
        9000140791406.75,
        911973689441.5
      ],
      "relative_error_percent": [
        0.17881095115825,
        0.692318522415904,
        0.09499725931682292
      ],
      "mse_per_K": [
        1.1510408251482504e+24,
        8.100253426514371e+25,
        8.316960102335415e+23
      ],
      "total_mse": 8.29852711005255e+25,
      "total_samples_seen": 2500,
      "iteration": 5
    },
    {
      "seed": 45,
      "seed_index": 3,
      "true_K_values": [
        600000000000000.0,
        1299999999999999.8,
        960000000000000.0
      ],
      "predicted_K_values": [
        601206259882084.2,
        1310638050985350.8,
        960746963937957.4
      ],
      "absolute_error": [
        1206259882084.25,
        10638050985351.0,
        746963937957.375
      ],
      "relative_error_percent": [
        0.20104331368070832,
        0.8183116142577694,
        0.07780874353722657
      ],
      "mse_per_K": [
        1.4550629031259088e+24,
        1.1316812876692737e+26,
        5.579551246087892e+23
      ],
      "total_mse": 1.1518114679466207e+26,
      "total_samples_seen": 2500,
      "iteration": 5
    },
    {
      "seed": 46,
      "seed_index": 4,
      "true_K_values": [
        600000000000000.0,
        1299999999999999.8,
        960000000000000.0
      ],
      "predicted_K_values": [
        600165141590790.9,
        1301616690668837.5,
        960381241909009.0
      ],
      "absolute_error": [
        165141590790.875,
        1616690668837.75,
        381241909009.0
      ],
      "relative_error_percent": [
        0.027523598465145835,
        0.12436082067982694,
        0.039712698855104166
      ],
      "mse_per_K": [
        2.727174500894081e+22,
        2.6136887187070516e+24,
        1.4534539318482663e+23
      ],
      "total_mse": 2.786305856900819e+24,
      "total_samples_seen": 2500,
      "iteration": 5
    }
  ],
  "mean_predictions": {
    "mean_predicted_K": [
      600833228256884.2,
      1307246728193657.2,
      960644662469284.0
    ],
    "std_predicted_K": [
      831271909225.3224,
      6407284551689.922,
      462496617916.67615
    ],
    "mean_absolute_error": [
      963035754181.375,
      7816094933199.6,
      678230792998.95
    ],
    "mean_relative_error": [
      0.16050595903022918,
      0.6012380717845848,
      0.07064904093739062
    ],
    "mean_total_mse": 9.558313997509859e+25
  }
}