{
  "experiment_config": {
    "samples_per_iteration": 800,
    "shrink_rate": 0.4,
    "n_iterations": 5,
    "total_samples": 4000,
    "n_epochs": 50,
    "batch_size": 16,
    "initial_window_size": 1,
    "num_seeds": 5,
    "timestamp": "20251211_192633"
  },
  "predictions_per_seed": [
    {
      "seed": 42,
      "seed_index": 0,
      "true_K_values": [
        600000000000000.0,
        1299999999999999.8,
        960000000000000.0
      ],
      "predicted_K_values": [
        597879630881805.5,
        1285064133792064.2,
        957869878170487.8
      ],
      "absolute_error": [
        2120369118194.5,
        14935866207935.5,
        2130121829512.25
      ],
      "relative_error_percent": [
        0.3533948530324167,
        1.1489127852258079,
        0.22188769057419272
      ],
      "mse_per_K": [
        4.495965197392921e+24,
        2.2308009938134957e+26,
        4.5374190085646153e+24
      ],
      "total_mse": 2.321134835873071e+26,
      "total_samples_seen": 4000,
      "iteration": 5
    },
    {
      "seed": 43,
      "seed_index": 1,
      "true_K_values": [
        600000000000000.0,
        1299999999999999.8,
        960000000000000.0
      ],
      "predicted_K_values": [
        599579387383141.2,
        1296975609566623.0,
        959368812105779.9
      ],
      "absolute_error": [
        420612616858.75,
        3024390433376.75,
        631187894220.125
      ],
      "relative_error_percent": [
        0.07010210280979166,
        0.23264541795205773,
        0.06574873898126302
      ],
      "mse_per_K": [
        1.769149734607656e+23,
        9.146937493500806e+24,
        3.983981578100357e+23
      ],
      "total_mse": 9.722250624771607e+24,
      "total_samples_seen": 4000,
      "iteration": 5
    },
    {
      "seed": 44,
      "seed_index": 2,
      "true_K_values": [
        600000000000000.0,
        1299999999999999.8,
        960000000000000.0
      ],
      "predicted_K_values": [
        600147331859097.2,
        1299839397043109.2,
        960449900612816.6
      ],
      "absolute_error": [
        147331859097.25,
        160602956890.5,
        449900612816.625
      ],
      "relative_error_percent": [
        0.024555309849541667,
        0.01235407360696154,
        0.046864647168398436
      ],
      "mse_per_K": [
        2.1706676705051927e+22,
        2.57933097619718e+22,
        2.0241056141277472e+23
      ],
      "total_mse": 2.4991054787979843e+23,
      "total_samples_seen": 4000,
      "iteration": 5
    },
    {
      "seed": 45,
      "seed_index": 3,
      "true_K_values": [
        600000000000000.0,
        1299999999999999.8,
        960000000000000.0
      ],
      "predicted_K_values": [
        599769393617053.1,
        1298635588803933.0,
        959317089215578.2
      ],
      "absolute_error": [
        230606382946.875,
        1364411196066.75,
        682910784421.75
      ],
      "relative_error_percent": [
        0.0384343971578125,
        0.10495470738975002,
        0.07113654004393229
      ],
      "mse_per_K": [
        5.317930385584076e+22,
        1.8616179119522992e+24,
        4.663671394795299e+23
      ],
      "total_mse": 2.38116435528767e+24,
      "total_samples_seen": 4000,
      "iteration": 5
    },
    {
      "seed": 46,
      "seed_index": 4,
      "true_K_values": [
        600000000000000.0,
        1299999999999999.8,
        960000000000000.0
      ],
      "predicted_K_values": [
        600586066373991.0,
        1301870678255644.2,
        961002946471986.6
      ],
      "absolute_error": [
        586066373991.0,
        1870678255644.5,
        1002946471986.625
      ],
      "relative_error_percent": [
        0.0976777289985,
        0.14389832735726926,
        0.1044735908319401
      ],
      "mse_per_K": [
        3.434737947229587e+23,
        3.4994371361411493e+24,
        1.005901625670418e+24
      ],
      "total_mse": 4.848812556534526e+24,
      "total_samples_seen": 4000,
      "iteration": 5
    }
  ],
  "mean_predictions": {
    "mean_predicted_K": [
      599592362023017.6,
      1296477081492274.5,
      959601725315329.8
    ],
    "std_predicted_K": [
      923081398875.1069,
      5925522950294.752,
      1078645712983.808
    ],
    "mean_absolute_error": [
      700997270217.675,
      4271189809982.8,
      979413518591.475
    ],
    "mean_relative_error": [
      0.11683287836961251,
      0.3285530623063694,
      0.10202224151994532
    ],
    "mean_total_mse": 4.986312433435613e+25
  }
}