{
  "experiment_config": {
    "samples_per_iteration": 800,
    "shrink_rate": 0.4,
    "n_iterations": 1,
    "total_samples": 800,
    "n_epochs": 50,
    "batch_size": 16,
    "initial_window_size": 1.0,
    "num_seeds": 3,
    "timestamp": "20251121_121719"
  },
  "predictions_per_seed": [
    {
      "seed": 42,
      "seed_index": 0,
      "true_K_values": [
        600000000000000.0,
        1299999999999999.8,
        960000000000000.0
      ],
      "predicted_K_values": [
        626973937591596.4,
        1399562976888397.2,
        978644571552995.2
      ],
      "absolute_error": [
        26973937591596.375,
        99562976888397.5,
        18644571552995.25
      ],
      "relative_error_percent": [
        4.495656265266063,
        7.658690529876732,
        1.9421428701036718
      ],
      "mse_per_K": [
        7.27593309195336e+26,
        9.912786366879575e+27,
        3.476200483947597e+26
      ],
      "total_mse": 1.098799972446967e+28,
      "total_samples_seen": 800,
      "iteration": 1
    },
    {
      "seed": 43,
      "seed_index": 1,
      "true_K_values": [
        600000000000000.0,
        1299999999999999.8,
        960000000000000.0
      ],
      "predicted_K_values": [
        633406183259088.6,
        1409813079591328.0,
        982427666132792.2
      ],
      "absolute_error": [
        33406183259088.625,
        109813079591328.25,
        22427666132792.25
      ],
      "relative_error_percent": [
        5.567697209848104,
        8.447159968563712,
        2.336215222165859
      ],
      "mse_per_K": [
        1.1159730799398131e+27,
        1.2058912449331392e+28,
        5.030002081639965e+26
      ],
      "total_mse": 1.36778857374352e+28,
      "total_samples_seen": 800,
      "iteration": 1
    },
    {
      "seed": 44,
      "seed_index": 2,
      "true_K_values": [
        600000000000000.0,
        1299999999999999.8,
        960000000000000.0
      ],
      "predicted_K_values": [
        632939768558791.5,
        1421956938520766.8,
        979670447019053.4
      ],
      "absolute_error": [
        32939768558791.5,
        121956938520767.0,
        19670447019053.375
      ],
      "relative_error_percent": [
        5.48996142646525,
        9.381302963135925,
        2.04900489781806
      ],
      "mse_per_K": [
        1.0850283527067491e+27,
        1.4873494853358142e+28,
        3.869264859293858e+26
      ],
      "total_mse": 1.6345449691994276e+28,
      "total_samples_seen": 800,
      "iteration": 1
    }
  ],
  "mean_predictions": {
    "mean_predicted_K": [
      631106629803158.9,
      1410444331666830.8,
      980247561568280.4
    ],
    "std_predicted_K": [
      2928451735962.773,
      9153186650383.174,
      1597445262936.9185
    ],
    "mean_absolute_error": [
      31106629803158.832,
      110444331666830.92,
      20247561568280.293
    ],
    "mean_relative_error": [
      5.184438300526472,
      8.495717820525456,
      2.109120996695864
    ],
    "mean_total_mse": 1.3670445051299716e+28
  }
}