{
  "experiment_config": {
    "samples_per_iteration": 500,
    "shrink_rate": 1,
    "n_iterations": 4,
    "total_samples": 2000,
    "n_epochs": 50,
    "batch_size": 16,
    "initial_window_size": 1.0,
    "num_seeds": 5,
    "timestamp": "20251129_121010"
  },
  "predictions_per_seed": [
    {
      "seed": 42,
      "seed_index": 0,
      "true_K_values": [
        600000000000000.0,
        1299999999999999.8,
        960000000000000.0
      ],
      "predicted_K_values": [
        603994233904915.1,
        1355919236728126.5,
        949513598976828.0
      ],
      "absolute_error": [
        3994233904915.125,
        55919236728126.75,
        10486401023172.0
      ],
      "relative_error_percent": [
        0.6657056508191875,
        4.301479748317443,
        1.09233343991375
      ],
      "mse_per_K": [
        1.5953904487173529e+25,
        3.1269610362562794e+27,
        1.0996460641878277e+26
      ],
      "total_mse": 3.252879547162236e+27,
      "total_samples_seen": 2000,
      "iteration": 4
    },
    {
      "seed": 43,
      "seed_index": 1,
      "true_K_values": [
        600000000000000.0,
        1299999999999999.8,
        960000000000000.0
      ],
      "predicted_K_values": [
        597459850499035.5,
        1297194364119284.2,
        946517218711492.8
      ],
      "absolute_error": [
        2540149500964.5,
        2805635880715.5,
        13482781288507.25
      ],
      "relative_error_percent": [
        0.42335825016075,
        0.21581814467042312,
        1.4044563842195052
      ],
      "mse_per_K": [
        6.452359487250199e+24,
        7.871592695158239e+24,
        1.8178539127372122e+26
      ],
      "total_mse": 1.9610934345612967e+26,
      "total_samples_seen": 2000,
      "iteration": 4
    },
    {
      "seed": 44,
      "seed_index": 2,
      "true_K_values": [
        600000000000000.0,
        1299999999999999.8,
        960000000000000.0
      ],
      "predicted_K_values": [
        596820953196412.6,
        1315895439161771.2,
        946631878746851.4
      ],
      "absolute_error": [
        3179046803587.375,
        15895439161771.5,
        13368121253148.625
      ],
      "relative_error_percent": [
        0.5298411339312291,
        1.2227260893670386,
        1.3925126305363151
      ],
      "mse_per_K": [
        1.0106338579399107e+25,
        2.5266498614557906e+26,
        1.7870666583888398e+26
      ],
      "total_mse": 4.4147799056386216e+26,
      "total_samples_seen": 2000,
      "iteration": 4
    },
    {
      "seed": 45,
      "seed_index": 3,
      "true_K_values": [
        600000000000000.0,
        1299999999999999.8,
        960000000000000.0
      ],
      "predicted_K_values": [
        605511565825188.5,
        1350253145355618.8,
        936581846545845.5
      ],
      "absolute_error": [
        5511565825188.5,
        50253145355619.0,
        23418153454154.5
      ],
      "relative_error_percent": [
        0.9185943041980833,
        3.865626565816847,
        2.4393909848077606
      ],
      "mse_per_K": [
        3.037735784538579e+25,
        2.5253786181329715e+27,
        5.4840991120232836e+26
      ],
      "total_mse": 3.104165887180685e+27,
      "total_samples_seen": 2000,
      "iteration": 4
    },
    {
      "seed": 46,
      "seed_index": 4,
      "true_K_values": [
        600000000000000.0,
        1299999999999999.8,
        960000000000000.0
      ],
      "predicted_K_values": [
        602982655449724.0,
        1366600963458149.0,
        938272567127106.9
      ],
      "absolute_error": [
        2982655449724.0,
        66600963458149.25,
        21727432872893.125
      ],
      "relative_error_percent": [
        0.49710924162066666,
        5.123151035242251,
        2.263274257593034
      ],
      "mse_per_K": [
        8.896233531768277e+24,
        4.435688333553732e+27,
        4.720813392460768e+26
      ],
      "total_mse": 4.916665906331577e+27,
      "total_samples_seen": 2000,
      "iteration": 4
    }
  ],
  "mean_predictions": {
    "mean_predicted_K": [
      601353851775055.1,
      1337172629764590.0,
      943503422021624.8
    ],
    "std_predicted_K": [
      3538972189404.0645,
      26228010022520.71,
      5104164750411.992
    ],
    "mean_absolute_error": [
      3641530296875.9,
      38294884116876.4,
      16496577978375.1
    ],
    "mean_relative_error": [
      0.6069217161459833,
      2.945760316682801,
      1.7183935394140732
    ],
    "mean_total_mse": 2.382259734938898e+27
  }
}