{
  "experiment_config": {
    "samples_per_iteration": 500,
    "shrink_rate": 1,
    "n_iterations": 4,
    "total_samples": 2000,
    "n_epochs": 50,
    "batch_size": 16,
    "initial_window_size": 1.0,
    "num_seeds": 5,
    "timestamp": "20251129_105316"
  },
  "predictions_per_seed": [
    {
      "seed": 42,
      "seed_index": 0,
      "true_K_values": [
        600000000000000.0,
        1299999999999999.8,
        960000000000000.0
      ],
      "predicted_K_values": [
        612277332693031.1,
        1303058844576364.8,
        946471789535806.8
      ],
      "absolute_error": [
        12277332693031.125,
        3058844576365.0,
        13528210464193.25
      ],
      "relative_error_percent": [
        2.0462221155051874,
        0.2352957366434616,
        1.4091885900201302
      ],
      "mse_per_K": [
        1.507328980553709e+26,
        9.356530142357577e+24,
        1.8301247836350776e+26
      ],
      "total_mse": 3.431019065612362e+26,
      "total_samples_seen": 2000,
      "iteration": 4
    },
    {
      "seed": 43,
      "seed_index": 1,
      "true_K_values": [
        600000000000000.0,
        1299999999999999.8,
        960000000000000.0
      ],
      "predicted_K_values": [
        617041042533421.6,
        1311217421450133.8,
        964770707274599.9
      ],
      "absolute_error": [
        17041042533421.625,
        11217421450134.0,
        4770707274599.875
      ],
      "relative_error_percent": [
        2.840173755570271,
        0.8628785730872309,
        0.49694867443748697
      ],
      "mse_per_K": [
        2.903971306258849e+26,
        1.2583054398992636e+26,
        2.275964789992017e+25
      ],
      "total_mse": 4.3898732251573145e+26,
      "total_samples_seen": 2000,
      "iteration": 4
    },
    {
      "seed": 44,
      "seed_index": 2,
      "true_K_values": [
        600000000000000.0,
        1299999999999999.8,
        960000000000000.0
      ],
      "predicted_K_values": [
        611100245325635.1,
        1390440795889560.2,
        964735004748620.0
      ],
      "absolute_error": [
        11100245325635.125,
        90440795889560.5,
        4735004748620.0
      ],
      "relative_error_percent": [
        1.850040887605854,
        6.956984299196963,
        0.49322966131458335
      ],
      "mse_per_K": [
        1.2321544628928445e+26,
        8.179537561137143e+27,
        2.242026996945395e+25
      ],
      "total_mse": 8.325173277395882e+27,
      "total_samples_seen": 2000,
      "iteration": 4
    },
    {
      "seed": 45,
      "seed_index": 3,
      "true_K_values": [
        600000000000000.0,
        1299999999999999.8,
        960000000000000.0
      ],
      "predicted_K_values": [
        606452763653927.8,
        1348542136295227.5,
        940149295580100.2
      ],
      "absolute_error": [
        6452763653927.75,
        48542136295227.75,
        19850704419899.75
      ],
      "relative_error_percent": [
        1.0754606089879584,
        3.734010484248289,
        2.067781710406224
      ],
      "mse_per_K": [
        4.1638158773451e+25,
        2.3563389961044672e+27,
        3.9405046596622744e+26
      ],
      "total_mse": 2.7920276208441455e+27,
      "total_samples_seen": 2000,
      "iteration": 4
    },
    {
      "seed": 46,
      "seed_index": 4,
      "true_K_values": [
        600000000000000.0,
        1299999999999999.8,
        960000000000000.0
      ],
      "predicted_K_values": [
        611436412951980.2,
        1373744054596130.0,
        964125887614673.9
      ],
      "absolute_error": [
        11436412951980.25,
        73744054596130.25,
        4125887614673.875
      ],
      "relative_error_percent": [
        1.9060688253300417,
        5.6726195843177125,
        0.42977995986186196
      ],
      "mse_per_K": [
        1.3079154120822161e+26,
        5.438185588277039e+27,
        1.7022948608919277e+25
      ],
      "total_mse": 5.58600007809418e+27,
      "total_samples_seen": 2000,
      "iteration": 4
    }
  ],
  "mean_predictions": {
    "mean_predicted_K": [
      611661559431599.2,
      1345400650561483.2,
      956050536950760.2
    ],
    "std_predicted_K": [
      3370914803687.999,
      34068031532864.57,
      10595041471570.31
    ],
    "mean_absolute_error": [
      11661559431599.176,
      45400650561483.5,
      9402102904397.35
    ],
    "mean_relative_error": [
      1.9435932385998627,
      3.4923577354987314,
      0.9793857192080573
    ],
    "mean_total_mse": 3.497058041082235e+27
  }
}