{
  "experiment_config": {
    "samples_per_iteration": 500,
    "shrink_rate": 0.4,
    "n_iterations": 6,
    "total_samples": 3000,
    "n_epochs": 50,
    "batch_size": 16,
    "initial_window_size": 1.0,
    "num_seeds": 5,
    "timestamp": "20251204_222255"
  },
  "predictions_per_seed": [
    {
      "seed": 42,
      "seed_index": 0,
      "true_K_values": [
        600000000000000.0,
        1299999999999999.8,
        960000000000000.0
      ],
      "predicted_K_values": [
        600703653518184.9,
        1304975211892918.0,
        960639970791190.5
      ],
      "absolute_error": [
        703653518184.875,
        4975211892918.25,
        639970791190.5
      ],
      "relative_error_percent": [
        0.11727558636414584,
        0.3827086071475578,
        0.06666362408234375
      ],
      "mse_per_K": [
        4.9512827365395224e+23,
        2.4752733379435195e+25,
        4.095626135769945e+23
      ],
      "total_mse": 2.5657424266666143e+25,
      "total_samples_seen": 3000,
      "iteration": 6
    },
    {
      "seed": 43,
      "seed_index": 1,
      "true_K_values": [
        600000000000000.0,
        1299999999999999.8,
        960000000000000.0
      ],
      "predicted_K_values": [
        598993883513085.8,
        1292947350952819.5,
        958898671631457.6
      ],
      "absolute_error": [
        1006116486914.25,
        7052649047180.25,
        1101328368542.375
      ],
      "relative_error_percent": [
        0.167686081152375,
        0.5425114651677116,
        0.1147217050564974
      ],
      "mse_per_K": [
        1.0122703852406722e+24,
        4.973985858269249e+25,
        1.2129241753562093e+24
      ],
      "total_mse": 5.196505314328937e+25,
      "total_samples_seen": 3000,
      "iteration": 6
    },
    {
      "seed": 44,
      "seed_index": 2,
      "true_K_values": [
        600000000000000.0,
        1299999999999999.8,
        960000000000000.0
      ],
      "predicted_K_values": [
        598448648233164.8,
        1286714743365348.8,
        958831958257591.2
      ],
      "absolute_error": [
        1551351766835.25,
        13285256634651.0,
        1168041742408.75
      ],
      "relative_error_percent": [
        0.258558627805875,
        1.0219428180500771,
        0.12167101483424479
      ],
      "mse_per_K": [
        2.4066923044628518e+24,
        1.764980438485384e+26,
        1.3643215120092686e+24
      ],
      "total_mse": 1.8026905766501054e+26,
      "total_samples_seen": 3000,
      "iteration": 6
    },
    {
      "seed": 45,
      "seed_index": 3,
      "true_K_values": [
        600000000000000.0,
        1299999999999999.8,
        960000000000000.0
      ],
      "predicted_K_values": [
        599676983282321.6,
        1295567604599882.8,
        959959906329976.6
      ],
      "absolute_error": [
        323016717678.375,
        4432395400117.0,
        40093670023.375
      ],
      "relative_error_percent": [
        0.0538361196130625,
        0.34095349231669236,
        0.004176423960768229
      ],
      "mse_per_K": [
        1.0433979989971102e+23,
        1.964612898297834e+25,
        1.607502375943279e+21
      ],
      "total_mse": 1.9752076285253996e+25,
      "total_samples_seen": 3000,
      "iteration": 6
    },
    {
      "seed": 46,
      "seed_index": 4,
      "true_K_values": [
        600000000000000.0,
        1299999999999999.8,
        960000000000000.0
      ],
      "predicted_K_values": [
        597994500074977.9,
        1283324628563397.2,
        958527056397099.1
      ],
      "absolute_error": [
        2005499925022.125,
        16675371436602.5,
        1472943602900.875
      ],
      "relative_error_percent": [
        0.3342499875036875,
        1.282720879738654,
        0.15343162530217447
      ],
      "mse_per_K": [
        4.022029949263749e+24,
        2.7806801254865854e+26,
        2.1695628573266105e+24
      ],
      "total_mse": 2.8425960535524887e+26,
      "total_samples_seen": 3000,
      "iteration": 6
    }
  ],
  "mean_predictions": {
    "mean_predicted_K": [
      599163533724347.0,
      1292705907874873.2,
      959371512681463.0
    ],
    "std_predicted_K": [
      953108761999.0411,
      7519120662592.68,
      797871808354.7057
    ],
    "mean_absolute_error": [
      1117927682926.975,
      9284176882293.8,
      884475635013.175
    ],
    "mean_relative_error": [
      0.18632128048782917,
      0.7141674524841386,
      0.09213287864720573
    ],
    "mean_total_mse": 1.123806433430938e+26
  }
}