{
  "experiment_config": {
    "samples_per_iteration": 500,
    "shrink_rate": 0.4,
    "n_iterations": 3,
    "total_samples": 1500,
    "n_epochs": 50,
    "batch_size": 16,
    "initial_window_size": 1.0,
    "num_seeds": 5,
    "timestamp": "20251124_221151"
  },
  "predictions_per_seed": [
    {
      "seed": 42,
      "seed_index": 0,
      "true_K_values": [
        600000000000000.0,
        1299999999999999.8,
        960000000000000.0
      ],
      "predicted_K_values": [
        604509643248626.4,
        1312263261799954.5,
        963331849705139.2
      ],
      "absolute_error": [
        4509643248626.375,
        12263261799954.75,
        3331849705139.25
      ],
      "relative_error_percent": [
        0.7516072081043959,
        0.9433278307657502,
        0.34706767761867185
      ],
      "mse_per_K": [
        2.0336882229881444e+25,
        1.503875899742294e+26,
        1.1101222457636507e+25
      ],
      "total_mse": 1.8182569466174737e+26,
      "total_samples_seen": 1500,
      "iteration": 3
    },
    {
      "seed": 43,
      "seed_index": 1,
      "true_K_values": [
        600000000000000.0,
        1299999999999999.8,
        960000000000000.0
      ],
      "predicted_K_values": [
        600935680705389.9,
        1285492970150520.2,
        962016005646667.2
      ],
      "absolute_error": [
        935680705389.875,
        14507029849479.5,
        2016005646667.25
      ],
      "relative_error_percent": [
        0.15594678423164585,
        1.1159253730368848,
        0.2100005881945052
      ],
      "mse_per_K": [
        8.75498382438894e+23,
        2.1045391505368922e+26,
        4.0642787673942366e+24
      ],
      "total_mse": 2.1539369220352233e+26,
      "total_samples_seen": 1500,
      "iteration": 3
    },
    {
      "seed": 44,
      "seed_index": 2,
      "true_K_values": [
        600000000000000.0,
        1299999999999999.8,
        960000000000000.0
      ],
      "predicted_K_values": [
        602387710276120.0,
        1298721696790679.5,
        961368325207415.9
      ],
      "absolute_error": [
        2387710276120.0,
        1278303209320.25,
        1368325207415.875
      ],
      "relative_error_percent": [
        0.3979517126866667,
        0.09833101610155771,
        0.14253387577248697
      ],
      "mse_per_K": [
        5.701160362689046e+24,
        1.634059094958451e+24,
        1.8723138732496972e+24
      ],
      "total_mse": 9.207533330897195e+24,
      "total_samples_seen": 1500,
      "iteration": 3
    },
    {
      "seed": 45,
      "seed_index": 3,
      "true_K_values": [
        600000000000000.0,
        1299999999999999.8,
        960000000000000.0
      ],
      "predicted_K_values": [
        601038533694046.1,
        1299532908363663.8,
        961610690431856.6
      ],
      "absolute_error": [
        1038533694046.125,
        467091636336.0,
        1610690431856.625
      ],
      "relative_error_percent": [
        0.1730889490076875,
        0.03593012587200001,
        0.16778025331839844
      ],
      "mse_per_K": [
        1.0785522336690903e+24,
        2.1817459673504207e+23,
        2.5943236672744813e+24
      ],
      "total_mse": 3.8910504976786137e+24,
      "total_samples_seen": 1500,
      "iteration": 3
    },
    {
      "seed": 46,
      "seed_index": 4,
      "true_K_values": [
        600000000000000.0,
        1299999999999999.8,
        960000000000000.0
      ],
      "predicted_K_values": [
        608801287911596.1,
        1352788065368334.0,
        966620944911040.9
      ],
      "absolute_error": [
        8801287911596.125,
        52788065368334.25,
        6620944911040.875
      ],
      "relative_error_percent": [
        1.4668813185993541,
        4.060620412948789,
        0.6896817615667579
      ],
      "mse_per_K": [
        7.746266890280808e+25,
        2.7865798453315296e+27,
        4.383691151503806e+25
      ],
      "total_mse": 2.907879425749376e+27,
      "total_samples_seen": 1500,
      "iteration": 3
    }
  ],
  "mean_predictions": {
    "mean_predicted_K": [
      603534571167155.8,
      1309759780494630.5,
      962989563180424.0
    ],
    "std_predicted_K": [
      2932193562268.5117,
      23121448949122.016,
      1938123331052.976
    ],
    "mean_absolute_error": [
      3534571167155.7,
      16260750372684.95,
      2989563180423.975
    ],
    "mean_relative_error": [
      0.58909519452595,
      1.2508269517449964,
      0.3114128312941641
    ],
    "mean_total_mse": 6.636394792886442e+26
  }
}