{
  "experiment_config": {
    "samples_per_iteration": 800,
    "shrink_rate": 0.4,
    "n_iterations": 1,
    "total_samples": 800,
    "n_epochs": 50,
    "batch_size": 16,
    "initial_window_size": 2.0,
    "num_seeds": 5,
    "timestamp": "20251208_111632"
  },
  "predictions_per_seed": [
    {
      "seed": 42,
      "seed_index": 0,
      "true_K_values": [
        600000000000000.0,
        1299999999999999.8,
        960000000000000.0
      ],
      "predicted_K_values": [
        644897251027886.2,
        1476645731556577.8,
        969900542329582.4
      ],
      "absolute_error": [
        44897251027886.25,
        176645731556578.0,
        9900542329582.375
      ],
      "relative_error_percent": [
        7.482875171314375,
        13.588133196659848,
        1.0313064926648308
      ],
      "mse_per_K": [
        2.0157631498610328e+27,
        3.1203714477158617e+28,
        9.80207384198524e+25
      ],
      "total_mse": 3.33174983654395e+28,
      "total_samples_seen": 800,
      "iteration": 1
    },
    {
      "seed": 43,
      "seed_index": 1,
      "true_K_values": [
        600000000000000.0,
        1299999999999999.8,
        960000000000000.0
      ],
      "predicted_K_values": [
        651833175934681.1,
        1368119003900758.8,
        990123048086717.6
      ],
      "absolute_error": [
        51833175934681.125,
        68119003900759.0,
        30123048086717.625
      ],
      "relative_error_percent": [
        8.638862655780187,
        5.239923376981462,
        3.137817509033086
      ],
      "mse_per_K": [
        2.6866781274756065e+27,
        4.6401986924316197e+27,
        9.073980260347023e+26
      ],
      "total_mse": 8.234274845941929e+27,
      "total_samples_seen": 800,
      "iteration": 1
    },
    {
      "seed": 44,
      "seed_index": 2,
      "true_K_values": [
        600000000000000.0,
        1299999999999999.8,
        960000000000000.0
      ],
      "predicted_K_values": [
        631921752851181.0,
        1410661305208974.8,
        964804922195330.6
      ],
      "absolute_error": [
        31921752851181.0,
        110661305208975.0,
        4804922195330.625
      ],
      "relative_error_percent": [
        5.3202921418635,
        8.51240809299808,
        0.5005127286802734
      ],
      "mse_per_K": [
        1.0189983050918823e+27,
        1.2245924470553918e+28,
        2.3087277303180873e+25
      ],
      "total_mse": 1.3288010052948981e+28,
      "total_samples_seen": 800,
      "iteration": 1
    },
    {
      "seed": 45,
      "seed_index": 3,
      "true_K_values": [
        600000000000000.0,
        1299999999999999.8,
        960000000000000.0
      ],
      "predicted_K_values": [
        650347458076289.6,
        1351633970553160.8,
        984758056971194.2
      ],
      "absolute_error": [
        50347458076289.625,
        51633970553161.0,
        24758056971194.25
      ],
      "relative_error_percent": [
        8.391243012714936,
        3.971843888704693,
        2.5789642678327342
      ],
      "mse_per_K": [
        2.534866534743741e+27,
        2.666066915084697e+27,
        6.129613849889002e+26
      ],
      "total_mse": 5.813894834817338e+27,
      "total_samples_seen": 800,
      "iteration": 1
    },
    {
      "seed": 46,
      "seed_index": 4,
      "true_K_values": [
        600000000000000.0,
        1299999999999999.8,
        960000000000000.0
      ],
      "predicted_K_values": [
        630151866060987.6,
        1231522156658878.0,
        982571391686096.1
      ],
      "absolute_error": [
        30151866060987.625,
        68477843341121.75,
        22571391686096.125
      ],
      "relative_error_percent": [
        5.025311010164605,
        5.26752641085552,
        2.3511866339683465
      ],
      "mse_per_K": [
        9.091350269597373e+26,
        4.6892150286512123e+27,
        5.0946772264716926e+26
      ],
      "total_mse": 6.107817778258119e+27,
      "total_samples_seen": 800,
      "iteration": 1
    }
  ],
  "mean_predictions": {
    "mean_predicted_K": [
      641830300790205.1,
      1367716433575670.0,
      978431592253784.2
    ],
    "std_predicted_K": [
      9127659318103.662,
      80644333592434.45,
      9511226885581.234
    ],
    "mean_absolute_error": [
      41830300790205.125,
      95107570912118.95,
      18431592253784.2
    ],
    "mean_relative_error": [
      6.971716798367521,
      7.315966993239921,
      1.919957526435854
    ],
    "mean_total_mse": 1.3352299175481172e+28
  }
}