{
  "experiment_config": {
    "samples_per_iteration": 400,
    "shrink_rate": 1,
    "n_iterations": 2,
    "total_samples": 800,
    "n_epochs": 50,
    "batch_size": 16,
    "initial_window_size": 2.0,
    "num_seeds": 5,
    "timestamp": "20251208_105449"
  },
  "predictions_per_seed": [
    {
      "seed": 42,
      "seed_index": 0,
      "true_K_values": [
        600000000000000.0,
        1299999999999999.8,
        960000000000000.0
      ],
      "predicted_K_values": [
        635869290609821.8,
        1402095418973436.5,
        973142148598683.8
      ],
      "absolute_error": [
        35869290609821.75,
        102095418973436.75,
        13142148598683.75
      ],
      "relative_error_percent": [
        5.978215101636958,
        7.8534937671874445,
        1.3689738123628907
      ],
      "mse_per_K": [
        1.2866060088518467e+27,
        1.0423474575361589e+28,
        1.7271606978988524e+26
      ],
      "total_mse": 1.188279665400332e+28,
      "total_samples_seen": 800,
      "iteration": 2
    },
    {
      "seed": 43,
      "seed_index": 1,
      "true_K_values": [
        600000000000000.0,
        1299999999999999.8,
        960000000000000.0
      ],
      "predicted_K_values": [
        622340760925265.4,
        1258086393134991.2,
        960946760766037.4
      ],
      "absolute_error": [
        22340760925265.375,
        41913606865008.5,
        946760766037.375
      ],
      "relative_error_percent": [
        3.723460154210896,
        3.2241236050006545,
        0.09862091312889323
      ],
      "mse_per_K": [
        4.9910959871986424e+26,
        1.7567504404344877e+27,
        8.963559481076771e+23
      ],
      "total_mse": 2.2567563951024595e+27,
      "total_samples_seen": 800,
      "iteration": 2
    },
    {
      "seed": 44,
      "seed_index": 2,
      "true_K_values": [
        600000000000000.0,
        1299999999999999.8,
        960000000000000.0
      ],
      "predicted_K_values": [
        638059243882892.8,
        1421435334744934.5,
        966956228247967.9
      ],
      "absolute_error": [
        38059243882892.75,
        121435334744934.75,
        6956228247967.875
      ],
      "relative_error_percent": [
        6.3432073138154585,
        9.341179595764213,
        0.7246071091633203
      ],
      "mse_per_K": [
        1.4485060449375092e+27,
        1.4746540524614358e+28,
        4.838911143782621e+25
      ],
      "total_mse": 1.6243435680989693e+28,
      "total_samples_seen": 800,
      "iteration": 2
    },
    {
      "seed": 45,
      "seed_index": 3,
      "true_K_values": [
        600000000000000.0,
        1299999999999999.8,
        960000000000000.0
      ],
      "predicted_K_values": [
        642970724428821.4,
        1285499397275430.2,
        985417523821265.9
      ],
      "absolute_error": [
        42970724428821.375,
        14500602724569.5,
        25417523821265.875
      ],
      "relative_error_percent": [
        7.161787404803563,
        1.1154309788130388,
        2.647658731381862
      ],
      "mse_per_K": [
        1.846483157937706e+27,
        2.102674793757924e+26,
        6.460505172046182e+26
      ],
      "total_mse": 2.702801154518117e+27,
      "total_samples_seen": 800,
      "iteration": 2
    },
    {
      "seed": 46,
      "seed_index": 4,
      "true_K_values": [
        600000000000000.0,
        1299999999999999.8,
        960000000000000.0
      ],
      "predicted_K_values": [
        643203395341268.4,
        1415929069707539.2,
        985272653956231.9
      ],
      "absolute_error": [
        43203395341268.375,
        115929069707539.5,
        25272653956231.875
      ],
      "relative_error_percent": [
        7.200565890211396,
        8.91762074673381,
        2.6325681204408204
      ],
      "mse_per_K": [
        1.86653336901393e+27,
        1.3439549203255552e+28,
        6.387070379914427e+26
      ],
      "total_mse": 1.5944789610260926e+28,
      "total_samples_seen": 800,
      "iteration": 2
    }
  ],
  "mean_predictions": {
    "mean_predicted_K": [
      636488683037613.9,
      1356609122767266.5,
      974347063078037.4
    ],
    "std_predicted_K": [
      7617325388396.972,
      70076555738198.875,
      9773105929498.229
    ],
    "mean_absolute_error": [
      36488683037613.92,
      79174806603097.8,
      14347063078037.35
    ],
    "mean_relative_error": [
      6.081447172935654,
      6.090369738699832,
      1.4944857372955576
    ],
    "mean_total_mse": 9.806115898974904e+27
  }
}