{
  "experiment_config": {
    "samples_per_iteration": 800,
    "shrink_rate": 0.2,
    "n_iterations": 3,
    "total_samples": 2400,
    "n_epochs": 50,
    "batch_size": 16,
    "initial_window_size": 1.0,
    "num_seeds": 5,
    "timestamp": "20251204_152525"
  },
  "predictions_per_seed": [
    {
      "seed": 42,
      "seed_index": 0,
      "true_K_values": [
        600000000000000.0,
        1299999999999999.8,
        960000000000000.0
      ],
      "predicted_K_values": [
        600635204067458.9,
        1305080988430594.2,
        960665488942772.4
      ],
      "absolute_error": [
        635204067458.875,
        5080988430594.5,
        665488942772.375
      ],
      "relative_error_percent": [
        0.10586734457647917,
        0.3908452638918847,
        0.0693217648721224
      ],
      "mse_per_K": [
        4.0348420731629905e+23,
        2.581644343183516e+25,
        4.428755329522934e+23
      ],
      "total_mse": 2.666280317210375e+25,
      "total_samples_seen": 2400,
      "iteration": 3
    },
    {
      "seed": 43,
      "seed_index": 1,
      "true_K_values": [
        600000000000000.0,
        1299999999999999.8,
        960000000000000.0
      ],
      "predicted_K_values": [
        601944040534371.4,
        1315558440997813.0,
        961108452013504.2
      ],
      "absolute_error": [
        1944040534371.375,
        15558440997813.25,
        1108452013504.25
      ],
      "relative_error_percent": [
        0.3240067557285625,
        1.1968031536779424,
        0.11546375140669271
      ],
      "mse_per_K": [
        3.779293599278941e+24,
        2.4206508628243615e+26,
        1.228665866241626e+24
      ],
      "total_mse": 2.470730457479567e+26,
      "total_samples_seen": 2400,
      "iteration": 3
    },
    {
      "seed": 44,
      "seed_index": 2,
      "true_K_values": [
        600000000000000.0,
        1299999999999999.8,
        960000000000000.0
      ],
      "predicted_K_values": [
        601543929533993.9,
        1312416118963478.0,
        961084535898344.6
      ],
      "absolute_error": [
        1543929533993.875,
        12416118963478.25,
        1084535898344.625
      ],
      "relative_error_percent": [
        0.25732158899897917,
        0.9550860741137117,
        0.11297248941089844
      ],
      "mse_per_K": [
        2.383718405938544e+24,
        1.5416001011524422e+26,
        1.1762181147981827e+24
      ],
      "total_mse": 1.5771994663598092e+26,
      "total_samples_seen": 2400,
      "iteration": 3
    },
    {
      "seed": 45,
      "seed_index": 3,
      "true_K_values": [
        600000000000000.0,
        1299999999999999.8,
        960000000000000.0
      ],
      "predicted_K_values": [
        600607237781948.0,
        1304299357119244.2,
        960296105116287.6
      ],
      "absolute_error": [
        607237781948.0,
        4299357119244.5,
        296105116287.625
      ],
      "relative_error_percent": [
        0.10120629699133334,
        0.33071977840342315,
        0.030844282946627603
      ],
      "mse_per_K": [
        3.687377238251268e+23,
        1.8484471638798366e+25,
        8.767823989170793e+22
      ],
      "total_mse": 1.89408876025152e+25,
      "total_samples_seen": 2400,
      "iteration": 3
    },
    {
      "seed": 46,
      "seed_index": 4,
      "true_K_values": [
        600000000000000.0,
        1299999999999999.8,
        960000000000000.0
      ],
      "predicted_K_values": [
        597633012589116.6,
        1278382556683768.8,
        958241092895740.6
      ],
      "absolute_error": [
        2366987410883.375,
        21617443316231.0,
        1758907104259.375
      ],
      "relative_error_percent": [
        0.3944979018138958,
        1.6628802550946926,
        0.18321949002701823
      ],
      "mse_per_K": [
        5.602629403280383e+24,
        4.6731385553046036e+26,
        3.0937542014140997e+24
      ],
      "total_mse": 4.760102391351549e+26,
      "total_samples_seen": 2400,
      "iteration": 3
    }
  ],
  "mean_predictions": {
    "mean_predicted_K": [
      600472684901377.8,
      1303147492438979.5,
      960279134973329.8
    ],
    "std_predicted_K": [
      1511337702810.78,
      13101956523600.557,
      1062036749704.8762
    ],
    "mean_absolute_error": [
      1419479865731.1,
      11794469765472.3,
      982697815033.65
    ],
    "mean_relative_error": [
      0.23657997762185,
      0.9072669050363309,
      0.10236435573267189
    ],
    "mean_total_mse": 1.852813844587423e+26
  }
}