{
  "experiment_config": {
    "samples_per_iteration": 500,
    "shrink_rate": 0.4,
    "n_iterations": 7,
    "total_samples": 3500,
    "n_epochs": 50,
    "batch_size": 16,
    "initial_window_size": 1.0,
    "num_seeds": 5,
    "timestamp": "20251205_104427"
  },
  "predictions_per_seed": [
    {
      "seed": 42,
      "seed_index": 0,
      "true_K_values": [
        600000000000000.0,
        1299999999999999.8,
        960000000000000.0
      ],
      "predicted_K_values": [
        600179589646221.0,
        1290465706385141.5,
        961894250878581.9
      ],
      "absolute_error": [
        179589646221.0,
        9534293614858.25,
        1894250878581.875
      ],
      "relative_error_percent": [
        0.0299316077035,
        0.7334072011429424,
        0.19731779985227865
      ],
      "mse_per_K": [
        3.225244102978394e+22,
        9.09027547343268e+25,
        3.5881863910082055e+24
      ],
      "total_mse": 9.452319356636478e+25,
      "total_samples_seen": 3500,
      "iteration": 7
    },
    {
      "seed": 43,
      "seed_index": 1,
      "true_K_values": [
        600000000000000.0,
        1299999999999999.8,
        960000000000000.0
      ],
      "predicted_K_values": [
        600319564123828.9,
        1285542838445003.0,
        963607514400926.6
      ],
      "absolute_error": [
        319564123828.875,
        14457161554996.75,
        3607514400926.625
      ],
      "relative_error_percent": [
        0.0532606873048125,
        1.1120893503843656,
        0.37578275009652345
      ],
      "mse_per_K": [
        1.0212122923851655e+23,
        2.0900952022727606e+26,
        1.3014160152892987e+25
      ],
      "total_mse": 2.2212580160940756e+26,
      "total_samples_seen": 3500,
      "iteration": 7
    },
    {
      "seed": 44,
      "seed_index": 2,
      "true_K_values": [
        600000000000000.0,
        1299999999999999.8,
        960000000000000.0
      ],
      "predicted_K_values": [
        597489640672731.8,
        1276656989798280.2,
        958899072140563.1
      ],
      "absolute_error": [
        2510359327268.25,
        23343010201719.5,
        1100927859436.875
      ],
      "relative_error_percent": [
        0.418393221211375,
        1.7956161693630388,
        0.11467998535800782
      ],
      "mse_per_K": [
        6.3019039520027e+24,
        5.448961252775807e+26,
        1.2120421516842596e+24
      ],
      "total_mse": 5.524100713812676e+26,
      "total_samples_seen": 3500,
      "iteration": 7
    },
    {
      "seed": 45,
      "seed_index": 3,
      "true_K_values": [
        600000000000000.0,
        1299999999999999.8,
        960000000000000.0
      ],
      "predicted_K_values": [
        600275075557108.4,
        1303970412220233.5,
        959883237444058.1
      ],
      "absolute_error": [
        275075557108.375,
        3970412220233.75,
        116762555941.875
      ],
      "relative_error_percent": [
        0.045845926184729165,
        0.30541632463336543,
        0.012162766243945312
      ],
      "mse_per_K": [
        7.566656211848288e+22,
        1.5764173198581496e+25,
        1.3633494470079489e+22
      ],
      "total_mse": 1.5853473255170059e+25,
      "total_samples_seen": 3500,
      "iteration": 7
    },
    {
      "seed": 46,
      "seed_index": 4,
      "true_K_values": [
        600000000000000.0,
        1299999999999999.8,
        960000000000000.0
      ],
      "predicted_K_values": [
        599533361028342.8,
        1301100662230276.5,
        958886427495945.2
      ],
      "absolute_error": [
        466638971657.25,
        1100662230276.75,
        1113572504054.75
      ],
      "relative_error_percent": [
        0.077773161942875,
        0.08466632540590387,
        0.11599713583903645
      ],
      "mse_per_K": [
        2.1775192986933577e+23,
        1.2114573451577893e+24,
        1.2400437217867662e+24
      ],
      "total_mse": 2.6692529968138914e+24,
      "total_samples_seen": 3500,
      "iteration": 7
    }
  ],
  "mean_predictions": {
    "mean_predicted_K": [
      599559446205646.6,
      1291547321815786.8,
      960634100472015.0
    ],
    "std_predicted_K": [
      1073243484551.6382,
      10045349056688.75,
      1847032694285.2998
    ],
    "mean_absolute_error": [
      750245525216.75,
      10481107964417.0,
      1566605639788.4
    ],
    "mean_relative_error": [
      0.12504092086945834,
      0.8062390741859232,
      0.16318808747795835
    ],
    "mean_total_mse": 1.775163585618048e+26
  }
}