{
  "experiment_config": {
    "samples_per_iteration": 800,
    "shrink_rate": 0.2,
    "n_iterations": 4,
    "total_samples": 3200,
    "n_epochs": 50,
    "batch_size": 16,
    "initial_window_size": 1.0,
    "num_seeds": 5,
    "timestamp": "20251123_225335"
  },
  "predictions_per_seed": [
    {
      "seed": 42,
      "seed_index": 0,
      "true_K_values": [
        600000000000000.0,
        1299999999999999.8,
        960000000000000.0
      ],
      "predicted_K_values": [
        600269639655065.4,
        1303928132579259.0,
        959900173257664.0
      ],
      "absolute_error": [
        269639655065.375,
        3928132579259.25,
        99826742336.0
      ],
      "relative_error_percent": [
        0.044939942510895836,
        0.3021640445584039,
        0.010398618993333334
      ],
      "mse_per_K": [
        7.270554358377441e+22,
        1.5430225560237929e+25,
        9.965378485418134e+21
      ],
      "total_mse": 1.5512896482307121e+25,
      "total_samples_seen": 3200,
      "iteration": 4
    },
    {
      "seed": 43,
      "seed_index": 1,
      "true_K_values": [
        600000000000000.0,
        1299999999999999.8,
        960000000000000.0
      ],
      "predicted_K_values": [
        600401674854689.4,
        1305466151313757.8,
        960087268225539.6
      ],
      "absolute_error": [
        401674854689.375,
        5466151313758.0,
        87268225539.625
      ],
      "relative_error_percent": [
        0.06694580911489584,
        0.42047317798138467,
        0.009090440160377604
      ],
      "mse_per_K": [
        1.6134268888973053e+23,
        2.987881018489831e+25,
        7.615743188834857e+21
      ],
      "total_mse": 3.0047768616976876e+25,
      "total_samples_seen": 3200,
      "iteration": 4
    },
    {
      "seed": 44,
      "seed_index": 2,
      "true_K_values": [
        600000000000000.0,
        1299999999999999.8,
        960000000000000.0
      ],
      "predicted_K_values": [
        599593048663275.6,
        1297569460421263.5,
        959587833370926.1
      ],
      "absolute_error": [
        406951336724.375,
        2430539578736.25,
        412166629073.875
      ],
      "relative_error_percent": [
        0.06782522278739583,
        0.18696458297971158,
        0.04293402386186198
      ],
      "mse_per_K": [
        1.6560939046175565e+23,
        5.907522643803387e+24,
        1.6988133012212124e+23
      ],
      "total_mse": 6.243013364387264e+24,
      "total_samples_seen": 3200,
      "iteration": 4
    },
    {
      "seed": 45,
      "seed_index": 3,
      "true_K_values": [
        600000000000000.0,
        1299999999999999.8,
        960000000000000.0
      ],
      "predicted_K_values": [
        600738700781357.0,
        1307176231151270.2,
        960463517922405.1
      ],
      "absolute_error": [
        738700781357.0,
        7176231151270.5,
        463517922405.125
      ],
      "relative_error_percent": [
        0.12311679689283334,
        0.5520177808669616,
        0.04828311691720052
      ],
      "mse_per_K": [
        5.456788443774423e+23,
        5.149829353646513e+25,
        2.148488643907635e+23
      ],
      "total_mse": 5.2258821245233334e+25,
      "total_samples_seen": 3200,
      "iteration": 4
    },
    {
      "seed": 46,
      "seed_index": 4,
      "true_K_values": [
        600000000000000.0,
        1299999999999999.8,
        960000000000000.0
      ],
      "predicted_K_values": [
        598953150010276.5,
        1292018360379977.8,
        958706884985488.5
      ],
      "absolute_error": [
        1046849989723.5,
        7981639620022.0,
        1293115014511.5
      ],
      "relative_error_percent": [
        0.17447499828725,
        0.6139722784632309,
        0.13469948067828125
      ],
      "mse_per_K": [
        1.095894900984092e+24,
        6.370657102390493e+25,
        1.672146440755077e+24
      ],
      "total_mse": 6.64746123656441e+25,
      "total_samples_seen": 3200,
      "iteration": 4
    }
  ],
  "mean_predictions": {
    "mean_predicted_K": [
      599991242792932.8,
      1301231667169105.8,
      959749135552404.6
    ],
    "std_predicted_K": [
      638881510910.858,
      5636247029221.536,
      593260971513.4945
    ],
    "mean_absolute_error": [
      572763323511.925,
      5396538848609.2,
      471178906773.225
    ],
    "mean_relative_error": [
      0.09546055391865417,
      0.4151183729699385,
      0.04908113612221093
    ],
    "mean_total_mse": 3.4107422414909743e+25
  }
}