{
  "experiment_config": {
    "samples_per_iteration": 400,
    "shrink_rate": 1,
    "n_iterations": 8,
    "total_samples": 3200,
    "n_epochs": 50,
    "batch_size": 16,
    "initial_window_size": 1.0,
    "num_seeds": 5,
    "timestamp": "20251208_100005"
  },
  "predictions_per_seed": [
    {
      "seed": 42,
      "seed_index": 0,
      "true_K_values": [
        600000000000000.0,
        1299999999999999.8,
        960000000000000.0
      ],
      "predicted_K_values": [
        625245749892075.1,
        1319765032969060.2,
        974995933601488.1
      ],
      "absolute_error": [
        25245749892075.125,
        19765032969060.5,
        14995933601488.125
      ],
      "relative_error_percent": [
        4.207624982012521,
        1.5203871514661926,
        1.5620764168216796
      ],
      "mse_per_K": [
        6.373478876132111e+26,
        3.9065652826804854e+26,
        2.248780245802406e+26
      ],
      "total_mse": 1.2528824404615003e+27,
      "total_samples_seen": 1013,
      "iteration": 3
    },
    {
      "seed": 43,
      "seed_index": 1,
      "true_K_values": [
        600000000000000.0,
        1299999999999999.8,
        960000000000000.0
      ],
      "predicted_K_values": [
        611976212329858.2,
        1332062678284901.0,
        975860689975944.4
      ],
      "absolute_error": [
        11976212329858.25,
        32062678284901.25,
        15860689975944.375
      ],
      "relative_error_percent": [
        1.9960353883097084,
        2.4663598680693273,
        1.652155205827539
      ],
      "mse_per_K": [
        1.4342966176984877e+26,
        1.0280153388010782e+27,
        2.515614865130224e+26
      ],
      "total_mse": 1.4230064870839493e+27,
      "total_samples_seen": 1013,
      "iteration": 3
    },
    {
      "seed": 44,
      "seed_index": 2,
      "true_K_values": [
        600000000000000.0,
        1299999999999999.8,
        960000000000000.0
      ],
      "predicted_K_values": [
        620404220822437.0,
        1294423034319214.8,
        978461367245002.1
      ],
      "absolute_error": [
        20404220822437.0,
        5576965680785.0,
        18461367245002.125
      ],
      "relative_error_percent": [
        3.4007034704061665,
        0.4289973600603847,
        1.9230590880210547
      ],
      "mse_per_K": [
        4.163322273707717e+26,
        3.11025462046537e+25,
        3.408220805548374e+26
      ],
      "total_mse": 7.882568541302628e+26,
      "total_samples_seen": 1013,
      "iteration": 3
    },
    {
      "seed": 45,
      "seed_index": 3,
      "true_K_values": [
        600000000000000.0,
        1299999999999999.8,
        960000000000000.0
      ],
      "predicted_K_values": [
        618963563730981.1,
        1527552122865204.5,
        978014513514387.9
      ],
      "absolute_error": [
        18963563730981.125,
        227552122865204.75,
        18014513514387.875
      ],
      "relative_error_percent": [
        3.1605939551635207,
        17.5040094511696,
        1.8765118244154035
      ],
      "mse_per_K": [
        3.596167493789828e+26,
        5.177996862046124e+28,
        3.2452269716006335e+26
      ],
      "total_mse": 5.246410806700028e+28,
      "total_samples_seen": 1013,
      "iteration": 3
    },
    {
      "seed": 46,
      "seed_index": 4,
      "true_K_values": [
        600000000000000.0,
        1299999999999999.8,
        960000000000000.0
      ],
      "predicted_K_values": [
        627699630514340.5,
        1376892571449655.5,
        976670404956181.6
      ],
      "absolute_error": [
        27699630514340.5,
        76892571449655.75,
        16670404956181.625
      ],
      "relative_error_percent": [
        4.616605085723417,
        5.914813188435059,
        1.7365005162689193
      ],
      "mse_per_K": [
        7.672695306309834e+26,
        5.912467544140415e+27,
        2.779024014030849e+26
      ],
      "total_mse": 6.957639476174483e+27,
      "total_samples_seen": 1013,
      "iteration": 3
    }
  ],
  "mean_predictions": {
    "mean_predicted_K": [
      620857875457938.4,
      1370139087977607.2,
      976800581858600.8
    ],
    "std_predicted_K": [
      5454194966618.862,
      83120096566621.77,
      1295294273399.8984
    ],
    "mean_absolute_error": [
      20857875457938.4,
      72369874249921.45,
      16800581858600.824
    ],
    "mean_relative_error": [
      3.4763125763230667,
      5.566913403840113,
      1.750060610270919
    ],
    "mean_total_mse": 1.2577178664970095e+28
  }
}