{
  "experiment_config": {
    "samples_per_iteration": 500,
    "shrink_rate": 1,
    "n_iterations": 1,
    "total_samples": 500,
    "n_epochs": 50,
    "batch_size": 16,
    "initial_window_size": 1.0,
    "num_seeds": 5,
    "timestamp": "20251202_190648"
  },
  "predictions_per_seed": [
    {
      "seed": 42,
      "seed_index": 0,
      "true_K_values": [
        600000000000000.0,
        1299999999999999.8,
        960000000000000.0
      ],
      "predicted_K_values": [
        620624374855179.6,
        1265590487361293.2,
        969796409962140.9
      ],
      "absolute_error": [
        20624374855179.625,
        34409512638706.5,
        9796409962140.875
      ],
      "relative_error_percent": [
        3.4373958091966044,
        2.6468855875928083,
        1.0204593710563412
      ],
      "mse_per_K": [
        4.253648381669656e+26,
        1.1840145600333023e+27,
        9.596964814633298e+25
      ],
      "total_mse": 1.705349046346601e+27,
      "total_samples_seen": 500,
      "iteration": 1
    },
    {
      "seed": 43,
      "seed_index": 1,
      "true_K_values": [
        600000000000000.0,
        1299999999999999.8,
        960000000000000.0
      ],
      "predicted_K_values": [
        628776511319074.9,
        1319722133846166.8,
        999045933233549.2
      ],
      "absolute_error": [
        28776511319074.875,
        19722133846167.0,
        39045933233549.25
      ],
      "relative_error_percent": [
        4.796085219845812,
        1.5170872189359235,
        4.067284711828047
      ],
      "mse_per_K": [
        8.280876036968444e+26,
        3.8896256344612595e+26,
        1.5245849020787858e+27
      ],
      "total_mse": 2.741635069221756e+27,
      "total_samples_seen": 500,
      "iteration": 1
    },
    {
      "seed": 44,
      "seed_index": 2,
      "true_K_values": [
        600000000000000.0,
        1299999999999999.8,
        960000000000000.0
      ],
      "predicted_K_values": [
        624993266547181.9,
        1328098303743998.8,
        974794420305812.9
      ],
      "absolute_error": [
        24993266547181.875,
        28098303743999.0,
        14794420305812.875
      ],
      "relative_error_percent": [
        4.165544424530313,
        2.1614079803076156,
        1.5410854485221746
      ],
      "mse_per_K": [
        6.246633726984806e+26,
        7.895146732900283e+26,
        2.1887487218504833e+26
      ],
      "total_mse": 1.633052918173557e+27,
      "total_samples_seen": 500,
      "iteration": 1
    },
    {
      "seed": 45,
      "seed_index": 3,
      "true_K_values": [
        600000000000000.0,
        1299999999999999.8,
        960000000000000.0
      ],
      "predicted_K_values": [
        600817378310927.1,
        1139901400314645.2,
        965509703789915.4
      ],
      "absolute_error": [
        817378310927.125,
        160098599685354.5,
        5509703789915.375
      ],
      "relative_error_percent": [
        0.13622971848785417,
        12.315276898873426,
        0.5739274781161849
      ],
      "mse_per_K": [
        6.681073031740799e+23,
        2.563156162121139e+28,
        3.0356835852607846e+25
      ],
      "total_mse": 2.566258656436717e+28,
      "total_samples_seen": 500,
      "iteration": 1
    },
    {
      "seed": 46,
      "seed_index": 4,
      "true_K_values": [
        600000000000000.0,
        1299999999999999.8,
        960000000000000.0
      ],
      "predicted_K_values": [
        616426857127586.5,
        1227318507226746.0,
        983438207821666.8
      ],
      "absolute_error": [
        16426857127586.5,
        72681492773253.75,
        23438207821666.75
      ],
      "relative_error_percent": [
        2.7378095212644165,
        5.590884059481059,
        2.44147998142362
      ],
      "mse_per_K": [
        2.698416350901394e+26,
        5.282599391748537e+27,
        5.493495858916404e+26
      ],
      "total_mse": 6.101790612730317e+27,
      "total_samples_seen": 500,
      "iteration": 1
    }
  ],
  "mean_predictions": {
    "mean_predicted_K": [
      618327677631990.0,
      1256126166498570.0,
      978516935022617.0
    ],
    "std_predicted_K": [
      9686141853647.11,
      68778029165095.29,
      11872248573840.682
    ],
    "mean_absolute_error": [
      18327677631990.0,
      63002008537496.15,
      18516935022617.023
    ],
    "mean_relative_error": [
      3.054612938665,
      4.846308349038167,
      1.9288473981892735
    ],
    "mean_total_mse": 7.568882842167881e+27
  }
}