{
  "experiment_config": {
    "samples_per_iteration": 800,
    "shrink_rate": 0.2,
    "n_iterations": 5,
    "total_samples": 4000,
    "n_epochs": 50,
    "batch_size": 16,
    "initial_window_size": 1.0,
    "num_seeds": 5,
    "timestamp": "20251204_154010"
  },
  "predictions_per_seed": [
    {
      "seed": 42,
      "seed_index": 0,
      "true_K_values": [
        600000000000000.0,
        1299999999999999.8,
        960000000000000.0
      ],
      "predicted_K_values": [
        602167842343485.0,
        1318306462790678.5,
        961561485027461.1
      ],
      "absolute_error": [
        2167842343485.0,
        18306462790678.75,
        1561485027461.125
      ],
      "relative_error_percent": [
        0.3613070572475,
        1.4081894454368271,
        0.16265469036053384
      ],
      "mse_per_K": [
        4.6995404262065367e+24,
        3.3512657990650564e+26,
        2.4382354909852705e+24
      ],
      "total_mse": 3.422643558236975e+26,
      "total_samples_seen": 4000,
      "iteration": 5
    },
    {
      "seed": 43,
      "seed_index": 1,
      "true_K_values": [
        600000000000000.0,
        1299999999999999.8,
        960000000000000.0
      ],
      "predicted_K_values": [
        599386520148154.1,
        1297508441452238.0,
        959235557004806.8
      ],
      "absolute_error": [
        613479851845.875,
        2491558547761.75,
        764442995193.25
      ],
      "relative_error_percent": [
        0.1022466419743125,
        0.19165834982782695,
        0.07962947866596354
      ],
      "mse_per_K": [
        3.7635752862083674e+23,
        6.20786399692464e+24,
        5.843730929000272e+23
      ],
      "total_mse": 7.168594618445504e+24,
      "total_samples_seen": 4000,
      "iteration": 5
    },
    {
      "seed": 44,
      "seed_index": 2,
      "true_K_values": [
        600000000000000.0,
        1299999999999999.8,
        960000000000000.0
      ],
      "predicted_K_values": [
        601014501285013.8,
        1290937596736971.0,
        962891060826694.8
      ],
      "absolute_error": [
        1014501285013.75,
        9062403263028.75,
        2891060826694.75
      ],
      "relative_error_percent": [
        0.16908354750229165,
        0.697107943309904,
        0.3011521694473698
      ],
      "mse_per_K": [
        1.02921285729455e+24,
        8.212715290175414e+25,
        8.358232703648932e+24
      ],
      "total_mse": 9.151459846269762e+25,
      "total_samples_seen": 4000,
      "iteration": 5
    },
    {
      "seed": 45,
      "seed_index": 3,
      "true_K_values": [
        600000000000000.0,
        1299999999999999.8,
        960000000000000.0
      ],
      "predicted_K_values": [
        598622740148595.4,
        1285556002435782.8,
        959214844962491.5
      ],
      "absolute_error": [
        1377259851404.625,
        14443997564217.0,
        785155037508.5
      ],
      "relative_error_percent": [
        0.2295433085674375,
        1.1110767357090001,
        0.08178698307380208
      ],
      "mse_per_K": [
        1.8968446982910897e+24,
        2.0862906563510662e+26,
        6.16468432924974e+23
      ],
      "total_mse": 2.111423787663227e+26,
      "total_samples_seen": 4000,
      "iteration": 5
    },
    {
      "seed": 46,
      "seed_index": 4,
      "true_K_values": [
        600000000000000.0,
        1299999999999999.8,
        960000000000000.0
      ],
      "predicted_K_values": [
        599934258804016.0,
        1298770635862283.8,
        960281801219661.1
      ],
      "absolute_error": [
        65741195984.0,
        1229364137716.0,
        281801219661.125
      ],
      "relative_error_percent": [
        0.010956865997333334,
        0.09456647213200002,
        0.02935429371470052
      ],
      "mse_per_K": [
        4.321904849406698e+21,
        1.511336183102204e+24,
        7.941192740249763e+22
      ],
      "total_mse": 1.5950700153541083e+24,
      "total_samples_seen": 4000,
      "iteration": 5
    }
  ],
  "mean_predictions": {
    "mean_predicted_K": [
      600225172545852.8,
      1298215827855590.8,
      960636949808223.2
    ],
    "std_predicted_K": [
      1245211952900.6418,
      11114725794359.203,
      1417617462990.9722
    ],
    "mean_absolute_error": [
      1047764905546.65,
      9106757260680.45,
      1256789021303.75
    ],
    "mean_relative_error": [
      0.174627484257775,
      0.7005197892831116,
      0.13091552305247395
    ],
    "mean_total_mse": 1.3073699953730348e+26
  }
}