{
  "experiment_config": {
    "samples_per_iteration": 2000,
    "shrink_rate": 1,
    "n_iterations": 1,
    "total_samples": 2000,
    "n_epochs": 50,
    "batch_size": 16,
    "initial_window_size": 1.0,
    "num_seeds": 5,
    "timestamp": "20251204_130522"
  },
  "predictions_per_seed": [
    {
      "seed": 42,
      "seed_index": 0,
      "true_K_values": [
        600000000000000.0,
        1299999999999999.8,
        960000000000000.0
      ],
      "predicted_K_values": [
        599562543239310.5,
        1312543577368320.5,
        942253398773869.8
      ],
      "absolute_error": [
        437456760689.5,
        12543577368320.75,
        17746601226130.25
      ],
      "relative_error_percent": [
        0.07290946011491667,
        0.9648905667939041,
        1.8486042943885677
      ],
      "mse_per_K": [
        1.9136841747295048e+23,
        1.5734133319504853e+26,
        3.149418550792877e+26
      ],
      "total_mse": 4.724745566918092e+26,
      "total_samples_seen": 2000,
      "iteration": 1
    },
    {
      "seed": 43,
      "seed_index": 1,
      "true_K_values": [
        600000000000000.0,
        1299999999999999.8,
        960000000000000.0
      ],
      "predicted_K_values": [
        601623966039074.8,
        1318165066042657.5,
        936523086138503.5
      ],
      "absolute_error": [
        1623966039074.75,
        18165066042657.75,
        23476913861496.5
      ],
      "relative_error_percent": [
        0.27066100651245834,
        1.3973127725121348,
        2.445511860572552
      ],
      "mse_per_K": [
        2.6372656960681323e+24,
        3.299696243341177e+26,
        5.511654844601265e+26
      ],
      "total_mse": 8.837723744903123e+26,
      "total_samples_seen": 2000,
      "iteration": 1
    },
    {
      "seed": 44,
      "seed_index": 2,
      "true_K_values": [
        600000000000000.0,
        1299999999999999.8,
        960000000000000.0
      ],
      "predicted_K_values": [
        597851736121321.6,
        1321689143809601.5,
        945472347670714.6
      ],
      "absolute_error": [
        2148263878678.375,
        21689143809601.75,
        14527652329285.375
      ],
      "relative_error_percent": [
        0.3580439797797292,
        1.6683956776616733,
        1.5132971176338932
      ],
      "mse_per_K": [
        4.615037692434256e+24,
        4.704189591935859e+26,
        2.1105268220059077e+26
      ],
      "total_mse": 6.860866790866109e+26,
      "total_samples_seen": 2000,
      "iteration": 1
    },
    {
      "seed": 45,
      "seed_index": 3,
      "true_K_values": [
        600000000000000.0,
        1299999999999999.8,
        960000000000000.0
      ],
      "predicted_K_values": [
        605224965042472.5,
        1336026433343884.5,
        959351532998655.0
      ],
      "absolute_error": [
        5224965042472.5,
        36026433343884.75,
        648467001345.0
      ],
      "relative_error_percent": [
        0.87082750707875,
        2.7712641033757506,
        0.0675486459734375
      ],
      "mse_per_K": [
        2.7300259695059655e+25,
        1.2979038994813708e+27,
        4.205094518333762e+23
      ],
      "total_mse": 1.325624668628264e+27,
      "total_samples_seen": 2000,
      "iteration": 1
    },
    {
      "seed": 46,
      "seed_index": 4,
      "true_K_values": [
        600000000000000.0,
        1299999999999999.8,
        960000000000000.0
      ],
      "predicted_K_values": [
        606742440012799.6,
        1336305509948412.2,
        954116020755395.4
      ],
      "absolute_error": [
        6742440012799.625,
        36305509948412.5,
        5883979244604.625
      ],
      "relative_error_percent": [
        1.1237400021332709,
        2.79273153449327,
        0.6129145046463151
      ],
      "mse_per_K": [
        4.54604973262014e+25,
        1.318090052614279e+27,
        3.462121175093801e+25
      ],
      "total_mse": 1.3981717616914184e+27,
      "total_samples_seen": 2000,
      "iteration": 1
    }
  ],
  "mean_predictions": {
    "mean_predicted_K": [
      602201130090995.8,
      1324945946102575.2,
      947543277267427.6
    ],
    "std_predicted_K": [
      3346029301718.6953,
      9614808724622.588,
      8201853897282.6455
    ],
    "mean_absolute_error": [
      3235418346742.95,
      24945946102575.5,
      12456722732572.35
    ],
    "mean_relative_error": [
      0.539236391123825,
      1.9189189309673467,
      1.2975752846429534
    ],
    "mean_total_mse": 9.532260081176828e+26
  }
}