{
  "experiment_config": {
    "samples_per_iteration": 800,
    "shrink_rate": 0.4,
    "n_iterations": 2,
    "total_samples": 1600,
    "n_epochs": 50,
    "batch_size": 16,
    "initial_window_size": 1.0,
    "num_seeds": 5,
    "timestamp": "20251121_160541"
  },
  "predictions_per_seed": [
    {
      "seed": 42,
      "seed_index": 0,
      "true_K_values": [
        600000000000000.0,
        1299999999999999.8,
        960000000000000.0
      ],
      "predicted_K_values": [
        603051748625691.9,
        1280579859050606.8,
        963068085851345.2
      ],
      "absolute_error": [
        3051748625691.875,
        19420140949393.0,
        3068085851345.25
      ],
      "relative_error_percent": [
        0.5086247709486459,
        1.4938569961071542,
        0.31959227618179686
      ],
      "mse_per_K": [
        9.313169674412247e+24,
        3.7714187449429085e+26,
        9.413150791224908e+24
      ],
      "total_mse": 3.95868194959928e+26,
      "total_samples_seen": 1600,
      "iteration": 2
    },
    {
      "seed": 43,
      "seed_index": 1,
      "true_K_values": [
        600000000000000.0,
        1299999999999999.8,
        960000000000000.0
      ],
      "predicted_K_values": [
        608925383833236.2,
        1311148968698079.8,
        968447152001149.1
      ],
      "absolute_error": [
        8925383833236.25,
        11148968698080.0,
        8447152001149.125
      ],
      "relative_error_percent": [
        1.4875639722060416,
        0.8576129767753847,
        0.8799116667863672
      ],
      "mse_per_K": [
        7.966247657059502e+25,
        1.2429950303076766e+26,
        7.135437693051766e+25
      ],
      "total_mse": 2.7531635653188037e+26,
      "total_samples_seen": 1600,
      "iteration": 2
    },
    {
      "seed": 44,
      "seed_index": 2,
      "true_K_values": [
        600000000000000.0,
        1299999999999999.8,
        960000000000000.0
      ],
      "predicted_K_values": [
        610201461837836.9,
        1353468875997360.0,
        963494341970817.2
      ],
      "absolute_error": [
        10201461837836.875,
        53468875997360.25,
        3494341970817.25
      ],
      "relative_error_percent": [
        1.700243639639479,
        4.1129904613354045,
        0.36399395529346357
      ],
      "mse_per_K": [
        1.0406982362884212e+26,
        2.858920700421087e+27,
        1.2210425809014982e+25
      ],
      "total_mse": 2.975200949858944e+27,
      "total_samples_seen": 1600,
      "iteration": 2
    },
    {
      "seed": 45,
      "seed_index": 3,
      "true_K_values": [
        600000000000000.0,
        1299999999999999.8,
        960000000000000.0
      ],
      "predicted_K_values": [
        613429100200910.9,
        1339534559451413.2,
        971822185017983.2
      ],
      "absolute_error": [
        13429100200910.875,
        39534559451413.5,
        11822185017983.25
      ],
      "relative_error_percent": [
        2.238183366818479,
        3.041119957801039,
        1.231477606039922
      ],
      "mse_per_K": [
        1.803407322061045e+26,
        1.5629813910173486e+27,
        1.3976405859942761e+26
      ],
      "total_mse": 1.8830861818228807e+27,
      "total_samples_seen": 1600,
      "iteration": 2
    },
    {
      "seed": 46,
      "seed_index": 4,
      "true_K_values": [
        600000000000000.0,
        1299999999999999.8,
        960000000000000.0
      ],
      "predicted_K_values": [
        605513353950860.5,
        1311558136505606.2,
        968083718595661.1
      ],
      "absolute_error": [
        5513353950860.5,
        11558136505606.5,
        8083718595661.125
      ],
      "relative_error_percent": [
        0.9188923251434167,
        0.8890874235081925,
        0.8420540203813672
      ],
      "mse_per_K": [
        3.0397071787469083e+25,
        1.3359051948223364e+26,
        6.534650633383747e+25
      ],
      "total_mse": 2.293340976035402e+26,
      "total_samples_seen": 1600,
      "iteration": 2
    }
  ],
  "mean_predictions": {
    "mean_predicted_K": [
      608224209689707.2,
      1319258079940613.2,
      966983096687391.2
    ],
    "std_predicted_K": [
      3622020120486.572,
      25308361359244.25,
      3294550704929.3657
    ],
    "mean_absolute_error": [
      8224209689707.275,
      27026136320370.65,
      6983096687391.2
    ],
    "mean_relative_error": [
      1.3707016149512126,
      2.078933563105435,
      0.7274059049365834
    ],
    "mean_total_mse": 1.1517611561554346e+27
  }
}