{
  "experiment_config": {
    "samples_per_iteration": 800,
    "shrink_rate": 0.4,
    "n_iterations": 1,
    "total_samples": 800,
    "n_epochs": 50,
    "batch_size": 16,
    "initial_window_size": 1.0,
    "num_seeds": 5,
    "timestamp": "20251201_220543"
  },
  "predictions_per_seed": [
    {
      "seed": 42,
      "seed_index": 0,
      "true_K_values": [
        600000000000000.0,
        1299999999999999.8,
        960000000000000.0
      ],
      "predicted_K_values": [
        636418459766221.2,
        1490972180157277.5,
        996405777209802.1
      ],
      "absolute_error": [
        36418459766221.25,
        190972180157277.75,
        36405777209802.125
      ],
      "relative_error_percent": [
        6.069743294370208,
        14.690167704405985,
        3.792268459354388
      ],
      "mse_per_K": [
        1.3263042117438758e+27,
        3.647037359402375e+28,
        1.3253806142497477e+27
      ],
      "total_mse": 3.9122058420017377e+28,
      "total_samples_seen": 800,
      "iteration": 1
    },
    {
      "seed": 43,
      "seed_index": 1,
      "true_K_values": [
        600000000000000.0,
        1299999999999999.8,
        960000000000000.0
      ],
      "predicted_K_values": [
        621343773575558.1,
        1361614753491788.5,
        986115668407815.9
      ],
      "absolute_error": [
        21343773575558.125,
        61614753491788.75,
        26115668407815.875
      ],
      "relative_error_percent": [
        3.5572955959263544,
        4.739596422445289,
        2.7203821258141536
      ],
      "mse_per_K": [
        4.5555667044469325e+26,
        3.796377847853894e+27,
        6.820281363869922e+26
      ],
      "total_mse": 4.9339626546855796e+27,
      "total_samples_seen": 800,
      "iteration": 1
    },
    {
      "seed": 44,
      "seed_index": 2,
      "true_K_values": [
        600000000000000.0,
        1299999999999999.8,
        960000000000000.0
      ],
      "predicted_K_values": [
        611574098628728.0,
        1244168957471338.2,
        970314554313542.0
      ],
      "absolute_error": [
        11574098628728.0,
        55831042528661.5,
        10314554313542.0
      ],
      "relative_error_percent": [
        1.9290164381213333,
        4.294695579127809,
        1.0744327409939582
      ],
      "mse_per_K": [
        1.3395975906752337e+26,
        3.117105309837209e+27,
        1.0639003068700789e+26
      ],
      "total_mse": 3.3574550995917404e+27,
      "total_samples_seen": 800,
      "iteration": 1
    },
    {
      "seed": 45,
      "seed_index": 3,
      "true_K_values": [
        600000000000000.0,
        1299999999999999.8,
        960000000000000.0
      ],
      "predicted_K_values": [
        628398787652111.4,
        1423950121595281.0,
        962719414067175.8
      ],
      "absolute_error": [
        28398787652111.375,
        123950121595281.25,
        2719414067175.75
      ],
      "relative_error_percent": [
        4.733131275351896,
        9.53462473809856,
        0.2832722986641406
      ],
      "mse_per_K": [
        8.064911401097135e+26,
        1.5363632643485007e+28,
        7.395212868753355e+24
      ],
      "total_mse": 1.6177518996463473e+28,
      "total_samples_seen": 800,
      "iteration": 1
    },
    {
      "seed": 46,
      "seed_index": 4,
      "true_K_values": [
        600000000000000.0,
        1299999999999999.8,
        960000000000000.0
      ],
      "predicted_K_values": [
        616662889716296.9,
        1316042875858503.0,
        964413682014800.5
      ],
      "absolute_error": [
        16662889716296.875,
        16042875858503.25,
        4413682014800.5
      ],
      "relative_error_percent": [
        2.777148286049479,
        1.2340673737310195,
        0.45975854320838544
      ],
      "mse_per_K": [
        2.7765189369747216e+26,
        2.5737386581134638e+26,
        1.94805889277734e+25
      ],
      "total_mse": 5.5450634843659195e+26,
      "total_samples_seen": 800,
      "iteration": 1
    }
  ],
  "mean_predictions": {
    "mean_predicted_K": [
      622879601867783.2,
      1367349777714837.5,
      975993819202627.2
    ],
    "std_predicted_K": [
      8747374085083.511,
      85234852577828.55,
      13127553615877.055
    ],
    "mean_absolute_error": [
      22879601867783.125,
      89682194726302.5,
      15993819202627.25
    ],
    "mean_relative_error": [
      3.813266977963854,
      6.898630363561733,
      1.666022833607005
    ],
    "mean_total_mse": 1.2829100303838951e+28
  }
}