{
  "experiment_config": {
    "samples_per_iteration": 100,
    "shrink_rate": 1,
    "n_iterations": 16,
    "total_samples": 1600,
    "n_epochs": 50,
    "batch_size": 16,
    "initial_window_size": 1.0,
    "num_seeds": 5,
    "timestamp": "20251202_191220"
  },
  "predictions_per_seed": [
    {
      "seed": 42,
      "seed_index": 0,
      "true_K_values": [
        600000000000000.0,
        1299999999999999.8,
        960000000000000.0
      ],
      "predicted_K_values": [
        602333923455904.8,
        1271024505319880.5,
        964323624681639.6
      ],
      "absolute_error": [
        2333923455904.75,
        28975494680119.25,
        4323624681639.625
      ],
      "relative_error_percent": [
        0.38898724265079165,
        2.22888420616302,
        0.4503775710041276
      ],
      "mse_per_K": [
        5.447198698022372e+24,
        8.395792919576189e+26,
        1.869373038768335e+25
      ],
      "total_mse": 8.637202210433247e+26,
      "total_samples_seen": 1600,
      "iteration": 16
    },
    {
      "seed": 43,
      "seed_index": 1,
      "true_K_values": [
        600000000000000.0,
        1299999999999999.8,
        960000000000000.0
      ],
      "predicted_K_values": [
        597318373995863.0,
        1197745447069851.0,
        961090143025822.1
      ],
      "absolute_error": [
        2681626004137.0,
        102254552930148.75,
        1090143025822.125
      ],
      "relative_error_percent": [
        0.4469376673561667,
        7.865734840780675,
        0.11355656518980468
      ],
      "mse_per_K": [
        7.191118026063773e+24,
        1.0455993594944593e+28,
        1.1884118167486184e+24
      ],
      "total_mse": 1.0464373124787405e+28,
      "total_samples_seen": 1600,
      "iteration": 16
    },
    {
      "seed": 44,
      "seed_index": 2,
      "true_K_values": [
        600000000000000.0,
        1299999999999999.8,
        960000000000000.0
      ],
      "predicted_K_values": [
        606367076671723.2,
        1298224175374449.8,
        943651518845737.9
      ],
      "absolute_error": [
        6367076671723.25,
        1775824625550.0,
        16348481154262.125
      ],
      "relative_error_percent": [
        1.0611794452872083,
        0.13660189427307695,
        1.7029667869023046
      ],
      "mse_per_K": [
        4.053966534360242e+25,
        3.1535531007097975e+24,
        2.6727283605126386e+26
      ],
      "total_mse": 3.109660544955761e+26,
      "total_samples_seen": 1600,
      "iteration": 16
    },
    {
      "seed": 45,
      "seed_index": 3,
      "true_K_values": [
        600000000000000.0,
        1299999999999999.8,
        960000000000000.0
      ],
      "predicted_K_values": [
        606790147205729.9,
        1321688834068642.0,
        931561693770195.6
      ],
      "absolute_error": [
        6790147205729.875,
        21688834068642.25,
        28438306229804.375
      ],
      "relative_error_percent": [
        1.131691200954979,
        1.6683718514340196,
        2.9623235656046223
      ],
      "mse_per_K": [
        4.610609907548123e+25,
        4.704055232570967e+26,
        8.087372612201304e+26
      ],
      "total_mse": 1.3252488835527083e+27,
      "total_samples_seen": 1600,
      "iteration": 16
    },
    {
      "seed": 46,
      "seed_index": 4,
      "true_K_values": [
        600000000000000.0,
        1299999999999999.8,
        960000000000000.0
      ],
      "predicted_K_values": [
        607937694737023.6,
        1299104226875687.5,
        941758140657071.1
      ],
      "absolute_error": [
        7937694737023.625,
        895773124312.25,
        18241859342928.875
      ],
      "relative_error_percent": [
        1.3229491228372707,
        0.06890562494709616,
        1.900193681555091
      ],
      "mse_per_K": [
        6.3006997738172556e+25,
        8.024094902401297e+23,
        3.327654322872015e+26
      ],
      "total_mse": 3.9657483951561416e+26,
      "total_samples_seen": 1600,
      "iteration": 16
    }
  ],
  "mean_predictions": {
    "mean_predicted_K": [
      604149443213248.9,
      1277557437741702.0,
      948477024196093.2
    ],
    "std_predicted_K": [
      3903887395442.0244,
      43015326034246.07,
      12367399200122.3
    ],
    "mean_absolute_error": [
      5222093614903.7,
      31118095885754.5,
      13688482886891.426
    ],
    "mean_relative_error": [
      0.8703489358172833,
      2.3936996835195776,
      1.4258836340511902
    ],
    "mean_total_mse": 2.672176624678925e+27
  }
}