{
  "experiment_config": {
    "samples_per_iteration": 200,
    "shrink_rate": 1,
    "n_iterations": 10,
    "total_samples": 2000,
    "n_epochs": 50,
    "batch_size": 16,
    "initial_window_size": 1.0,
    "num_seeds": 5,
    "timestamp": "20251202_192414"
  },
  "predictions_per_seed": [
    {
      "seed": 42,
      "seed_index": 0,
      "true_K_values": [
        600000000000000.0,
        1299999999999999.8,
        960000000000000.0
      ],
      "predicted_K_values": [
        602003620881764.0,
        1301749259799512.2,
        941270892722383.4
      ],
      "absolute_error": [
        2003620881764.0,
        1749259799512.5,
        18729107277616.625
      ],
      "relative_error_percent": [
        0.33393681362733335,
        0.13455844611634618,
        1.9509486747517317
      ],
      "mse_per_K": [
        4.014496637840749e+24,
        3.0599098461905115e+24,
        3.50779459416472e+26
      ],
      "total_mse": 3.578538659005033e+26,
      "total_samples_seen": 1999,
      "iteration": 10
    },
    {
      "seed": 43,
      "seed_index": 1,
      "true_K_values": [
        600000000000000.0,
        1299999999999999.8,
        960000000000000.0
      ],
      "predicted_K_values": [
        593316942129466.8,
        1301995194121371.5,
        942377327734242.4
      ],
      "absolute_error": [
        6683057870533.25,
        1995194121371.75,
        17622672265757.625
      ],
      "relative_error_percent": [
        1.1138429784222084,
        0.15347647087475003,
        1.835695027683086
      ],
      "mse_per_K": [
        4.466326250089642e+25,
        3.980799581956389e+24,
        3.10558577786303e+26
      ],
      "total_mse": 3.592026398691558e+26,
      "total_samples_seen": 1999,
      "iteration": 10
    },
    {
      "seed": 44,
      "seed_index": 2,
      "true_K_values": [
        600000000000000.0,
        1299999999999999.8,
        960000000000000.0
      ],
      "predicted_K_values": [
        615725625764036.0,
        1357010763869476.5,
        957737080794206.5
      ],
      "absolute_error": [
        15725625764036.0,
        57010763869476.75,
        2262919205793.5
      ],
      "relative_error_percent": [
        2.6209376273393334,
        4.385443374575136,
        0.23572075060348957
      ],
      "mse_per_K": [
        2.4729530567051282e+26,
        3.250227196981236e+27,
        5.120803331949085e+24
      ],
      "total_mse": 3.5026433059836976e+27,
      "total_samples_seen": 1999,
      "iteration": 10
    },
    {
      "seed": 45,
      "seed_index": 3,
      "true_K_values": [
        600000000000000.0,
        1299999999999999.8,
        960000000000000.0
      ],
      "predicted_K_values": [
        601945685609989.6,
        1367905747250129.0,
        938195726594428.9
      ],
      "absolute_error": [
        1945685609989.625,
        67905747250129.25,
        21804273405571.125
      ],
      "relative_error_percent": [
        0.3242809349982708,
        5.223519019240713,
        2.271278479746992
      ],
      "mse_per_K": [
        3.785692492920699e+24,
        4.611190509598436e+27,
        4.7542633874489624e+26
      ],
      "total_mse": 5.090402540836253e+27,
      "total_samples_seen": 1999,
      "iteration": 10
    },
    {
      "seed": 46,
      "seed_index": 4,
      "true_K_values": [
        600000000000000.0,
        1299999999999999.8,
        960000000000000.0
      ],
      "predicted_K_values": [
        601410821458966.6,
        1340441480980889.0,
        948012605280421.6
      ],
      "absolute_error": [
        1410821458966.625,
        40441480980889.25,
        11987394719578.375
      ],
      "relative_error_percent": [
        0.23513690982777083,
        3.110883152376097,
        1.2486869499560806
      ],
      "mse_per_K": [
        1.9904171890807164e+24,
        1.635513383927627e+27,
        1.436976321629755e+26
      ],
      "total_mse": 1.7812014332796831e+27,
      "total_samples_seen": 1999,
      "iteration": 10
    }
  ],
  "mean_predictions": {
    "mean_predicted_K": [
      602880539168844.6,
      1333820489204275.8,
      945518726625136.6
    ],
    "std_predicted_K": [
      7214730001531.751,
      27513067258496.395,
      6885439980930.058
    ],
    "mean_absolute_error": [
      5553762317057.9,
      33820489204275.9,
      14481273374863.45
    ],
    "mean_relative_error": [
      0.9256270528429834,
      2.6015760926366083,
      1.5084659765482757
    ],
    "mean_total_mse": 2.2182607571738586e+27
  }
}