{
  "experiment_config": {
    "samples_per_iteration": 800,
    "shrink_rate": 0.4,
    "n_iterations": 5,
    "total_samples": 4000,
    "n_epochs": 50,
    "batch_size": 16,
    "initial_window_size": 2.0,
    "num_seeds": 5,
    "timestamp": "20251210_082739"
  },
  "predictions_per_seed": [
    {
      "seed": 42,
      "seed_index": 0,
      "true_K_values": [
        600000000000000.0,
        1299999999999999.8,
        960000000000000.0
      ],
      "predicted_K_values": [
        599103710191863.0,
        1291549644872983.5,
        959026434036126.2
      ],
      "absolute_error": [
        896289808137.0,
        8450355127016.25,
        973565963873.75
      ],
      "relative_error_percent": [
        0.1493816346895,
        0.6500273174627886,
        0.10141312123684895
      ],
      "mse_per_K": [
        8.033354201702603e+23,
        7.140850177268982e+25,
        9.478306860134239e+23
      ],
      "total_mse": 7.315966787887351e+25,
      "total_samples_seen": 4000,
      "iteration": 5
    },
    {
      "seed": 43,
      "seed_index": 1,
      "true_K_values": [
        600000000000000.0,
        1299999999999999.8,
        960000000000000.0
      ],
      "predicted_K_values": [
        597699745439197.5,
        1283337792554177.0,
        956928738988045.5
      ],
      "absolute_error": [
        2300254560802.5,
        16662207445822.75,
        3071261011954.5
      ],
      "relative_error_percent": [
        0.38337576013375,
        1.2817082650632887,
        0.31992302207859374
      ],
      "mse_per_K": [
        5.291171044492702e+24,
        2.776291569676311e+26,
        9.432644203551779e+24
      ],
      "total_mse": 2.9235297221567557e+26,
      "total_samples_seen": 4000,
      "iteration": 5
    },
    {
      "seed": 44,
      "seed_index": 2,
      "true_K_values": [
        600000000000000.0,
        1299999999999999.8,
        960000000000000.0
      ],
      "predicted_K_values": [
        599086150797763.4,
        1286037494757357.2,
        959940109737045.4
      ],
      "absolute_error": [
        913849202236.625,
        13962505242642.5,
        59890262954.625
      ],
      "relative_error_percent": [
        0.15230820037277085,
        1.074038864818654,
        0.006238569057773437
      ],
      "mse_per_K": [
        8.351203644285159e+23,
        1.949515526508193e+26,
        3.5868435967741274e+21
      ],
      "total_mse": 1.9579025985884457e+26,
      "total_samples_seen": 4000,
      "iteration": 5
    },
    {
      "seed": 45,
      "seed_index": 3,
      "true_K_values": [
        600000000000000.0,
        1299999999999999.8,
        960000000000000.0
      ],
      "predicted_K_values": [
        599509471669364.1,
        1297189563134411.8,
        958579980814617.5
      ],
      "absolute_error": [
        490528330635.875,
        2810436865588.0,
        1420019185382.5
      ],
      "relative_error_percent": [
        0.08175472177264584,
        0.21618745119907695,
        0.14791866514401042
      ],
      "mse_per_K": [
        2.406180431564183e+23,
        7.898555375456101e+24,
        2.016454486854379e+24
      ],
      "total_mse": 1.01556279054669e+25,
      "total_samples_seen": 4000,
      "iteration": 5
    },
    {
      "seed": 46,
      "seed_index": 4,
      "true_K_values": [
        600000000000000.0,
        1299999999999999.8,
        960000000000000.0
      ],
      "predicted_K_values": [
        597155690322220.0,
        1278516287343041.5,
        955745978383787.1
      ],
      "absolute_error": [
        2844309677780.0,
        21483712656958.25,
        4254021616212.875
      ],
      "relative_error_percent": [
        0.4740516129633333,
        1.652593281304481,
        0.44312725168884115
      ],
      "mse_per_K": [
        8.090097543112967e+24,
        4.6154990952674814e+26,
        1.80966999112064e+25
      ],
      "total_mse": 4.877367069810675e+26,
      "total_samples_seen": 4000,
      "iteration": 5
    }
  ],
  "mean_predictions": {
    "mean_predicted_K": [
      598510953684081.6,
      1287326156532394.5,
      958044248391924.4
    ],
    "std_predicted_K": [
      913679129739.7645,
      6485462745039.94,
      1508137551337.4304
    ],
    "mean_absolute_error": [
      1489046315918.4,
      12673843467605.55,
      1955751608075.65
    ],
    "mean_relative_error": [
      0.24817438598640001,
      0.974911035969658,
      0.20372412584121352
    ],
    "mean_total_mse": 2.118390469679856e+26
  }
}