{
  "experiment_config": {
    "samples_per_iteration": 800,
    "shrink_rate": 0.4,
    "n_iterations": 1,
    "total_samples": 800,
    "n_epochs": 50,
    "batch_size": 16,
    "initial_window_size": 1.0,
    "num_seeds": 5,
    "timestamp": "20251202_184746"
  },
  "predictions_per_seed": [
    {
      "seed": 42,
      "seed_index": 0,
      "true_K_values": [
        600000000000000.0,
        1299999999999999.8,
        960000000000000.0
      ],
      "predicted_K_values": [
        626973937591596.4,
        1399562976888397.2,
        978644571552995.2
      ],
      "absolute_error": [
        26973937591596.375,
        99562976888397.5,
        18644571552995.25
      ],
      "relative_error_percent": [
        4.495656265266063,
        7.658690529876732,
        1.9421428701036718
      ],
      "mse_per_K": [
        7.27593309195336e+26,
        9.912786366879575e+27,
        3.476200483947597e+26
      ],
      "total_mse": 1.098799972446967e+28,
      "total_samples_seen": 800,
      "iteration": 1
    },
    {
      "seed": 43,
      "seed_index": 1,
      "true_K_values": [
        600000000000000.0,
        1299999999999999.8,
        960000000000000.0
      ],
      "predicted_K_values": [
        633406183259088.6,
        1409813079591328.0,
        982427666132792.2
      ],
      "absolute_error": [
        33406183259088.625,
        109813079591328.25,
        22427666132792.25
      ],
      "relative_error_percent": [
        5.567697209848104,
        8.447159968563712,
        2.336215222165859
      ],
      "mse_per_K": [
        1.1159730799398131e+27,
        1.2058912449331392e+28,
        5.030002081639965e+26
      ],
      "total_mse": 1.36778857374352e+28,
      "total_samples_seen": 800,
      "iteration": 1
    },
    {
      "seed": 44,
      "seed_index": 2,
      "true_K_values": [
        600000000000000.0,
        1299999999999999.8,
        960000000000000.0
      ],
      "predicted_K_values": [
        632939768558791.5,
        1421956938520766.8,
        979670447019053.4
      ],
      "absolute_error": [
        32939768558791.5,
        121956938520767.0,
        19670447019053.375
      ],
      "relative_error_percent": [
        5.48996142646525,
        9.381302963135925,
        2.04900489781806
      ],
      "mse_per_K": [
        1.0850283527067491e+27,
        1.4873494853358142e+28,
        3.869264859293858e+26
      ],
      "total_mse": 1.6345449691994276e+28,
      "total_samples_seen": 800,
      "iteration": 1
    },
    {
      "seed": 45,
      "seed_index": 3,
      "true_K_values": [
        600000000000000.0,
        1299999999999999.8,
        960000000000000.0
      ],
      "predicted_K_values": [
        627138302103371.1,
        1432895750247191.5,
        964797140875565.9
      ],
      "absolute_error": [
        27138302103371.125,
        132895750247191.75,
        4797140875565.875
      ],
      "relative_error_percent": [
        4.523050350561854,
        10.222750019014752,
        0.499702174538112
      ],
      "mse_per_K": [
        7.364874410538376e+26,
        1.7661280433763967e+28,
        2.301256058002493e+25
      ],
      "total_mse": 1.8420780435397832e+28,
      "total_samples_seen": 800,
      "iteration": 1
    },
    {
      "seed": 46,
      "seed_index": 4,
      "true_K_values": [
        600000000000000.0,
        1299999999999999.8,
        960000000000000.0
      ],
      "predicted_K_values": [
        641135821389192.2,
        1438453432283867.0,
        984789983268464.8
      ],
      "absolute_error": [
        41135821389192.25,
        138453432283867.25,
        24789983268464.75
      ],
      "relative_error_percent": [
        6.855970231532042,
        10.650264021835943,
        2.5822899237984114
      ],
      "mse_per_K": [
        1.6921558013635266e+27,
        1.9169352911183413e+28,
        6.1454327045076226e+26
      ],
      "total_mse": 2.1476051982997703e+28,
      "total_samples_seen": 800,
      "iteration": 1
    }
  ],
  "mean_predictions": {
    "mean_predicted_K": [
      632318802580408.0,
      1420536435506310.2,
      978065961769774.4
    ],
    "std_predicted_K": [
      5190625840923.935,
      14357336742459.705,
      6974348717754.173
    ],
    "mean_absolute_error": [
      32318802580407.977,
      120536435506310.34,
      18065961769774.3
    ],
    "mean_relative_error": [
      5.386467096734662,
      9.272033500485414,
      1.8818710176848228
    ],
    "mean_total_mse": 1.6181633514458937e+28
  }
}