{
  "experiment_config": {
    "samples_per_iteration": 800,
    "shrink_rate": 0.4,
    "n_iterations": 2,
    "total_samples": 1600,
    "n_epochs": 50,
    "batch_size": 16,
    "initial_window_size": 2.0,
    "num_seeds": 5,
    "timestamp": "20251208_140949"
  },
  "predictions_per_seed": [
    {
      "seed": 42,
      "seed_index": 0,
      "true_K_values": [
        600000000000000.0,
        1299999999999999.8,
        960000000000000.0
      ],
      "predicted_K_values": [
        603048601524509.1,
        1339664495783932.0,
        960262004626729.9
      ],
      "absolute_error": [
        3048601524509.125,
        39664495783932.25,
        262004626729.875
      ],
      "relative_error_percent": [
        0.5081002540848542,
        3.0511150603024815,
        0.027292148617695314
      ],
      "mse_per_K": [
        9.293971255239361e+24,
        1.573272225793579e+27,
        6.8646424427861125e+22
      ],
      "total_mse": 1.5826348434732462e+27,
      "total_samples_seen": 1600,
      "iteration": 2
    },
    {
      "seed": 43,
      "seed_index": 1,
      "true_K_values": [
        600000000000000.0,
        1299999999999999.8,
        960000000000000.0
      ],
      "predicted_K_values": [
        610430699548993.4,
        1346034938098389.2,
        970953309121298.5
      ],
      "absolute_error": [
        10430699548993.375,
        46034938098389.5,
        10953309121298.5
      ],
      "relative_error_percent": [
        1.7384499248322292,
        3.541149084491501,
        1.1409697001352603
      ],
      "mse_per_K": [
        1.087994930813706e+26,
        2.119215525722553e+27,
        1.1997498070672091e+26
      ],
      "total_mse": 2.3479899995106447e+27,
      "total_samples_seen": 1600,
      "iteration": 2
    },
    {
      "seed": 44,
      "seed_index": 2,
      "true_K_values": [
        600000000000000.0,
        1299999999999999.8,
        960000000000000.0
      ],
      "predicted_K_values": [
        616314920460516.2,
        1300742601681070.8,
        970107433890389.2
      ],
      "absolute_error": [
        16314920460516.25,
        742601681071.0,
        10107433890389.25
      ],
      "relative_error_percent": [
        2.7191534100860415,
        0.05712320623623078,
        1.052857696915547
      ],
      "mse_per_K": [
        2.6617662963297178e+26,
        5.514572567294752e+23,
        1.0216021984858917e+26
      ],
      "total_mse": 3.6888830673829044e+26,
      "total_samples_seen": 1600,
      "iteration": 2
    },
    {
      "seed": 45,
      "seed_index": 3,
      "true_K_values": [
        600000000000000.0,
        1299999999999999.8,
        960000000000000.0
      ],
      "predicted_K_values": [
        597372876066347.0,
        1247805626077067.8,
        952367340785003.1
      ],
      "absolute_error": [
        2627123933653.0,
        52194373922932.0,
        7632659214996.875
      ],
      "relative_error_percent": [
        0.43785398894216665,
        4.014951840225539,
        0.7950686682288411
      ],
      "mse_per_K": [
        6.901780162772412e+24,
        2.724252669206844e+27,
        5.8257486692276715e+25
      ],
      "total_mse": 2.7894119360618933e+27,
      "total_samples_seen": 1600,
      "iteration": 2
    },
    {
      "seed": 46,
      "seed_index": 4,
      "true_K_values": [
        600000000000000.0,
        1299999999999999.8,
        960000000000000.0
      ],
      "predicted_K_values": [
        601045543146680.5,
        1281395097256064.8,
        954555608106523.4
      ],
      "absolute_error": [
        1045543146680.5,
        18604902743935.0,
        5444391893476.625
      ],
      "relative_error_percent": [
        0.17425719111341667,
        1.4311463649180771,
        0.5671241555704818
      ],
      "mse_per_K": [
        1.0931604715705616e+24,
        3.461424061112801e+26,
        2.964140308975399e+25
      ],
      "total_mse": 3.768769696726046e+26,
      "total_samples_seen": 1600,
      "iteration": 2
    }
  ],
  "mean_predictions": {
    "mean_predicted_K": [
      605642528149409.2,
      1303128551779305.0,
      961649139305988.8
    ],
    "std_predicted_K": [
      6827509282594.141,
      36645586645357.5,
      7700706909225.699
    ],
    "mean_absolute_error": [
      6693377722870.45,
      31448262446051.95,
      6879959749378.225
    ],
    "mean_relative_error": [
      1.1155629538117418,
      2.419097111234766,
      0.7166624738935651
    ],
    "mean_total_mse": 1.493160411091336e+27
  }
}