{
  "pipeline_name": "sample_efficiency_600samples_6iters",
  "timestamp": "2025-11-07 17:24:52",
  "config": {
    "model_type": "NeuralNetModel",
    "model_params": "{'input_size': 6, 'output_size': 3, 'hidden_sizes': (64, 32), 'activation': 'tanh', 'learning_rate': 0.001, 'model_name': 'adaptive_batch_sampling_nn'}",
    "n_iterations": 6,
    "samples_per_iteration": 100,
    "n_epochs": 50,
    "batch_size": 16,
    "initial_window_size": 1.0,
    "shrink_rate": 0.3,
    "num_seeds": 1,
    "window_type": "output",
    "use_model_prediction": true,
    "num_pool_datasets": 6,
    "pool_samples_per_dataset": [
      4000,
      1000,
      2500,
      500,
      2000,
      1500
    ],
    "total_pool_samples": 11500,
    "test_samples": 1
  },
  "data_info": {},
  "training_info": {},
  "evaluation": {},
  "raw_results": {
    "all_seed_results": [
      [
        {
          "iteration": 0,
          "seed": 42,
          "total_samples_seen": 0,
          "samples_added": 0,
          "mse_per_output": [
            0.29476848689110835,
            0.18803709452805076,
            0.46193216539017634
          ],
          "total_mse": 0.9447377468093354,
          "window_size": 1.0,
          "center_point": [
            0.5000038227775604,
            0.5003280052336098,
            0.500042579988823
          ],
          "pool_idx": null,
          "avg_train_loss": null,
          "prediction_variance": [
            NaN,
            NaN,
            NaN
          ]
        },
        {
          "iteration": 1,
          "seed": 42,
          "total_samples_seen": 100,
          "samples_added": 100,
          "mse_per_output": [
            0.0027136021018197144,
            0.04907090170449217,
            0.0016142508104665923
          ],
          "total_mse": 0.05339875461677848,
          "window_size": 1.0,
          "center_point": [
            0.5000038227775604,
            0.5003280052336098,
            0.500042579988823
          ],
          "pool_idx": 0,
          "avg_train_loss": 0.031249349735943337,
          "epoch_losses": [
            0.37451555899211336,
            0.12998198504958833,
            0.04481193529708045,
            0.04362465866974422,
            0.04554222630602973,
            0.03582947142422199,
            0.033033984314118116,
            0.03144455621285098,
            0.02900866578732218,
            0.029342130358730043,
            0.028031128059540476,
            0.025225994576300894,
            0.024966651839869364,
            0.02362638618797064,
            0.022689955309033394,
            0.02163279109767505,
            0.023651914138879095,
            0.022620805140052522,
            0.02012670399355037,
            0.02029480359383992,
            0.021059578550713404,
            0.019090866670012474,
            0.0174666693034981,
            0.018602031682218825,
            0.018130799356315817,
            0.018047181091138294,
            0.01736784846122776,
            0.01842943818441459,
            0.018017558114869252,
            0.01774312515876123,
            0.018084321304091384,
            0.01804515240447862,
            0.01753552790199007,
            0.01736630073615483,
            0.01674954327089446,
            0.01736529025116137,
            0.017036618797906806,
            0.017068447545170784,
            0.016925053671002388,
            0.016791601665318012,
            0.018473503712032522,
            0.01806601695716381,
            0.017131167463958263,
            0.01810674076633794,
            0.01810511707195214,
            0.016407449330602373,
            0.016684660288904394,
            0.016724503066922938,
            0.018123846501111984,
            0.01771922116833074
          ],
          "prediction_variance": [
            0.0005950542399659753,
            0.00047792927944101393,
            0.00017377885524183512
          ]
        },
        {
          "iteration": 2,
          "seed": 42,
          "total_samples_seen": 200,
          "samples_added": 100,
          "mse_per_output": [
            0.0026312600022980574,
            0.0635553666323179,
            0.0006058584785659558
          ],
          "total_mse": 0.06679248511318191,
          "window_size": 0.3,
          "center_point": [
            0.5520960688591003,
            0.7218475341796875,
            0.540220320224762
          ],
          "pool_idx": 0,
          "avg_train_loss": 0.00418151430369887,
          "epoch_losses": [
            0.005307584635115096,
            0.00468738197482058,
            0.0046019272745719975,
            0.00452702389364796,
            0.004411885548116905,
            0.004154806125110814,
            0.0041090027163071296,
            0.004025664646178484,
            0.004530017297448856,
            0.0045901330720101085,
            0.0046380917940820965,
            0.00445830386265048,
            0.004404044444007533,
            0.004316619630636913,
            0.004082187910431198,
            0.003892450310688998,
            0.004294134842764054,
            0.004209163166316492,
            0.00464562073882137,
            0.00400445400737226,
            0.004257448483258486,
            0.004365086987880724,
            0.004114979745021888,
            0.004426683132935848,
            0.004276013035061104,
            0.004361239461494344,
            0.003971886920875737,
            0.003935700615069696,
            0.00382743842367615,
            0.0038940791107181993,
            0.00418226550599294,
            0.004153356321954301,
            0.0038095554669520687,
            0.004209898512012192,
            0.0038863756095192264,
            0.003930770958374653,
            0.0037416545674204826,
            0.004188935006303447,
            0.003979728024985109,
            0.004056158242747188,
            0.004148378036916256,
            0.004265283201155918,
            0.004283446552498,
            0.0038812239321746995,
            0.004026651382446289,
            0.003865790187514254,
            0.003842374709035669,
            0.0035715532971413006,
            0.0038307475125683205,
            0.003900514350139669
          ],
          "prediction_variance": [
            1.2235766917001456e-05,
            2.3988688553799875e-05,
            4.0346661990042776e-05
          ]
        },
        {
          "iteration": 3,
          "seed": 42,
          "total_samples_seen": 208,
          "samples_added": 8,
          "mse_per_output": [
            0.002252124559200768,
            0.05658158722629056,
            0.0001311332173648916
          ],
          "total_mse": 0.05896484500285622,
          "window_size": 0.09,
          "center_point": [
            0.5512996315956116,
            0.7524299025535583,
            0.5246567726135254
          ],
          "pool_idx": 5,
          "avg_train_loss": 0.00021916372061241417,