{
  "pipeline_name": "sample_efficiency_3000samples_3iters",
  "timestamp": "2025-11-07 18:47:19",
  "config": {
    "model_type": "NeuralNetModel",
    "model_params": "{'input_size': 6, 'output_size': 3, 'hidden_sizes': (64, 32), 'activation': 'tanh', 'learning_rate': 0.001, 'model_name': 'adaptive_batch_sampling_nn'}",
    "n_iterations": 3,
    "samples_per_iteration": 1000,
    "n_epochs": 50,
    "batch_size": 16,
    "initial_window_size": 1.0,
    "shrink_rate": 0.1,
    "num_seeds": 1,
    "window_type": "output",
    "use_model_prediction": true,
    "num_pool_datasets": 7,
    "pool_samples_per_dataset": [
      4000,
      1000,
      2500,
      500,
      2000,
      1500,
      2000
    ],
    "total_pool_samples": 13500,
    "test_samples": 1
  },
  "data_info": {},
  "training_info": {},
  "evaluation": {},
  "raw_results": {
    "all_seed_results": [
      [
        {
          "iteration": 0,
          "seed": 42,
          "total_samples_seen": 0,
          "samples_added": 0,
          "mse_per_output": [
            0.09335926491463502,
            0.164396579809245,
            0.4146910534347511
          ],
          "total_mse": 0.6724468981586311,
          "window_size": 1.0,
          "center_point": [
            0.5000038227775604,
            0.5003280052336098,
            0.500042579988823
          ],
          "pool_idx": null,
          "avg_train_loss": null,
          "prediction_variance": [
            NaN,
            NaN,
            NaN
          ]
        },
        {
          "iteration": 1,
          "seed": 42,
          "total_samples_seen": 1000,
          "samples_added": 1000,
          "mse_per_output": [
            0.0003717600932275261,
            0.0006862430166153656,
            0.0001585463391681634
          ],
          "total_mse": 0.0012165494490110553,
          "window_size": 1.0,
          "center_point": [
            0.5000038227775604,
            0.5003280052336098,
            0.500042579988823
          ],
          "pool_idx": 0,
          "avg_train_loss": 0.008682483310306756,
          "epoch_losses": [
            0.07500190358786356,
            0.023453745946642898,
            0.01844447392911192,
            0.016434399884135004,
            0.01583347561961365,
            0.0152849034805383,
            0.015199664255811108,
            0.014578681232200729,
            0.014343698715998067,
            0.013692907035528194,
            0.01343209164157983,
            0.012873761577620393,
            0.012739795851447279,
            0.011673137737763307,
            0.010527310235100605,
            0.010047301176994566,
            0.009862133346143224,
            0.009502234269997903,
            0.009020128778906332,
            0.00860758953993874,
            0.008571581541752768,
            0.007795342683999075,
            0.0073894186773233944,
            0.00690663227486232,
            0.006713780308408397,
            0.006380505516149458,
            0.005628442133052481,
            0.004821431697420184,
            0.004329138110199618,
            0.004463102709176758,
            0.003452724679225376,
            0.0031782019558170486,
            0.002805200252046306,
            0.0027470130691423064,
            0.0026090717394023186,
            0.0027436059160483263,
            0.002032153814705828,
            0.0017787649902322935,
            0.0016821189460137652,
            0.0018723597260384215,
            0.001822993339460698,
            0.0017931388232797858,
            0.0014882764085159001,
            0.0017583875100143135,
            0.0016732954222428065,
            0.0014129605972104603,
            0.0017110819786062671,
            0.001301469263761112,
            0.0014712066308314364,
            0.001237426957462929
          ],
          "prediction_variance": [
            0.00020445292466320097,
            0.0029833237640559673,
            6.579865294042975e-05
          ]
        },
        {
          "iteration": 2,
          "seed": 42,
          "total_samples_seen": 2000,
          "samples_added": 1000,
          "mse_per_output": [
            4.459599917126575e-07,
            2.9946329438807815e-06,
            3.2201338130493274e-08
          ],
          "total_mse": 3.4727942737239323e-06,
          "window_size": 0.1,
          "center_point": [
            0.5192849040031433,
            0.5265242457389832,
            0.5126340985298157
          ],
          "pool_idx": 2,
          "avg_train_loss": 2.292848077172403e-06,
          "epoch_losses": [
            5.7466409204593335e-05,
            6.641683501670957e-06,
            3.6170020823394425e-06,
            2.4929626439939417e-06,
            1.9131781708358813e-06,
            1.4693593064813676e-06,
            1.2925612437024866e-06,
            1.2607700540005653e-06,
            1.2876132803371764e-06,
            1.0935738669465378e-06,
            1.0044700046826562e-06,
            1.2165690513541896e-06,
            9.820862189934859e-07,
            9.320931440015556e-07,
            1.0549901079439368e-06,
            9.679975681549314e-07,
            8.816080869636939e-07,
            8.843396182822881e-07,
            7.810431478150898e-07,
            7.883953680938869e-07,
            9.098753925252187e-07,
            7.402528256404497e-07,
            7.149993545378189e-07,
            7.585710382803276e-07,
            7.331624931429547e-07,
            6.707276201817126e-07,
            8.833273818077537e-07,
            7.921900177395387e-07,
            9.613246605668892e-07,
            7.73962330951026e-07,
            8.798579293011604e-07,
            8.563641409683975e-07,
            1.0697858796346636e-06,
            1.3221393731649345e-06,
            6.16396695660468e-07,
            6.301996682807277e-07,
            8.174300598100325e-07,
            1.2463343028100229e-06,
            7.763811745173861e-07,
            6.819602241926582e-07,
            9.410340058795757e-07,
            6.90717868904372e-07,
            7.078529166836319e-07,
            7.898160060362681e-07,
            1.1248262044968475e-06,
            1.35775484958837e-06,
            6.909376713522198e-07,
            1.0724819566752963e-06,
            1.0725605354836594e-06,
            1.3304736086183766e-06
          ],
          "prediction_variance": [
            2.929758124992077e-07,
            6.5658952053127e-07,
            5.104911338094098e-08
          ]
        },
        {
          "iteration": 3,
          "seed": 42,
          "total_samples_seen": 2372,
          "samples_added": 372,
          "mse_per_output": [
            3.038501346815763e-06,
            6.977549681812767e-05,
            7.907111821528233e-07
          ],
          "total_mse": 7.360470934709626e-05,
          "window_size": 0.010000000000000002,
          "center_point": [
            0.5006716251373291,
            0.5020585060119629,
            0.5002220273017883
          ],
          "pool_idx": 6,
          "avg_train_loss": 5.032321276571642e-06,