{
  "pipeline_name": "sample_efficiency_3000samples_3iters",
  "timestamp": "2025-11-07 18:36:31",
  "config": {
    "model_type": "NeuralNetModel",
    "model_params": "{'input_size': 6, 'output_size': 3, 'hidden_sizes': (64, 32), 'activation': 'tanh', 'learning_rate': 0.001, 'model_name': 'adaptive_batch_sampling_nn'}",
    "n_iterations": 3,
    "samples_per_iteration": 1000,
    "n_epochs": 50,
    "batch_size": 16,
    "initial_window_size": 1.0,
    "shrink_rate": 0.1,
    "num_seeds": 1,
    "window_type": "output",
    "use_model_prediction": true,
    "num_pool_datasets": 7,
    "pool_samples_per_dataset": [
      4000,
      1000,
      2500,
      500,
      2000,
      1500,
      2000
    ],
    "total_pool_samples": 13500,
    "test_samples": 1
  },
  "data_info": {},
  "training_info": {},
  "evaluation": {},
  "raw_results": {
    "all_seed_results": [
      [
        {
          "iteration": 0,
          "seed": 42,
          "total_samples_seen": 0,
          "samples_added": 0,
          "mse_per_output": [
            0.16579087198309111,
            0.1037469601630057,
            0.1777543367581639
          ],
          "total_mse": 0.4472921689042607,
          "window_size": 1.0,
          "center_point": [
            0.5000038227775604,
            0.5003280052336098,
            0.500042579988823
          ],
          "pool_idx": null,
          "avg_train_loss": null,
          "prediction_variance": [
            NaN,
            NaN,
            NaN
          ]
        },
        {
          "iteration": 1,
          "seed": 42,
          "total_samples_seen": 1000,
          "samples_added": 1000,
          "mse_per_output": [
            8.38887474442059e-05,
            6.341317972265173e-05,
            8.138313060899984e-05
          ],
          "total_mse": 0.00022868505777585746,
          "window_size": 1.0,
          "center_point": [
            0.5000038227775604,
            0.5003280052336098,
            0.500042579988823
          ],
          "pool_idx": 0,
          "avg_train_loss": 0.007603078498412663,
          "epoch_losses": [
            0.059314457197037956,
            0.023261884596967507,
            0.017782611306756735,
            0.01567229718738605,
            0.015425159507209346,
            0.015172145203761166,
            0.014712569555119863,
            0.014140405869554905,
            0.013752892990374849,
            0.013037016216133322,
            0.012625055091958198,
            0.011971117884275458,
            0.011826354441129498,
            0.010275197496253347,
            0.009304131917093717,
            0.008516727396035715,
            0.008547851438855841,
            0.008330135114697946,
            0.007341326059152682,
            0.007186705168957512,
            0.00662841310443741,
            0.007124761659060679,
            0.005472114742068308,
            0.005179365566517744,
            0.004595372955211335,
            0.004810363582764116,
            0.003539217525117454,
            0.0032327575442780343,
            0.002897451214107966,
            0.002873753557824308,
            0.002305966907269543,
            0.0023407573222241824,
            0.0020285736361060234,
            0.0023450320133835906,
            0.002087132599655657,
            0.001896202645545441,
            0.0017411480648517018,
            0.0017238060097461419,
            0.0019016877696332005,
            0.001661009038798511,
            0.0015169020477933661,
            0.0019208959420211613,
            0.0016922280404879342,
            0.0015148350771235686,
            0.0015799456002515934,
            0.0015389206957825948,
            0.0013880727679601737,
            0.0014578004899833883,
            0.001434506133331784,
            0.0015288890285846141
          ],
          "prediction_variance": [
            0.00013058370677754283,
            0.001554069691337645,
            0.00035688362549990416
          ]
        },
        {
          "iteration": 2,
          "seed": 42,
          "total_samples_seen": 2000,
          "samples_added": 1000,
          "mse_per_output": [
            3.8329145295595367e-07,
            5.381470094210222e-07,
            4.716587239676077e-08
          ],
          "total_mse": 9.686043347737366e-07,
          "window_size": 0.1,
          "center_point": [
            0.5091629028320312,
            0.5082912445068359,
            0.5090638399124146
          ],
          "pool_idx": 2,
          "avg_train_loss": 2.5582845663954744e-06,
          "epoch_losses": [
            4.836245722207611e-05,
            6.815829411131008e-06,
            4.6252208983152364e-06,
            3.8935738649299655e-06,
            3.504452201418139e-06,
            2.8001858976177385e-06,
            3.179567592890216e-06,
            2.6146393295112786e-06,
            1.9255117211157213e-06,
            1.8718256898056197e-06,
            1.8361826113909451e-06,
            1.5401284254978006e-06,
            1.71463673972366e-06,
            1.8980743655606242e-06,
            1.4300448009678456e-06,
            1.3307802190873132e-06,
            1.558335300376798e-06,
            1.50197563074009e-06,
            1.2018124235755605e-06,
            1.3084027637699955e-06,
            1.1147779365014036e-06,
            1.3122920094362584e-06,
            1.2258055596883798e-06,
            1.144017625436044e-06,
            1.380094236732735e-06,
            1.1542708310997344e-06,
            1.3773435845963369e-06,
            1.5850870584342504e-06,
            1.3121017734611375e-06,
            9.529704473585471e-07,
            1.0697977202090398e-06,
            9.302575919596238e-07,
            8.582362025006457e-07,
            1.2013534743230607e-06,
            7.600882974029013e-07,
            8.627341924599773e-07,
            8.380373666269075e-07,
            8.473938213419676e-07,
            7.878522765961875e-07,
            8.734259363029831e-07,
            6.794448801255862e-07,
            9.213881818079735e-07,
            7.345339567910699e-07,
            1.7355516603409284e-06,
            9.426238671310438e-07,
            1.2362138784102706e-06,
            2.0475608817067706e-06,
            1.1847185708084287e-06,
            1.1233531212823553e-06,
            8.072642693995087e-07
          ],
          "prediction_variance": [
            4.6567811295972206e-07,
            1.8011207885137992e-06,
            2.2937166832548428e-08
          ]
        },
        {
          "iteration": 3,
          "seed": 42,
          "total_samples_seen": 2421,
          "samples_added": 421,
          "mse_per_output": [
            3.172201756003287e-08,
            4.3670629397048254e-07,
            8.794759426304917e-09
          ],
          "total_mse": 4.772230709568203e-07,
          "window_size": 0.010000000000000002,
          "center_point": [
            0.5006229281425476,
            0.49959442019462585,
            0.5002597570419312
          ],
          "pool_idx": 6,
          "avg_train_loss": 3.871969341981233e-06,