{
  "pipeline_name": "sample_efficiency_200samples_2iters",
  "timestamp": "2025-11-07 17:23:20",
  "config": {
    "model_type": "NeuralNetModel",
    "model_params": "{'input_size': 6, 'output_size': 3, 'hidden_sizes': (64, 32), 'activation': 'tanh', 'learning_rate': 0.001, 'model_name': 'adaptive_batch_sampling_nn'}",
    "n_iterations": 2,
    "samples_per_iteration": 100,
    "n_epochs": 50,
    "batch_size": 16,
    "initial_window_size": 1.0,
    "shrink_rate": 0.3,
    "num_seeds": 1,
    "window_type": "output",
    "use_model_prediction": true,
    "num_pool_datasets": 2,
    "pool_samples_per_dataset": [
      4000,
      1000
    ],
    "total_pool_samples": 5000,
    "test_samples": 1
  },
  "data_info": {},
  "training_info": {},
  "evaluation": {},
  "raw_results": {
    "all_seed_results": [
      [
        {
          "iteration": 0,
          "seed": 42,
          "total_samples_seen": 0,
          "samples_added": 0,
          "mse_per_output": [
            0.21094351456064356,
            0.16841806690465647,
            0.3728856278738088
          ],
          "total_mse": 0.7522472093391088,
          "window_size": 1.0,
          "center_point": [
            0.5000038227775604,
            0.5003280052336098,
            0.500042579988823
          ],
          "pool_idx": null,
          "avg_train_loss": null,
          "prediction_variance": [
            NaN,
            NaN,
            NaN
          ]
        },
        {
          "iteration": 1,
          "seed": 42,
          "total_samples_seen": 100,
          "samples_added": 100,
          "mse_per_output": [
            0.001097801087173767,
            0.02722557721231616,
            0.0015734226533782709
          ],
          "total_mse": 0.029896800952868195,
          "window_size": 1.0,
          "center_point": [
            0.5000038227775604,
            0.5003280052336098,
            0.500042579988823
          ],
          "pool_idx": 0,
          "avg_train_loss": 0.030364681868148703,
          "epoch_losses": [
            0.3292313367128372,
            0.13098728976079396,
            0.05012360215187073,
            0.046629203749554496,
            0.045859242656401226,
            0.03858907440943377,
            0.03460106759199074,
            0.031226217480642453,
            0.030571984127163887,
            0.027660455288631574,
            0.0279413749064718,
            0.025258868666631833,
            0.02391577378979751,
            0.022955888882279396,
            0.023831391973154887,
            0.02159737635936056,
            0.02003098971077374,
            0.01995522076530116,
            0.020211953403694288,
            0.019503691366740634,
            0.01944816391915083,
            0.018135456634419306,
            0.01770225859114102,
            0.018040671279387816,
            0.01808089909276792,
            0.017572452181151936,
            0.018174689529197558,
            0.01740859169512987,
            0.018706280871161392,
            0.017907822504639626,
            0.019026171416044235,
            0.0169723333258714,
            0.01738165318965912,
            0.01787603074418647,
            0.018636142568928853,
            0.017544106181178774,
            0.01827173733285495,
            0.017545907891222408,
            0.01845996268093586,
            0.01817918355975832,
            0.017897503849651133,
            0.016639378320957934,
            0.017071686019854888,
            0.015607422616864954,
            0.016132962490831102,
            0.016958798680986677,
            0.015935162348406657,
            0.016878900783402578,
            0.016968723386526108,
            0.016391035967639515
          ],
          "prediction_variance": [
            0.001688209013082087,
            0.00021095543343108147,
            0.000640516693238169
          ]
        },
        {
          "iteration": 2,
          "seed": 42,
          "total_samples_seen": 200,
          "samples_added": 100,
          "mse_per_output": [
            0.0008454502817342723,
            0.028847156659188536,
            1.5216734559535055e-05
          ],
          "total_mse": 0.029707823675482345,
          "window_size": 0.3,
          "center_point": [
            0.5331369042396545,
            0.6653297543525696,
            0.5397089719772339
          ],
          "pool_idx": 0,
          "avg_train_loss": 0.0032255478802004026,
          "epoch_losses": [
            0.003749458019488624,
            0.003936306606712086,
            0.003366287165720548,
            0.0035083548365426914,
            0.0037279364852500813,
            0.003327867149242333,
            0.003134056127497128,
            0.0031255631308470455,
            0.0033957333237464938,
            0.0035618780446904047,
            0.0034456045499869753,
            0.0034446481482258867,
            0.003175412969929831,
            0.003173756845561521,
            0.0031067848072520326,
            0.0032113075389393736,
            0.0035202857439539264,
            0.0033732728833066566,
            0.0035981007053383757,
            0.0033695942256599665,
            0.002970110292413405,
            0.003113633188019906,
            0.0032083038573286365,
            0.0029333390661382248,
            0.002997851647835757,
            0.003384431092334645,
            0.0031444984155574013,
            0.003306749077247722,
            0.003054406227810042,
            0.0031353981300656286,
            0.003077126307679074,
            0.0032489538259272066,
            0.0030619887901203974,
            0.0028338934893586804,
            0.0030041661645684925,
            0.0031058298024748054,
            0.003124440122129662,
            0.0030766788071819712,
            0.0032288339820557405,
            0.003085171936878136,
            0.0031587392357843263,
            0.00294116442091763,
            0.003300424731735672,
            0.003101243903594358,
            0.003117143143234508,
            0.0030150125468415873,
            0.002971376192622951,
            0.0029286097934735672,
            0.0034217235100056443,
            0.002973943000792393
          ],
          "prediction_variance": [
            2.6227988200844266e-05,
            0.0001365522330161184,
            3.0440225600614212e-05
          ]
        }
      ]
    ]
  },
  "aggregated_results": [
    {
      "iteration": 0,
      "total_samples_seen": 0.0,
      "samples_added": 0.0,
      "training_samples": 0,
      "mean_total_mse": 0.7522472093391088,
      "std_total_mse": 0.0,
      "mean_mse_per_output": [
        0.21094351456064356,
        0.16841806690465647,
        0.3728856278738088
      ],
      "std_mse_per_output": [
        0.0,
        0.0,
        0.0
      ],
      "mean_train_loss": null,
      "window_size": 1.0,
      "num_seeds": 1,
      "mean_prediction_variance_per_output": [
        NaN,
        NaN,
        NaN
      ],
      "std_prediction_variance_per_output": [
        NaN,
        NaN,
        NaN
      ]
    },
    {
      "iteration": 1,
      "total_samples_seen": 100.0,
      "samples_added": 100.0,
      "training_samples": 5000.0,
      "mean_total_mse": 0.029896800952868195,
      "std_total_mse": 0.0,
      "mean_mse_per_output": [
        0.001097801087173767,
        0.02722557721231616,
        0.0015734226533782709
      ],
      "std_mse_per_output": [
        0.0,
        0.0,
        0.0
      ],
      "mean_train_loss": 0.030364681868148703,
      "window_size": 1.0,
      "num_seeds": 1,
      "mean_prediction_variance_per_output": [
        0.001688209013082087,
        0.00021095543343108147,
        0.000640516693238169
      ],
      "std_prediction_variance_per_output": [
        0.0,
        0.0,
        0.0
      ]
    },
    {
      "iteration": 2,
      "total_samples_seen": 200.0,
      "samples_added": 100.0,
      "training_samples": 5000.0,