{
  "pipeline_name": "sample_efficiency_2000samples_6iters",
  "timestamp": "2025-11-07 18:51:26",
  "config": {
    "model_type": "NeuralNetModel",
    "model_params": "{'input_size': 6, 'output_size': 3, 'hidden_sizes': (64, 32), 'activation': 'tanh', 'learning_rate': 0.001, 'model_name': 'adaptive_batch_sampling_nn'}",
    "n_iterations": 6,
    "samples_per_iteration": 333,
    "n_epochs": 50,
    "batch_size": 16,
    "initial_window_size": 1.0,
    "shrink_rate": 0.1,
    "num_seeds": 1,
    "window_type": "output",
    "use_model_prediction": true,
    "num_pool_datasets": 7,
    "pool_samples_per_dataset": [
      4000,
      1000,
      2500,
      500,
      2000,
      1500,
      2000
    ],
    "total_pool_samples": 13500,
    "test_samples": 1
  },
  "data_info": {},
  "training_info": {},
  "evaluation": {},
  "raw_results": {
    "all_seed_results": [
      [
        {
          "iteration": 0,
          "seed": 42,
          "total_samples_seen": 0,
          "samples_added": 0,
          "mse_per_output": [
            0.25041974866663735,
            0.3315909816111952,
            0.001507816712485742
          ],
          "total_mse": 0.5835185469903184,
          "window_size": 1.0,
          "center_point": [
            0.5000038227775604,
            0.5003280052336098,
            0.500042579988823
          ],
          "pool_idx": null,
          "avg_train_loss": null,
          "prediction_variance": [
            NaN,
            NaN,
            NaN
          ]
        },
        {
          "iteration": 1,
          "seed": 42,
          "total_samples_seen": 333,
          "samples_added": 333,
          "mse_per_output": [
            0.001157915973296803,
            0.009910370215664658,
            5.5446889108552e-05
          ],
          "total_mse": 0.011123733078070012,
          "window_size": 1.0,
          "center_point": [
            0.5000038227775604,
            0.5003280052336098,
            0.500042579988823
          ],
          "pool_idx": 0,
          "avg_train_loss": 0.016536631658673286,
          "epoch_losses": [
            0.10895246497931935,
            0.03945316737961201,
            0.029248710012152082,
            0.023655605280683153,
            0.020548359978766667,
            0.018493534553618657,
            0.01744684452811877,
            0.016441195538001403,
            0.016078873049645198,
            0.015838980053861935,
            0.01591314109308379,
            0.015882420397940137,
            0.015946416095608755,
            0.015505619701885041,
            0.015262290547114043,
            0.01549350596698267,
            0.015565019987878344,
            0.015434243228463899,
            0.014899870735548791,
            0.014641044484007926,
            0.014684206717425869,
            0.014176465881367525,
            0.014685552079407941,
            0.014398245185258843,
            0.01429663940022389,
            0.014494651396359717,
            0.013561756616192204,
            0.013659737050710689,
            0.013493954957950683,
            0.013111773257454237,
            0.013168036538575376,
            0.012920950362015338,
            0.012511534616351128,
            0.012386551348581201,
            0.011834834369697742,
            0.012383242936006613,
            0.012538671981365908,
            0.012412102272113165,
            0.011799566869047425,
            0.011296756011212156,
            0.010658605445531152,
            0.010494510554486797,
            0.010276218432755698,
            0.010298687853806075,
            0.009946797663966814,
            0.0101688832399391,
            0.010656113514587992,
            0.010708704213833525,
            0.009438237663181056,
            0.009668286911965836
          ],
          "prediction_variance": [
            6.718577787978575e-05,
            0.0008188309147953987,
            9.895797120407224e-06
          ]
        },
        {
          "iteration": 2,
          "seed": 42,
          "total_samples_seen": 340,
          "samples_added": 7,
          "mse_per_output": [
            0.00015235066036445338,
            0.005192495852563788,
            8.431773417320254e-07
          ],
          "total_mse": 0.005345689690269973,
          "window_size": 0.1,
          "center_point": [
            0.5340319871902466,
            0.5998788475990295,
            0.5074888467788696
          ],
          "pool_idx": 6,
          "avg_train_loss": 0.0001611135083658155,
          "epoch_losses": [
            0.0006306119030341506,
            0.0005176778067834675,
            0.00033721316140145063,
            0.00022817999706603587,
            0.00023379722551908344,
            0.0002912221825681627,
            0.0003123955975752324,
            0.00026778082246892154,
            0.00020013067114632577,
            0.0001700359716778621,
            0.0001946347620105371,
            0.00023625121684744954,
            0.00024371275503654033,
            0.00020114293147344142,
            0.00013916588795837015,
            0.00010359857697039843,
            0.00011465621355455369,
            0.00015302344399970025,
            0.00018081101006828249,
            0.00017474761989433318,
            0.00014223268954083323,
            0.00010990073496941477,
            9.88839819910936e-05,
            0.00010933787416433915,
            0.00012503034668043256,
            0.00013016065349802375,
            0.00012198441982036456,
            0.00010967682464979589,
            0.000103483245766256,
            0.00010555009066592902,
            0.00010995507182087749,
            0.00010993174510076642,
            0.00010440492042107508,
            9.809228504309431e-05,
            9.620546916266903e-05,
            9.945202327799052e-05,
            0.00010382574691902846,
            0.00010469472908880562,
            0.00010094378376379609,
            9.552270785206929e-05,
            9.24254854908213e-05,
            9.323004633188248e-05,
            9.619841875974089e-05,
            9.825514280237257e-05,
            9.770513861440122e-05,
            9.529521048534662e-05,
            9.306753054261208e-05,
            9.241457883035764e-05,
            9.311059693573043e-05,
            9.391416824655607e-05
          ],
          "prediction_variance": [
            1.764201806508936e-05,
            1.2632471225515474e-05,
            6.285993003984913e-05
          ]
        }
      ]
    ]
  },
  "aggregated_results": [
    {
      "iteration": 0,
      "total_samples_seen": 0.0,
      "samples_added": 0.0,
      "training_samples": 0,
      "mean_total_mse": 0.5835185469903184,
      "std_total_mse": 0.0,
      "mean_mse_per_output": [
        0.25041974866663735,
        0.3315909816111952,
        0.001507816712485742
      ],
      "std_mse_per_output": [
        0.0,
        0.0,
        0.0
      ],
      "mean_train_loss": null,
      "window_size": 1.0,
      "num_seeds": 1,
      "mean_prediction_variance_per_output": [
        NaN,
        NaN,
        NaN
      ],
      "std_prediction_variance_per_output": [
        NaN,
        NaN,
        NaN
      ]
    },
    {
      "iteration": 1,
      "total_samples_seen": 333.0,
      "samples_added": 333.0,
      "training_samples": 16650.0,
      "mean_total_mse": 0.011123733078070012,
      "std_total_mse": 0.0,
      "mean_mse_per_output": [
        0.001157915973296803,
        0.009910370215664658,
        5.5446889108552e-05
      ],
      "std_mse_per_output": [
        0.0,
        0.0,
        0.0
      ],
      "mean_train_loss": 0.016536631658673286,
      "window_size": 1.0,
      "num_seeds": 1,
      "mean_prediction_variance_per_output": [
        6.718577787978575e-05,
        0.0008188309147953987,
        9.895797120407224e-06
      ],