{
  "pipeline_name": "sample_efficiency_600samples_4iters",
  "timestamp": "2025-11-07 17:28:24",
  "config": {
    "model_type": "NeuralNetModel",
    "model_params": "{'input_size': 6, 'output_size': 3, 'hidden_sizes': (64, 32), 'activation': 'tanh', 'learning_rate': 0.001, 'model_name': 'adaptive_batch_sampling_nn'}",
    "n_iterations": 4,
    "samples_per_iteration": 150,
    "n_epochs": 50,
    "batch_size": 16,
    "initial_window_size": 1.0,
    "shrink_rate": 0.3,
    "num_seeds": 1,
    "window_type": "output",
    "use_model_prediction": true,
    "num_pool_datasets": 4,
    "pool_samples_per_dataset": [
      4000,
      1000,
      2500,
      500
    ],
    "total_pool_samples": 8000,
    "test_samples": 1
  },
  "data_info": {},
  "training_info": {},
  "evaluation": {},
  "raw_results": {
    "all_seed_results": [
      [
        {
          "iteration": 0,
          "seed": 42,
          "total_samples_seen": 0,
          "samples_added": 0,
          "mse_per_output": [
            0.20770712224878154,
            0.12730624407701657,
            0.6182689022536274
          ],
          "total_mse": 0.9532822685794256,
          "window_size": 1.0,
          "center_point": [
            0.5000038227775604,
            0.5003280052336098,
            0.500042579988823
          ],
          "pool_idx": null,
          "avg_train_loss": null,
          "prediction_variance": [
            NaN,
            NaN,
            NaN
          ]
        },
        {
          "iteration": 1,
          "seed": 42,
          "total_samples_seen": 150,
          "samples_added": 150,
          "mse_per_output": [
            9.81040370157766e-06,
            0.02200252335989786,
            0.0005331830823342781
          ],
          "total_mse": 0.022545516845933717,
          "window_size": 1.0,
          "center_point": [
            0.5000038227775604,
            0.5003280052336098,
            0.500042579988823
          ],
          "pool_idx": 0,
          "avg_train_loss": 0.02618467457778752,
          "epoch_losses": [
            0.2831661954522133,
            0.05675959028303623,
            0.0589097011834383,
            0.041213852167129514,
            0.03765202760696411,
            0.03463692888617516,
            0.03159961700439453,
            0.028888269886374475,
            0.02752139363437891,
            0.025444249995052813,
            0.023535539396107197,
            0.022176630049943923,
            0.02096325345337391,
            0.020314323529601098,
            0.01869434816762805,
            0.018835622631013394,
            0.01783381514251232,
            0.017500203102827072,
            0.016670614713802934,
            0.017166013177484275,
            0.017380380630493165,
            0.016501373518258332,
            0.016544679738581182,
            0.01614615209400654,
            0.017078708857297897,
            0.017434139270335436,
            0.016243619564920663,
            0.016859662346541883,
            0.016521675046533346,
            0.016245774272829295,
            0.016438332106918096,
            0.016528185829520224,
            0.015912458114326,
            0.016074592154473065,
            0.015827289130538703,
            0.015773403039202095,
            0.01622861623764038,
            0.01600194275379181,
            0.015869946964085103,
            0.01690238518640399,
            0.015835018921643497,
            0.016073605231940746,
            0.01619282625615597,
            0.016795700322836636,
            0.015965030156075956,
            0.016491393279284238,
            0.015555070154368878,
            0.016439333837479354,
            0.016038263216614723,
            0.015851981192827224
          ],
          "prediction_variance": [
            0.0009553062845952809,
            0.00011299473408143967,
            0.00020080033573321998
          ]
        },
        {
          "iteration": 2,
          "seed": 42,
          "total_samples_seen": 300,
          "samples_added": 150,
          "mse_per_output": [
            0.00026745969880434897,
            0.023448010123464157,
            1.478183907633192e-05
          ],
          "total_mse": 0.023730251661344837,
          "window_size": 0.3,
          "center_point": [
            0.5031359791755676,
            0.6486604809761047,
            0.5231333374977112
          ],
          "pool_idx": 0,
          "avg_train_loss": 0.0031445795388426634,
          "epoch_losses": [
            0.003271908569149673,
            0.003260559751652181,
            0.0032500760862603784,
            0.00315487589687109,
            0.0031884142430499197,
            0.0031798302195966245,
            0.0031673402641899883,
            0.0033347801072523,
            0.0031243988778442144,
            0.0031818216666579247,
            0.003262533713132143,
            0.0031316135078668593,
            0.003104205324780196,
            0.0031877015717327595,
            0.003185393405146897,
            0.0030351042747497558,
            0.003141118446364999,
            0.0032416569534689187,
            0.003144440962933004,
            0.0030273844953626395,
            0.0031487336149439217,
            0.0032124654157087208,
            0.003016549360472709,
            0.0031458644196391107,
            0.003192025702446699,
            0.0031460362020879983,
            0.0030646688770502805,
            0.0031413181917741896,
            0.0031728334026411174,
            0.0032827388495206833,
            0.0031225668732076882,
            0.003048175270669162,
            0.003016388462856412,
            0.003070090524852276,
            0.003114662552252412,
            0.003158943261951208,
            0.0030282125575467945,
            0.003211156791076064,
            0.003302596299909055,
            0.003074777638539672,
            0.0031896557426080107,
            0.0030613709008321167,
            0.003175806486979127,
            0.0032638396834954618,
            0.0032289261696860196,
            0.0029743930324912073,
            0.0029852350475266577,
            0.003022626950405538,
            0.0030304614221677182,
            0.003050698898732662
          ],
          "prediction_variance": [
            3.317526761748013e-06,
            1.1362817531335168e-05,
            2.3369477730739163e-07
          ]
        },
        {
          "iteration": 3,
          "seed": 42,
          "total_samples_seen": 308,
          "samples_added": 8,
          "mse_per_output": [
            0.0004469739914381184,
            0.027123017601215372,
            8.231563275893679e-07
          ],
          "total_mse": 0.02757081474898108,
          "window_size": 0.09,
          "center_point": [
            0.5163580179214478,
            0.6534554362297058,
            0.5038872957229614
          ],
          "pool_idx": 3,
          "avg_train_loss": 8.846748765790835e-05,