{
  "pipeline_name": "sample_efficiency_3000samples_1iters",
  "timestamp": "2025-11-09 11:20:28",
  "config": {
    "model_type": "NeuralNetModel",
    "model_params": "{'input_size': 6, 'output_size': 3, 'hidden_sizes': (64, 32), 'activation': 'tanh', 'learning_rate': 0.001, 'model_name': 'adaptive_batch_sampling_nn'}",
    "n_iterations": 1,
    "samples_per_iteration": 3000,
    "n_epochs": 50,
    "batch_size": 16,
    "initial_window_size": 1.0,
    "shrink_rate": 0.2,
    "num_seeds": 1,
    "window_type": "output",
    "use_model_prediction": true,
    "num_pool_datasets": 17,
    "pool_samples_per_dataset": [
      4000,
      3000,
      1000,
      2500,
      2500,
      2500,
      500,
      2000,
      2000,
      2600,
      2600,
      1500,
      2700,
      2700,
      2000,
      2750,
      2750
    ],
    "total_pool_samples": 39600,
    "test_samples": 1
  },
  "data_info": {},
  "training_info": {},
  "evaluation": {},
  "raw_results": {
    "all_seed_results": [
      [
        {
          "iteration": 0,
          "seed": 42,
          "total_samples_seen": 0,
          "samples_added": 0,
          "mse_per_output": [
            0.2908588136845283,
            0.37468977662094094,
            0.26502201728391844
          ],
          "total_mse": 0.9305706075893876,
          "window_size": 1.0,
          "center_point": [
            0.5000038227775604,
            0.5003280052336098,
            0.500042579988823
          ],
          "pools_used": [],
          "avg_train_loss": null,
          "prediction_variance": [
            NaN,
            NaN,
            NaN
          ]
        },
        {
          "iteration": 1,
          "seed": 42,
          "total_samples_seen": 3000,
          "samples_added": 3000,
          "mse_per_output": [
            4.489136426751679e-06,
            0.00026189971138947804,
            3.860381031158766e-06
          ],
          "total_mse": 0.0002702492288473885,
          "window_size": 1.0,
          "center_point": [
            0.5000038227775604,
            0.5003280052336098,
            0.500042579988823
          ],
          "pools_used": [
            0
          ],
          "avg_train_loss": 0.00305355217720794,
          "epoch_losses": [
            0.04283142396486662,
            0.01549344365187782,
            0.014244563937028672,
            0.012394147164663895,
            0.010238608429604706,
            0.00821096237570523,
            0.006664277529938424,
            0.005001786633077612,
            0.0037776697123611466,
            0.0028135339838472454,
            0.002224124386904147,
            0.002076908587812486,
            0.0017203087135133869,
            0.0015500024688043731,
            0.0015790465385702617,
            0.001407266579143594,
            0.001214656167344111,
            0.0012515252355444046,
            0.0011231174466182835,
            0.0010678035026277476,
            0.0010321724319587798,
            0.000989980382616929,
            0.0009968811599661575,
            0.0009715164558927311,
            0.0008058897510636598,
            0.0008384894631199905,
            0.0008631454817232419,
            0.0006794228472070709,
            0.0006463110970644072,
            0.0006578903038586004,
            0.0006856445957345522,
            0.0005191746447266308,
            0.0005581046224254719,
            0.0005234936964351366,
            0.0004863400156845022,
            0.0004986590814796534,
            0.00044275875347437324,
            0.000435701899055238,
            0.00033784925878361274,
            0.00035264136107450233,
            0.000296811301481323,
            0.0002725899723876129,
            0.0003413941968245397,
            0.00022467688403536313,
            0.0003240691854985693,
            0.00023573448462674935,
            0.00018556605408911252,
            0.00020349648836619306,
            0.00020779214448455295,
            0.00017823383540359073
          ],
          "prediction_variance": [
            0.00010620213288348168,
            0.000250176788540557,
            6.242723611649126e-05
          ]
        }
      ]
    ]
  },
  "aggregated_results": [
    {
      "iteration": 0,
      "total_samples_seen": 0.0,
      "samples_added": 0.0,
      "training_samples": 0,
      "mean_total_mse": 0.9305706075893876,
      "std_total_mse": 0.0,
      "mean_mse_per_output": [
        0.2908588136845283,
        0.37468977662094094,
        0.26502201728391844
      ],
      "std_mse_per_output": [
        0.0,
        0.0,
        0.0
      ],
      "mean_train_loss": null,
      "window_size": 1.0,
      "num_seeds": 1,
      "mean_prediction_variance_per_output": [
        NaN,
        NaN,
        NaN
      ],
      "std_prediction_variance_per_output": [
        NaN,
        NaN,
        NaN
      ]
    },
    {
      "iteration": 1,
      "total_samples_seen": 3000.0,
      "samples_added": 3000.0,
      "training_samples": 150000.0,
      "mean_total_mse": 0.0002702492288473885,
      "std_total_mse": 0.0,
      "mean_mse_per_output": [
        4.489136426751679e-06,
        0.00026189971138947804,
        3.860381031158766e-06
      ],
      "std_mse_per_output": [
        0.0,
        0.0,
        0.0
      ],
      "mean_train_loss": 0.00305355217720794,
      "window_size": 1.0,
      "num_seeds": 1,
      "mean_prediction_variance_per_output": [
        0.00010620213288348168,
        0.000250176788540557,
        6.242723611649126e-05
      ],
      "std_prediction_variance_per_output": [
        0.0,
        0.0,
        0.0
      ]
    }
  ],
  "execution_time_seconds": 78.663478
}