{
  "pipeline_name": "sample_efficiency_800per_iter_shrink0.4",
  "timestamp": "2025-11-21 10:34:37",
  "config": {
    "model_type": "NeuralNetModel",
    "model_params": "{'input_size': 6, 'output_size': 3, 'hidden_sizes': (64, 32), 'activation': 'tanh', 'learning_rate': 0.001, 'model_name': 'adaptive_batch_sampling_nn'}",
    "n_iterations": 1,
    "samples_per_iteration": 800,
    "n_epochs": 50,
    "batch_size": 16,
    "initial_window_size": 1.0,
    "shrink_rate": 0.4,
    "num_seeds": 5,
    "window_type": "output",
    "use_model_prediction": true,
    "num_pool_datasets": 25,
    "pool_samples_per_dataset": [
      4000,
      3000,
      1000,
      2500,
      2500,
      2500,
      500,
      2000,
      2500,
      2525,
      2550,
      2575,
      2000,
      2600,
      2550,
      2575,
      2600,
      2500,
      2525,
      1500,
      2700,
      2700,
      2000,
      2750,
      2750
    ],
    "total_pool_samples": 59900,
    "test_samples": 1
  },
  "data_info": {},
  "training_info": {},
  "evaluation": {},
  "raw_results": {
    "all_seed_results": [
      [
        {
          "iteration": 0,
          "seed": 42,
          "total_samples_seen": 0,
          "samples_added": 0,
          "mse_per_output": [
            0.2682524667655374,
            0.17113496674958112,
            0.6532547219822306
          ],
          "total_mse": 1.092642155497349,
          "window_size": 1.0,
          "center_point": [
            0.5000038227775604,
            0.5003280052336098,
            0.500042579988823
          ],
          "pools_used": [],
          "avg_train_loss": null,
          "prediction_variance": [
            NaN,
            NaN,
            NaN
          ]
        },
        {
          "iteration": 1,
          "seed": 42,
          "total_samples_seen": 800,
          "samples_added": 800,
          "mse_per_output": [
            0.0009576923163266561,
            0.0051188155264826314,
            0.00013207272213603717
          ],
          "total_mse": 0.006208580564945325,
          "window_size": 1.0,
          "center_point": [
            0.5000038227775604,
            0.5003280052336098,
            0.500042579988823
          ],
          "pools_used": [
            0
          ],
          "avg_train_loss": 0.00964582827273989,
          "epoch_losses": [
            0.11099677383899689,
            0.028500548750162124,
            0.02291226141154766,
            0.01924156865105033,
            0.016884826216846706,
            0.015842030197381972,
            0.01515100046992302,
            0.015602269023656846,
            0.014484548531472683,
            0.013901754189282656,
            0.013241034960374235,
            0.012708809189498425,
            0.012611399795860052,
            0.012087646322324872,
            0.011345764398574829,
            0.01062835323624313,
            0.009636296778917313,
            0.009087161254137754,
            0.008842247975990177,
            0.008094575926661492,
            0.008331247395835817,
            0.008706266307272018,
            0.007266695122234523,
            0.006608367180451751,
            0.0057974267192184925,
            0.00530193530023098,
            0.005509897959418595,
            0.004617373081855476,
            0.0037482710694894195,
            0.0037137047003488986,
            0.0032129120477475226,
            0.0031480002542957665,
            0.0026871029124595227,
            0.0024716048617847266,
            0.002642093148315325,
            0.0021351056790445,
            0.0021053209446836264,
            0.0022169446235056965,
            0.0019277184712700546,
            0.0019444974651560186,
            0.001802075570449233,
            0.0015809743327554315,
            0.0017240157932974399,
            0.0017412585590500386,
            0.0015891095652477815,
            0.0015737050911411644,
            0.0017040667973924428,
            0.0014991744642611593,
            0.0015618425305001437,
            0.0016218345693778246
          ],
          "prediction_variance": [
            6.500612653326243e-05,
            0.0027982699684798717,
            5.7868532167049125e-05
          ]
        }
      ],
      [
        {
          "iteration": 0,
          "seed": 43,
          "total_samples_seen": 0,
          "samples_added": 0,
          "mse_per_output": [
            0.6431245447726379,
            0.21996155689208532,
            0.15517844054153027
          ],
          "total_mse": 1.0182645422062535,
          "window_size": 1.0,
          "center_point": [
            0.5000038227775604,
            0.5003280052336098,
            0.500042579988823
          ],
          "pools_used": [],
          "avg_train_loss": null,
          "prediction_variance": [
            NaN,
            NaN,
            NaN
          ]
        },
        {
          "iteration": 1,
          "seed": 43,
          "total_samples_seen": 800,
          "samples_added": 800,
          "mse_per_output": [
            6.838726899240072e-05,
            1.8418283409899744e-05,
            1.1510314409273484e-06
          ],
          "total_mse": 8.795658384322782e-05,
          "window_size": 1.0,
          "center_point": [
            0.5000038227775604,
            0.5003280052336098,
            0.500042579988823
          ],
          "pools_used": [
            0
          ],
          "avg_train_loss": 0.010898678139806725,
          "epoch_losses": [
            0.10411748364567756,
            0.02502222541719675,
            0.02044200148433447,
            0.01814512837678194,
            0.017177227921783923,
            0.016606432907283305,
            0.016782342558726668,
            0.01636871390044689,
            0.015834782514721157,
            0.015490182302892208,
            0.014710705373436212,
            0.015047067552804947,
            0.014402127610519528,
            0.013926669619977475,
            0.013546678349375724,
            0.012960396381095052,
            0.012129639834165573,
            0.011513563944026828,
            0.01086766947992146,
            0.010577575201168657,
            0.010458345273509622,
            0.009599147643893958,
            0.00931558022275567,
            0.009225167725235224,
            0.008495979132130743,
            0.008760342835448682,
            0.008021826893091201,
            0.00749747128225863,
            0.007713627265766263,
            0.006854836731217801,
            0.00794680308084935,
            0.005825703833252192,
            0.004952340696472674,
            0.004631403449457139,
            0.00418765248497948,
            0.004139109321404249,
            0.0032355801691301166,
            0.0028994883224368094,
            0.0026232181838713588,
            0.002612869694130495,
            0.0027260630181990563,
            0.00211878604022786,
            0.0021825135522522032,
            0.0020603321585804225,
            0.0018514761643018574,
            0.0019235856435261666,
            0.001974377338774502,
            0.001953990531619638,
            0.0017740758263971657,
            0.0017035980988293886
          ],
          "prediction_variance": [
            0.00047856042510829866,
            0.0022218103986233473,
            3.8411457353504375e-05
          ]
        }
      ],
      [
        {
          "iteration": 0,
          "seed": 44,
          "total_samples_seen": 0,
          "samples_added": 0,
          "mse_per_output": [
            0.196626418115263,
            0.2980251691513607,
            0.23336204794940307
          ],
          "total_mse": 0.7280136352160267,
          "window_size": 1.0,
          "center_point": [
            0.5000038227775604,
            0.5003280052336098,
            0.500042579988823
          ],
          "pools_used": [],
          "avg_train_loss": null,