{
  "200": {
    "1": {
      "final_mse": 0.00015265489996287352,
      "final_mse_std": 7.058112575494103e-05,
      "total_samples": 4000.0,
      "n_iterations": 20
    }
  }
}