{
  "pipeline_name": "sample_efficiency_200samples_4iters",
  "timestamp": "2025-11-07 17:27:17",
  "config": {
    "model_type": "NeuralNetModel",
    "model_params": "{'input_size': 6, 'output_size': 3, 'hidden_sizes': (64, 32), 'activation': 'tanh', 'learning_rate': 0.001, 'model_name': 'adaptive_batch_sampling_nn'}",
    "n_iterations": 4,
    "samples_per_iteration": 50,
    "n_epochs": 50,
    "batch_size": 16,
    "initial_window_size": 1.0,
    "shrink_rate": 0.3,
    "num_seeds": 1,
    "window_type": "output",
    "use_model_prediction": true,
    "num_pool_datasets": 4,
    "pool_samples_per_dataset": [
      4000,
      1000,
      2500,
      500
    ],
    "total_pool_samples": 8000,
    "test_samples": 1
  },
  "data_info": {},
  "training_info": {},
  "evaluation": {},
  "raw_results": {
    "all_seed_results": [
      [
        {
          "iteration": 0,
          "seed": 42,
          "total_samples_seen": 0,
          "samples_added": 0,
          "mse_per_output": [
            0.31670311511789223,
            0.19266669227640415,
            0.07005332034692635
          ],
          "total_mse": 0.5794231277412227,
          "window_size": 1.0,
          "center_point": [
            0.5000038227775604,
            0.5003280052336098,
            0.500042579988823
          ],
          "pool_idx": null,
          "avg_train_loss": null,
          "prediction_variance": [
            NaN,
            NaN,
            NaN
          ]
        },
        {
          "iteration": 1,
          "seed": 42,
          "total_samples_seen": 50,
          "samples_added": 50,
          "mse_per_output": [
            0.0004563375300542488,
            0.011969136698215069,
            0.001543010094176803
          ],
          "total_mse": 0.01396848432244612,
          "window_size": 1.0,
          "center_point": [
            0.5000038227775604,
            0.5003280052336098,
            0.500042579988823
          ],
          "pool_idx": 0,
          "avg_train_loss": 0.03566151064354926,
          "epoch_losses": [
            0.3215435668826103,
            0.19566650316119194,
            0.10812883451581001,
            0.05976920481771231,
            0.05193234980106354,
            0.051432376727461815,
            0.0458946144208312,
            0.045165141113102436,
            0.039624602533876896,
            0.04035513009876013,
            0.031248211627826095,
            0.032227898016572,
            0.029143391642719507,
            0.03119105054065585,
            0.027577439323067665,
            0.02783506503328681,
            0.026057684794068336,
            0.026995738968253136,
            0.02539103850722313,
            0.023176109418272972,
            0.023353418800979853,
            0.02296379068866372,
            0.021570184733718634,
            0.02286161482334137,
            0.018039974267594516,
            0.021148970816284418,
            0.02008795877918601,
            0.017213964369148016,
            0.020561991957947612,
            0.020054085878655314,
            0.017880127299576998,
            0.020208789501339197,
            0.01837832247838378,
            0.01645792741328478,
            0.01773958746343851,
            0.01863766461610794,
            0.014937710715457797,
            0.019403296522796154,
            0.017799500143155456,
            0.017256178194656968,
            0.0163747095502913,
            0.01829720358364284,
            0.015597667545080185,
            0.01501537230797112,
            0.016614172840490937,
            0.014339823741465807,
            0.01789564359933138,
            0.013150506536476314,
            0.013823861489072442,
            0.015055559575557709
          ],
          "prediction_variance": [
            0.0019522469956427813,
            0.0009263893589377403,
            0.0002963689621537924
          ]
        },
        {
          "iteration": 2,
          "seed": 42,
          "total_samples_seen": 100,
          "samples_added": 50,
          "mse_per_output": [
            0.000321690941113096,
            0.016218212688074902,
            8.131431840978904e-05
          ],
          "total_mse": 0.01662121794759779,
          "window_size": 0.3,
          "center_point": [
            0.5213658809661865,
            0.6097315549850464,
            0.5393237471580505
          ],
          "pool_idx": 0,
          "avg_train_loss": 0.0028706531618081497,
          "epoch_losses": [
            0.004062403575517237,
            0.00314449705183506,
            0.002930978895165026,
            0.002639678175910376,
            0.003409369266591966,
            0.0029521446558646858,
            0.0037067593075335026,
            0.00243832849082537,
            0.00366860133362934,
            0.0027711628063116223,
            0.00273649679729715,
            0.002896676422096789,
            0.0028193198959343135,
            0.0025334656820632517,
            0.002466027726768516,
            0.0023684457410126925,
            0.0031828093924559653,
            0.002866697032004595,
            0.004244788840878755,
            0.0027609047829173505,
            0.002437172137433663,
            0.002232459097285755,
            0.0026254011900164187,
            0.0038698414573445916,
            0.003236792632378638,
            0.002506554184947163,
            0.003017490904312581,
            0.0022932562860660255,
            0.002744932862697169,
            0.003000266442541033,
            0.003041058487724513,
            0.0021841802808921784,
            0.0025916773884091526,
            0.0032428905251435935,
            0.0027725715190172195,
            0.0025411995593458414,
            0.003418286330997944,
            0.0023221141527756117,
            0.002705173654248938,
            0.002431544242426753,
            0.003138819709420204,
            0.0021722234960179776,
            0.0031778486154507846,
            0.0032363929494749755,
            0.0021436373936012387,
            0.0025331343640573323,
            0.0022908156679477543,
            0.0033370783203281462,
            0.0027658703620545566,
            0.002922418003436178
          ],
          "prediction_variance": [
            9.394400694873184e-05,
            0.00010109211143571883,
            1.9499495465424843e-05
          ]
        },
        {
          "iteration": 3,
          "seed": 42,
          "total_samples_seen": 104,
          "samples_added": 4,
          "mse_per_output": [
            0.0004781226321057955,
            0.02460505742316616,
            1.557408289013285e-05
          ],
          "total_mse": 0.02509875413816209,
          "window_size": 0.09,
          "center_point": [
            0.517939567565918,
            0.6276787519454956,
            0.5090600252151489
          ],
          "pool_idx": 3,
          "avg_train_loss": 7.96749923756579e-05,