{
  "pipeline_name": "sample_efficiency_1000samples_3iters",
  "timestamp": "2025-11-09 11:18:34",
  "config": {
    "model_type": "NeuralNetModel",
    "model_params": "{'input_size': 6, 'output_size': 3, 'hidden_sizes': (64, 32), 'activation': 'tanh', 'learning_rate': 0.001, 'model_name': 'adaptive_batch_sampling_nn'}",
    "n_iterations": 3,
    "samples_per_iteration": 333,
    "n_epochs": 50,
    "batch_size": 16,
    "initial_window_size": 1.0,
    "shrink_rate": 0.2,
    "num_seeds": 1,
    "window_type": "output",
    "use_model_prediction": true,
    "num_pool_datasets": 17,
    "pool_samples_per_dataset": [
      4000,
      3000,
      1000,
      2500,
      2500,
      2500,
      500,
      2000,
      2000,
      2600,
      2600,
      1500,
      2700,
      2700,
      2000,
      2750,
      2750
    ],
    "total_pool_samples": 39600,
    "test_samples": 1
  },
  "data_info": {},
  "training_info": {},
  "evaluation": {},
  "raw_results": {
    "all_seed_results": [
      [
        {
          "iteration": 0,
          "seed": 42,
          "total_samples_seen": 0,
          "samples_added": 0,
          "mse_per_output": [
            0.32516794637468416,
            0.8346705663550663,
            0.42164815882778095
          ],
          "total_mse": 1.5814866715575313,
          "window_size": 1.0,
          "center_point": [
            0.5000038227775604,
            0.5003280052336098,
            0.500042579988823
          ],
          "pools_used": [],
          "avg_train_loss": null,
          "prediction_variance": [
            NaN,
            NaN,
            NaN
          ]
        },
        {
          "iteration": 1,
          "seed": 42,
          "total_samples_seen": 333,
          "samples_added": 333,
          "mse_per_output": [
            0.0005676467948214309,
            0.007193234501996023,
            2.300672313436922e-06
          ],
          "total_mse": 0.00776318196913089,
          "window_size": 1.0,
          "center_point": [
            0.5000038227775604,
            0.5003280052336098,
            0.500042579988823
          ],
          "pools_used": [
            0
          ],
          "avg_train_loss": 0.020768128151872327,
          "epoch_losses": [
            0.2433730596232982,
            0.04984858844961439,
            0.037338941845865475,
            0.0323203183000996,
            0.028594182360739934,
            0.025302935923848833,
            0.022820404775085904,
            0.02101847937419301,
            0.019595928401464506,
            0.018258697175908657,
            0.017447529538046746,
            0.016641214046449887,
            0.016110308335295746,
            0.01558696593911875,
            0.015538172286358617,
            0.015196484557929494,
            0.015433527529239655,
            0.015382268155614534,
            0.015335145517296735,
            0.015066141794834818,
            0.014732708444907552,
            0.014722652112444242,
            0.01467751751520804,
            0.014700975136033126,
            0.01444773105460973,
            0.014187482983938285,
            0.014317742460185573,
            0.013999020858179955,
            0.013800546393862792,
            0.01376401883594337,
            0.013462599788215898,
            0.013335829822435266,
            0.013052415058371566,
            0.013003198873429071,
            0.013062943305288042,
            0.01264121618476652,
            0.012471890254389672,
            0.012048181501172837,
            0.012414114538668877,
            0.012265512276263464,
            0.011770393322443678,
            0.011698832824116661,
            0.011945393945400914,
            0.011812030537320035,
            0.011062450995225282,
            0.011020936648405734,
            0.010510208972153209,
            0.010473388690678846,
            0.010188040611821981,
            0.010607139717432715
          ],
          "prediction_variance": [
            0.00014926097355782986,
            0.0007406870136037469,
            0.0003264089464209974
          ]
        },
        {
          "iteration": 2,
          "seed": 42,
          "total_samples_seen": 666,
          "samples_added": 333,
          "mse_per_output": [
            0.00022413113315106531,
            0.0025335091271026762,
            3.340258841804639e-05
          ],
          "total_mse": 0.0027910428486717883,
          "window_size": 0.2,
          "center_point": [
            0.5238291621208191,
            0.5851409435272217,
            0.5015593767166138
          ],
          "pools_used": [
            0,
            1
          ],
          "avg_train_loss": 0.0006077065606950782,
          "epoch_losses": [
            0.0008358930409442456,
            0.0007563920281383963,
            0.0006586260361863035,
            0.0006439204679779886,
            0.0006843527607131927,
            0.0006570553246309005,
            0.0006487171354127072,
            0.0006280517707290571,
            0.0006220791269914203,
            0.000620619477038937,
            0.0006248027368980859,
            0.0005920570914722269,
            0.0005987097974866629,
            0.0006360998633594829,
            0.0006136642159184529,
            0.000749367910126845,
            0.0006167117847196225,
            0.0006831194942129688,
            0.0005870118121882635,
            0.0005840407393407077,
            0.0005978156682214744,
            0.0006447748954607439,
            0.0006494487086976213,
            0.0005655981852517774,
            0.0005788994991841415,
            0.0005930449627894198,
            0.0005917474419610309,
            0.0006159323578079542,
            0.0006579068084690897,
            0.0006741309923762899,
            0.0005696187075781857,
            0.0005865065433594975,
            0.0006151767017962854,
            0.000540121197922244,
            0.0005598551055992998,
            0.0005561301257416961,
            0.0005277735638498728,
            0.0005313906183887628,
            0.0005762177683036065,
            0.0005792113959268179,
            0.0005365302211083915,
            0.0005079150585169416,
            0.0005168077172822363,
            0.0005176833628432913,
            0.0005683978490110132,
            0.0005226978100836277,
            0.0005727624964146387,
            0.0006118340381709416,
            0.0006206136202395317,
            0.0005574919979110183
          ],
          "prediction_variance": [
            2.14941337617347e-06,
            6.721490353811532e-05,
            4.503193849814124e-06
          ]
        },
        {
          "iteration": 3,
          "seed": 42,
          "total_samples_seen": 761,
          "samples_added": 95,
          "mse_per_output": [
            3.5576084760223735e-05,
            0.0008949306501193766,
            8.473692287492282e-07
          ],
          "total_mse": 0.0009313541041083496,
          "window_size": 0.04000000000000001,
          "center_point": [
            0.51497483253479,
            0.5506619811058044,
            0.49426308274269104
          ],
          "pools_used": [
            1,
            2,
            3
          ],
          "avg_train_loss": 2.8062855729634366e-05,