{
  "pipeline_name": "sample_efficiency_600samples_4iters",
  "timestamp": "2025-11-07 17:24:39",
  "config": {
    "model_type": "NeuralNetModel",
    "model_params": "{'input_size': 6, 'output_size': 3, 'hidden_sizes': (64, 32), 'activation': 'tanh', 'learning_rate': 0.001, 'model_name': 'adaptive_batch_sampling_nn'}",
    "n_iterations": 4,
    "samples_per_iteration": 150,
    "n_epochs": 50,
    "batch_size": 16,
    "initial_window_size": 1.0,
    "shrink_rate": 0.3,
    "num_seeds": 1,
    "window_type": "output",
    "use_model_prediction": true,
    "num_pool_datasets": 4,
    "pool_samples_per_dataset": [
      4000,
      1000,
      2500,
      500
    ],
    "total_pool_samples": 8000,
    "test_samples": 1
  },
  "data_info": {},
  "training_info": {},
  "evaluation": {},
  "raw_results": {
    "all_seed_results": [
      [
        {
          "iteration": 0,
          "seed": 42,
          "total_samples_seen": 0,
          "samples_added": 0,
          "mse_per_output": [
            0.257221333135028,
            0.26081687519691193,
            0.2765801655851753
          ],
          "total_mse": 0.7946183739171152,
          "window_size": 1.0,
          "center_point": [
            0.5000038227775604,
            0.5003280052336098,
            0.500042579988823
          ],
          "pool_idx": null,
          "avg_train_loss": null,
          "prediction_variance": [
            NaN,
            NaN,
            NaN
          ]
        },
        {
          "iteration": 1,
          "seed": 42,
          "total_samples_seen": 150,
          "samples_added": 150,
          "mse_per_output": [
            0.0009743727531819736,
            0.018794525169149354,
            0.00019052562911080927
          ],
          "total_mse": 0.019959423551442135,
          "window_size": 1.0,
          "center_point": [
            0.5000038227775604,
            0.5003280052336098,
            0.500042579988823
          ],
          "pool_idx": 0,
          "avg_train_loss": 0.02377337161358446,
          "epoch_losses": [
            0.23035958856344224,
            0.05609087273478508,
            0.0502983495593071,
            0.040834541991353036,
            0.036056899279356,
            0.03328605573624373,
            0.02985945139080286,
            0.0279631108045578,
            0.025777308829128744,
            0.023655877262353898,
            0.02282100636512041,
            0.020344642736017705,
            0.019314257707446814,
            0.018567779939621686,
            0.01755080483853817,
            0.016185595840215682,
            0.016448306664824486,
            0.016324941348284484,
            0.016616993583738804,
            0.015493911597877741,
            0.016717942990362646,
            0.016745637729763986,
            0.015675180964171885,
            0.015606471989303827,
            0.01568936314433813,
            0.015643791295588017,
            0.015857397764921188,
            0.015469704754650593,
            0.016000713501125575,
            0.01548458281904459,
            0.015606561955064536,
            0.015116325765848159,
            0.015318670263513922,
            0.015705245174467565,
            0.01500193253159523,
            0.014774213079363108,
            0.014911531750112773,
            0.0146695869974792,
            0.014202054403722287,
            0.014584218710660934,
            0.01533692553639412,
            0.015072514209896326,
            0.015226961113512516,
            0.014227263024076819,
            0.014584343181923032,
            0.014083099272102117,
            0.013964080065488816,
            0.015337667241692544,
            0.014296111371368169,
            0.013908191304653882
          ],
          "prediction_variance": [
            0.0007388594676740468,
            9.593165304977447e-05,
            0.00013565723202191293
          ]
        },
        {
          "iteration": 2,
          "seed": 42,
          "total_samples_seen": 300,
          "samples_added": 150,
          "mse_per_output": [
            0.0011314984934518923,
            0.009856885065010522,
            7.172257925614553e-05
          ],
          "total_mse": 0.01106010613771856,
          "window_size": 0.3,
          "center_point": [
            0.5312187671661377,
            0.6374211311340332,
            0.513845682144165
          ],
          "pool_idx": 0,
          "avg_train_loss": 0.0026122927303658793,
          "epoch_losses": [
            0.0032068777596578,
            0.0028069139225408435,
            0.0028706633253023028,
            0.0027495669201016426,
            0.0026731097837910055,
            0.002650606806855649,
            0.002649416169151664,
            0.0027360157109797,
            0.002731255255639553,
            0.002639486570842564,
            0.0026896693743765354,
            0.0026610572822391987,
            0.002712805010378361,
            0.0028301594662480055,
            0.0025528197875246406,
            0.002802443993277848,
            0.002700536628253758,
            0.002579678769689053,
            0.0027066490263678135,
            0.003121544094756246,
            0.0025892792851664125,
            0.002720514498651028,
            0.0027029855991713703,
            0.002565315715037286,
            0.0025994606665335597,
            0.0023730317770969123,
            0.002453994285315275,
            0.0025011954247020187,
            0.0026131939492188396,
            0.002501667581964284,
            0.002542944101151079,
            0.0024707302451133727,
            0.002453707333188504,
            0.0024383743526414036,
            0.00236228050198406,
            0.0024768380681052804,
            0.002443508862052113,
            0.002465429808944464,
            0.002481095993425697,
            0.0025054794386960566,
            0.0025673405616544187,
            0.00227623829850927,
            0.002542010904289782,
            0.002489937318023294,
            0.002281493484042585,
            0.002524781692773104,
            0.002854171709623188,
            0.0031218363554216923,
            0.0022830835077911615,
            0.0023414395400322974
          ],
          "prediction_variance": [
            5.233089723333251e-06,
            0.00016915015294216573,
            9.088829756365158e-06
          ]
        },
        {
          "iteration": 3,
          "seed": 42,
          "total_samples_seen": 450,
          "samples_added": 150,
          "mse_per_output": [
            8.933424075212406e-05,
            0.002790931210969064,
            6.974889019000812e-07
          ],
          "total_mse": 0.0028809629406230876,
          "window_size": 0.09,
          "center_point": [
            0.5336415767669678,
            0.5996098518371582,
            0.49157366156578064
          ],
          "pool_idx": 2,
          "avg_train_loss": 5.4443430924948184e-05,