{
  "pipeline_name": "sample_efficiency_1500samples_6iters",
  "timestamp": "2025-11-07 18:28:18",
  "config": {
    "model_type": "NeuralNetModel",
    "model_params": "{'input_size': 6, 'output_size': 3, 'hidden_sizes': (64, 32), 'activation': 'tanh', 'learning_rate': 0.001, 'model_name': 'adaptive_batch_sampling_nn'}",
    "n_iterations": 6,
    "samples_per_iteration": 250,
    "n_epochs": 50,
    "batch_size": 16,
    "initial_window_size": 1.0,
    "shrink_rate": 0.3,
    "num_seeds": 1,
    "window_type": "output",
    "use_model_prediction": true,
    "num_pool_datasets": 7,
    "pool_samples_per_dataset": [
      4000,
      1000,
      2500,
      500,
      2000,
      1500,
      2000
    ],
    "total_pool_samples": 13500,
    "test_samples": 1
  },
  "data_info": {},
  "training_info": {},
  "evaluation": {},
  "raw_results": {
    "all_seed_results": [
      [
        {
          "iteration": 0,
          "seed": 42,
          "total_samples_seen": 0,
          "samples_added": 0,
          "mse_per_output": [
            0.28430912476192705,
            0.7239560968250442,
            0.11431889091388985
          ],
          "total_mse": 1.122584112500861,
          "window_size": 1.0,
          "center_point": [
            0.5000038227775604,
            0.5003280052336098,
            0.500042579988823
          ],
          "pool_idx": null,
          "avg_train_loss": null,
          "prediction_variance": [
            NaN,
            NaN,
            NaN
          ]
        },
        {
          "iteration": 1,
          "seed": 42,
          "total_samples_seen": 250,
          "samples_added": 250,
          "mse_per_output": [
            0.000557462482365345,
            0.008483731853616444,
            2.5152549488530292e-05
          ],
          "total_mse": 0.00906634688547032,
          "window_size": 1.0,
          "center_point": [
            0.5000038227775604,
            0.5003280052336098,
            0.500042579988823
          ],
          "pool_idx": 0,
          "avg_train_loss": 0.021942648687982,
          "epoch_losses": [
            0.28032470121979713,
            0.04913110798224807,
            0.044201413402333856,
            0.0350300163263455,
            0.030717385350726545,
            0.026416840264573693,
            0.022945089382119477,
            0.02076300501357764,
            0.01903999544447288,
            0.018236684845760465,
            0.017640080710407346,
            0.017032902280334383,
            0.016144997149240226,
            0.015728350961580873,
            0.01523794123204425,
            0.015277199679985642,
            0.01497606246266514,
            0.014941247121896595,
            0.0146507722674869,
            0.014652422512881458,
            0.015096404997166246,
            0.01547979359747842,
            0.01445920133846812,
            0.014362370478920639,
            0.014245691592805088,
            0.01411646616179496,
            0.014032343053258955,
            0.014204085746314377,
            0.013988494465593249,
            0.014612807193771005,
            0.014079613261856139,
            0.013810642703901976,
            0.01316438359208405,
            0.013638859963975847,
            0.013517089246306568,
            0.013225903094280511,
            0.012800764758139849,
            0.012640162836760283,
            0.013239358610007912,
            0.012506634229794145,
            0.012385510402964428,
            0.011836910765850917,
            0.012277315952815115,
            0.011789021489676088,
            0.011711595114320517,
            0.011550911411177367,
            0.011706068995408714,
            0.011305590625852346,
            0.011301810824079439,
            0.01095841228379868
          ],
          "prediction_variance": [
            0.0004971561720594764,
            0.0013698580441996455,
            6.392405339283869e-05
          ]
        },
        {
          "iteration": 2,
          "seed": 42,
          "total_samples_seen": 435,
          "samples_added": 185,
          "mse_per_output": [
            0.0002715537517189754,
            0.006378119561011075,
            2.9368721379573965e-06
          ],
          "total_mse": 0.006652610184868008,
          "window_size": 0.3,
          "center_point": [
            0.5236144661903381,
            0.5924351811408997,
            0.5050578117370605
          ],
          "pool_idx": 6,
          "avg_train_loss": 0.0017633406398817897,
          "epoch_losses": [
            0.0020384378537225225,
            0.00198391723097302,
            0.001970321163147067,
            0.0019542976224329323,
            0.0018944809271488339,
            0.0019290904165245593,
            0.0018650323618203402,
            0.0019012022433647264,
            0.0018753509405845155,
            0.0019096396766447772,
            0.001850263021575908,
            0.0018890176919133712,
            0.001912325785572951,
            0.0018530042434576899,
            0.0018677403568290174,
            0.001759011725274225,
            0.0017625286612504472,
            0.0021267982956487685,
            0.0018641438897854339,
            0.0017385741036074858,
            0.0017073454218916595,
            0.0018261882457106064,
            0.0017012359069970746,
            0.0016462798133337249,
            0.001770310802385211,
            0.001787025806455252,
            0.0017098131938837469,
            0.001719286447041668,
            0.0017612107718984287,
            0.0017082665872294456,
            0.0016699141803352784,
            0.0017355502544281383,
            0.001693759016537418,
            0.001536122668767348,
            0.0016353087848983705,
            0.0016409445573420574,
            0.001602045987965539,
            0.001737169814684118,
            0.0017006796357842784,
            0.001616607216419652,
            0.0015182589365091796,
            0.0015148689514414098,
            0.0017537328919085364,
            0.0021272318748136363,
            0.0020652789486727365,
            0.0015070650939984869,
            0.001421116340983038,
            0.0014641443655515711,
            0.0013888620111780863,
            0.0015562292537651956
          ],
          "prediction_variance": [
            1.648107536311727e-05,
            6.661545921815559e-05,
            6.197237325977767e-06
          ]
        }
      ]
    ]
  },
  "aggregated_results": [
    {
      "iteration": 0,
      "total_samples_seen": 0.0,
      "samples_added": 0.0,
      "training_samples": 0,
      "mean_total_mse": 1.122584112500861,
      "std_total_mse": 0.0,
      "mean_mse_per_output": [
        0.28430912476192705,
        0.7239560968250442,
        0.11431889091388985
      ],
      "std_mse_per_output": [
        0.0,
        0.0,
        0.0
      ],
      "mean_train_loss": null,
      "window_size": 1.0,
      "num_seeds": 1,
      "mean_prediction_variance_per_output": [
        NaN,
        NaN,
        NaN
      ],
      "std_prediction_variance_per_output": [
        NaN,
        NaN,
        NaN
      ]
    },
    {
      "iteration": 1,
      "total_samples_seen": 250.0,
      "samples_added": 250.0,
      "training_samples": 12500.0,
      "mean_total_mse": 0.00906634688547032,
      "std_total_mse": 0.0,
      "mean_mse_per_output": [
        0.000557462482365345,
        0.008483731853616444,
        2.5152549488530292e-05
      ],
      "std_mse_per_output": [
        0.0,
        0.0,
        0.0
      ],
      "mean_train_loss": 0.021942648687982,
      "window_size": 1.0,
      "num_seeds": 1,
      "mean_prediction_variance_per_output": [
        0.0004971561720594764,
        0.0013698580441996455,
        6.392405339283869e-05
      ],
      "std_prediction_variance_per_output": [
        0.0,
        0.0,
        0.0
      ]
    },
    {
      "iteration": 2,
      "total_samples_seen": 435.0,