{
  "pipeline_name": "sample_efficiency_3000samples_3iters",
  "timestamp": "2025-11-10 12:45:29",
  "config": {
    "model_type": "NeuralNetModel",
    "model_params": "{'input_size': 6, 'output_size': 1, 'hidden_sizes': (64, 32), 'activation': 'tanh', 'learning_rate': 0.001, 'model_name': 'adaptive_batch_sampling_nn'}",
    "n_iterations": 3,
    "samples_per_iteration": 1000,
    "n_epochs": 50,
    "batch_size": 16,
    "initial_window_size": 1.0,
    "shrink_rate": 0.1,
    "num_seeds": 1,
    "window_type": "output",
    "use_model_prediction": true,
    "num_pool_datasets": 25,
    "pool_samples_per_dataset": [
      4000,
      3000,
      1000,
      2500,
      2500,
      2500,
      500,
      2000,
      2500,
      2525,
      2550,
      2575,
      2000,
      2600,
      2550,
      2575,
      2600,
      2500,
      2525,
      1500,
      2700,
      2700,
      2000,
      2750,
      2750
    ],
    "total_pool_samples": 59900,
    "test_samples": 1
  },
  "data_info": {},
  "training_info": {},
  "evaluation": {},
  "raw_results": {
    "all_seed_results": [
      [
        {
          "iteration": 0,
          "seed": 42,
          "total_samples_seen": 0,
          "samples_added": 0,
          "mse_per_output": [
            0.235541319226257
          ],
          "total_mse": 0.235541319226257,
          "window_size": 1.0,
          "center_point": [
            0.5000038227775604
          ],
          "pools_used": [],
          "avg_train_loss": null,
          "prediction_variance": [
            NaN
          ]
        },
        {
          "iteration": 1,
          "seed": 42,
          "total_samples_seen": 1000,
          "samples_added": 1000,
          "mse_per_output": [
            5.892825492006235e-05
          ],
          "total_mse": 5.892825492006235e-05,
          "window_size": 1.0,
          "center_point": [
            0.5000038227775604
          ],
          "pools_used": [
            0
          ],
          "avg_train_loss": 0.0026834960202234918,
          "epoch_losses": [
            0.056938035147530694,
            0.0110552676931201,
            0.0031064400460482353,
            0.0025790740517781133,
            0.002539731799587903,
            0.002562479832069209,
            0.0025347998025753195,
            0.002454008746315681,
            0.0024911624930118994,
            0.002510748897856545,
            0.002373658748905337,
            0.0024223021760080305,
            0.002263797156971007,
            0.002678158329910643,
            0.0023514702528094253,
            0.0022060025967509736,
            0.0021059711543207483,
            0.002117681865846472,
            0.0019061454601349338,
            0.0018869182547657853,
            0.0018532418429718486,
            0.0016362389996795663,
            0.0014958249161108618,
            0.0013956795529728489,
            0.0014492835006898357,
            0.0012656342809177225,
            0.001260219551604389,
            0.0012867468735387932,
            0.0009302313934775099,
            0.0010384345502917848,
            0.0008349903024888287,
            0.0007085337175152428,
            0.0007977593133026468,
            0.00063132919211288,
            0.000609855927270098,
            0.0005036110237669495,
            0.00046976255197521475,
            0.0005604851656475119,
            0.00042363530970067673,
            0.0004312799902104344,
            0.00044355193861678893,
            0.00034863858286010487,
            0.00038729324365877326,
            0.00035754812808359957,
            0.00034087477806245996,
            0.00040862795070833747,
            0.0002956882769164319,
            0.00029069481492375156,
            0.0003130377144626682,
            0.0003222131203189732
          ],
          "prediction_variance": [
            0.00024246117391157895
          ]
        },
        {
          "iteration": 2,
          "seed": 42,
          "total_samples_seen": 2000,
          "samples_added": 1000,
          "mse_per_output": [
            3.0913582868745465e-06
          ],
          "total_mse": 3.0913582868745465e-06,
          "window_size": 0.1,
          "center_point": [
            0.5076802968978882
          ],
          "pools_used": [
            0,
            1
          ],
          "avg_train_loss": 1.2901559635623466e-05,
          "epoch_losses": [
            5.913147129282902e-05,
            2.1913581356726816e-05,
            1.3532667426694561e-05,
            1.0795530320210096e-05,
            9.794737497796878e-06,
            9.882409567725271e-06,
            1.1844448397910345e-05,
            1.0263958608722158e-05,
            7.66781266657557e-06,
            8.42272151391034e-06,
            1.39542184555582e-05,
            7.3158650109920895e-06,
            8.19981629060099e-06,
            9.410938132315919e-06,
            7.30582407038402e-06,
            1.1726407116102997e-05,
            9.364680917791529e-06,
            8.512345633760791e-06,
            7.5392528213934195e-06,
            8.456532076894608e-06,
            8.77655823961461e-06,
            1.4858602905102694e-05,
            1.5313003377597187e-05,
            1.1444968098629264e-05,
            7.99988746772821e-06,
            8.917240393202519e-06,
            1.4940391706442738e-05,
            1.1255496436509324e-05,
            1.3293435103374606e-05,
            8.159635335290197e-06,
            1.1384825776466251e-05,
            1.393398134308564e-05,
            1.321091724729206e-05,
            1.5825721148425984e-05,
            9.46552736675383e-06,
            1.0649835732894846e-05,
            1.4455583114102497e-05,
            1.1402138693844631e-05,
            1.0652513543347941e-05,
            1.2431302741514093e-05,
            1.102559459768022e-05,
            1.865706397597572e-05,
            1.4855502511651023e-05,
            1.4796776821322776e-05,
            1.1364468845284944e-05,
            1.42611305158252e-05,
            1.876541627899271e-05,
            2.3257228851059428e-05,
            1.2425460903657603e-05,
            1.2262553533608817e-05
          ],
          "prediction_variance": [
            5.297602001519408e-06
          ]
        },
        {
          "iteration": 3,
          "seed": 42,
          "total_samples_seen": 3000,
          "samples_added": 1000,
          "mse_per_output": [
            6.74834306005376e-06
          ],
          "total_mse": 6.74834306005376e-06,
          "window_size": 0.010000000000000002,
          "center_point": [
            0.49824559688568115
          ],
          "pools_used": [
            0,
            1,
            2,
            3,
            4,
            5
          ],
          "avg_train_loss": 4.599655881810643e-06,