{
  "pipeline_name": "sample_efficiency_2000samples_1iters",
  "timestamp": "2025-11-09 19:41:51",
  "config": {
    "model_type": "NeuralNetModel",
    "model_params": "{'input_size': 6, 'output_size': 3, 'hidden_sizes': (64, 32), 'activation': 'tanh', 'learning_rate': 0.001, 'model_name': 'adaptive_batch_sampling_nn'}",
    "n_iterations": 1,
    "samples_per_iteration": 2000,
    "n_epochs": 50,
    "batch_size": 8,
    "initial_window_size": 1.0,
    "shrink_rate": 0.3,
    "num_seeds": 5,
    "window_type": "output",
    "use_model_prediction": true,
    "num_pool_datasets": 17,
    "pool_samples_per_dataset": [
      4000,
      3000,
      1000,
      2500,
      2500,
      2500,
      500,
      2000,
      2000,
      2600,
      2600,
      1500,
      2700,
      2700,
      2000,
      2750,
      2750
    ],
    "total_pool_samples": 39600,
    "test_samples": 1
  },
  "data_info": {},
  "training_info": {},
  "evaluation": {},
  "raw_results": {
    "all_seed_results": [
      [
        {
          "iteration": 0,
          "seed": 42,
          "total_samples_seen": 0,
          "samples_added": 0,
          "mse_per_output": [
            0.27960040801629,
            0.41556422556632155,
            0.02990945250940496
          ],
          "total_mse": 0.7250740860920165,
          "window_size": 1.0,
          "center_point": [
            0.5000038227775604,
            0.5003280052336098,
            0.500042579988823
          ],
          "pools_used": [],
          "avg_train_loss": null,
          "prediction_variance": [
            NaN,
            NaN,
            NaN
          ]
        },
        {
          "iteration": 1,
          "seed": 42,
          "total_samples_seen": 2000,
          "samples_added": 2000,
          "mse_per_output": [
            9.953024320196831e-05,
            0.0003539396219327113,
            6.249503404754587e-06
          ],
          "total_mse": 0.00045971936853943414,
          "window_size": 1.0,
          "center_point": [
            0.5000038227775604,
            0.5003280052336098,
            0.500042579988823
          ],
          "pools_used": [
            0
          ],
          "avg_train_loss": 0.0032906433986124466,
          "epoch_losses": [
            0.03770247163809836,
            0.016451302152127027,
            0.01510825092997402,
            0.013436868973076343,
            0.01110676330095157,
            0.009564675933215767,
            0.008314555652439595,
            0.007648939612787217,
            0.006692322848364711,
            0.00506048336578533,
            0.003699456279631704,
            0.002938532018335536,
            0.0020830938447616064,
            0.001806717639992712,
            0.0015429656693595462,
            0.0014239596179686487,
            0.0013301749110687525,
            0.0012566716743749567,
            0.0011150021141511388,
            0.001199108659522608,
            0.0010467427796684206,
            0.0009604599422018509,
            0.0008705595307983458,
            0.0008920113316562493,
            0.0008684961814142298,
            0.0008166129544260912,
            0.0007497113807476126,
            0.0006961159334459807,
            0.0006443890988884959,
            0.0006188571087550372,
            0.0005489551024220418,
            0.0005225201844004915,
            0.0005649856209929567,
            0.00044568312261253595,
            0.00043360369847505353,
            0.00046203651066025484,
            0.00028509868946275676,
            0.0003971649826853536,
            0.0003227842084961594,
            0.000263775484636426,
            0.0003298579405163764,
            0.0002284053066105116,
            0.0002892461947994889,
            0.00029665050556650384,
            0.00025325527670793237,
            0.0002615179069107398,
            0.0002474729773311992,
            0.0002415761407391983,
            0.0001993878322537057,
            0.00029191916635318196
          ],
          "prediction_variance": [
            4.981182428309694e-05,
            0.0002292280551046133,
            1.2298301044211257e-05
          ]
        }
      ],
      [
        {
          "iteration": 0,
          "seed": 43,
          "total_samples_seen": 0,
          "samples_added": 0,
          "mse_per_output": [
            0.35335268525232455,
            0.32700501214400945,
            0.07616238775569156
          ],
          "total_mse": 0.7565200851520255,
          "window_size": 1.0,
          "center_point": [
            0.5000038227775604,
            0.5003280052336098,
            0.500042579988823
          ],
          "pools_used": [],
          "avg_train_loss": null,
          "prediction_variance": [
            NaN,
            NaN,
            NaN
          ]
        },
        {
          "iteration": 1,
          "seed": 43,
          "total_samples_seen": 2000,
          "samples_added": 2000,
          "mse_per_output": [
            2.6276404780923517e-06,
            2.1574555617775452e-05,
            1.2674866697912268e-05
          ],
          "total_mse": 3.687706279378007e-05,
          "window_size": 1.0,
          "center_point": [
            0.5000038227775604,
            0.5003280052336098,
            0.500042579988823
          ],
          "pools_used": [
            0
          ],
          "avg_train_loss": 0.0029207050015489216,
          "epoch_losses": [
            0.03273244155757129,
            0.01608977404423058,
            0.01467185790091753,
            0.012513251201249659,
            0.010405712082982063,
            0.008756598099134863,
            0.007074172131251544,
            0.0055970528698526326,
            0.0038440970033407212,
            0.003351376075996086,
            0.0026444165612338113,
            0.0019670564292464405,
            0.0017703830474056304,
            0.0016296391251380555,
            0.0016168633562629112,
            0.0013064762183930725,
            0.001270494042430073,
            0.00117957939079497,
            0.0012318615166004747,
            0.0010874234822695144,
            0.0010827812229981645,
            0.0010269690538407302,
            0.0010433985447743908,
            0.0008838681596680544,
            0.0008411853280849755,
            0.0007063657550897915,
            0.000744104428042192,
            0.0006705164966697339,
            0.0007060912708402611,
            0.0006060638095077593,
            0.0005796109938819427,
            0.0004576951823255513,
            0.0004997055155108683,
            0.0005023572033969686,
            0.0004361928548605647,
            0.0004301740115915891,
            0.0003449423839047085,
            0.0003614394322939916,
            0.0003500807210075436,
            0.00031677683154703116,
            0.0002646919621256529,
            0.00031198969556135123,
            0.00025607979303458704,
            0.00025812624594254884,
            0.00036767058257828467,
            0.00031021092996525113,
            0.00022478290654544253,
            0.000297024675332068,
            0.00019870493895723484,
            0.00021512301126495003
          ],
          "prediction_variance": [
            0.00013108145503792912,
            0.001454116776585579,
            4.5763708840240724e-06
          ]
        }
      ],
      [
        {
          "iteration": 0,
          "seed": 44,
          "total_samples_seen": 0,
          "samples_added": 0,
          "mse_per_output": [
            0.3998290282216203,
            0.2863007452423738,
            0.0889694253410945
          ],
          "total_mse": 0.7750991988050887,
          "window_size": 1.0,
          "center_point": [
            0.5000038227775604,
            0.5003280052336098,
            0.500042579988823
          ],
          "pools_used": [],
          "avg_train_loss": null,