{
  "pipeline_name": "sample_efficiency_500per_iter_shrink1",
  "timestamp": "2025-11-29 10:40:37",
  "config": {
    "model_type": "NeuralNetModel",
    "model_params": "{'input_size': 6, 'output_size': 3, 'hidden_sizes': (64, 32), 'activation': 'tanh', 'learning_rate': 0.001, 'model_name': 'adaptive_batch_sampling_nn', 'seed': 42}",
    "n_iterations": 4,
    "samples_per_iteration": 500,
    "n_epochs": 50,
    "batch_size": 16,
    "initial_window_size": 1.0,
    "shrink_rate": 1,
    "num_seeds": 1,
    "window_type": "output",
    "use_model_prediction": true,
    "remove_first_pool_each_iteration": false,
    "num_pool_datasets": 30,
    "pool_samples_per_dataset": [
      2000,
      2520,
      2520,
      1506,
      2520,
      2520,
      3000,
      1000,
      2500,
      2500,
      2500,
      500,
      2000,
      2500,
      2525,
      2550,
      2575,
      2000,
      2600,
      2550,
      2575,
      2600,
      2500,
      2525,
      1500,
      2700,
      2700,
      2000,
      2750,
      2750
    ],
    "total_pool_samples": 69486,
    "test_samples": 1
  },
  "data_info": {},
  "training_info": {},
  "evaluation": {},
  "raw_results": {
    "all_seed_results": [
      [
        {
          "iteration": 0,
          "seed": 42,
          "total_samples_seen": 0,
          "samples_added": 0,
          "mse_per_output": [
            0.5993477555736278,
            0.2971975857947789,
            0.34931573176184927
          ],
          "total_mse": 1.2458610731302562,
          "window_size": 1.0,
          "center_point": [
            0.5000038227775604,
            0.5003280052336098,
            0.500042579988823
          ],
          "pools_used": [],
          "avg_train_loss": null,
          "prediction_variance": [
            NaN,
            NaN,
            NaN
          ]
        },
        {
          "iteration": 1,
          "seed": 42,
          "total_samples_seen": 500,
          "samples_added": 500,
          "mse_per_output": [
            0.0003853816303867478,
            9.541980866620328e-05,
            0.000180153017146773
          ],
          "total_mse": 0.0006609544561997241,
          "window_size": 1.0,
          "center_point": [
            0.5000038227775604,
            0.5003280052336098,
            0.500042579988823
          ],
          "pools_used": [
            0
          ],
          "avg_train_loss": 0.015709781469631708,
          "epoch_losses": [
            0.1807900395942852,
            0.03528441855451092,
            0.026494647609069943,
            0.023149356711655855,
            0.02060984479612671,
            0.01915298728272319,
            0.017652613576501608,
            0.017001747619360685,
            0.016244558879407123,
            0.01585638646793086,
            0.015405754267703742,
            0.015468510595383123,
            0.015119266856345348,
            0.014434009819524363,
            0.014607259799959138,
            0.014805734797846526,
            0.01463710839743726,
            0.014106628033914603,
            0.013958678100607358,
            0.013765442825388163,
            0.013309486617799848,
            0.013073348920443095,
            0.01264551340136677,
            0.01216546400974039,
            0.01167951502429787,
            0.011391926906071603,
            0.011098772723926231,
            0.011300351761747152,
            0.010050567165308166,
            0.009792930097319186,
            0.009565872416715138,
            0.009257239289581776,
            0.008942580068833195,
            0.008832757142954506,
            0.008748961525270715,
            0.008849981328239664,
            0.007771105119900312,
            0.007993112783879042,
            0.007698688816162758,
            0.007759385960525833,
            0.0074960514466511086,
            0.007022834455710836,
            0.006776006761356257,
            0.0069316455264925025,
            0.006560356538102496,
            0.0061975477074156515,
            0.006249885147553869,
            0.006140627054264769,
            0.0061083201071596704,
            0.005533243071113247
          ],
          "prediction_variance": [
            0.0003010598593391478,
            0.0025906141381710768,
            6.517696601804346e-05
          ],
          "test_predictions_scaled": [
            [
              0.5196349620819092,
              0.5100963115692139,
              0.5134646892547607
            ]
          ],
          "test_true_scaled": [
            [
              0.5000038227775604,
              0.5003280052336098,
              0.500042579988823
            ]
          ]
        },
        {
          "iteration": 2,
          "seed": 42,
          "total_samples_seen": 1000,
          "samples_added": 500,
          "mse_per_output": [
            0.00037673676654773416,
            0.0012343404865137807,
            7.938664673488464e-05
          ],
          "total_mse": 0.0016904638997963994,
          "window_size": 1.0,
          "center_point": [
            0.5196349620819092,
            0.5100963115692139,
            0.5134646892547607
          ],
          "pools_used": [
            0
          ],
          "avg_train_loss": 0.0021903405007424226,
          "epoch_losses": [
            0.005148092050148989,
            0.005593539201072417,
            0.005227339774137363,
            0.004264651295670774,
            0.004430906839843374,
            0.0038223867559281643,
            0.004043708533572499,
            0.0033460389968240634,
            0.002973234652017709,
            0.0027879859298991505,
            0.00278837037330959,
            0.0034095667615474667,
            0.0024246420016424963,
            0.002431740153042483,
            0.002236669242847711,
            0.0024522987514501438,
            0.0028822599815612193,
            0.0021493195126822684,
            0.002060653358057607,
            0.0018149186598748202,
            0.0022525168824358843,
            0.0017121035016316455,
            0.0017329664351564134,
            0.0018298281684110407,
            0.0016215426221606322,
            0.0018118364114343422,
            0.001721058748444193,
            0.0018651433601917233,
            0.0016165274300874444,
            0.0018604403257995727,
            0.0014845242719729868,
            0.0016723057760827942,
            0.0013163383082428481,
            0.0012017766721328371,
            0.0012015342599625,
            0.0013077491021249443,
            0.0013732210190937622,
            0.0012519343381427461,
            0.001338840190328483,
            0.0012743236420647008,
            0.0013643408838106552,
            0.0016993275276036002,
            0.001365865527986898,
            0.0010551227869655122,
            0.001009887902000628,
            0.000994829674709763,
            0.001102413545595482,
            0.0011116947562186397,
            0.0010266983899782645,
            0.0010520097512198845
          ],
          "prediction_variance": [
            2.5958015612559393e-05,
            0.0011404174147173762,
            2.4478131308569573e-05
          ],
          "test_predictions_scaled": [
            [
              0.5194135308265686,
              0.5354611873626709,
              0.5089524984359741
            ]
          ],
          "test_true_scaled": [
            [
              0.5000038227775604,
              0.5003280052336098,
              0.500042579988823
            ]
          ]
        },
        {
          "iteration": 3,
          "seed": 42,
          "total_samples_seen": 1500,
          "samples_added": 500,
          "mse_per_output": [
            0.00037549296104067445,
            5.471732665562845e-05,
            4.578613150418246e-06
          ],
          "total_mse": 0.00043478890084672114,
          "window_size": 1.0,