{
  "pipeline_name": "sample_efficiency_3000samples_5iters",
  "timestamp": "2025-11-07 18:37:18",
  "config": {
    "model_type": "NeuralNetModel",
    "model_params": "{'input_size': 6, 'output_size': 3, 'hidden_sizes': (64, 32), 'activation': 'tanh', 'learning_rate': 0.001, 'model_name': 'adaptive_batch_sampling_nn'}",
    "n_iterations": 5,
    "samples_per_iteration": 600,
    "n_epochs": 50,
    "batch_size": 16,
    "initial_window_size": 1.0,
    "shrink_rate": 0.1,
    "num_seeds": 1,
    "window_type": "output",
    "use_model_prediction": true,
    "num_pool_datasets": 7,
    "pool_samples_per_dataset": [
      4000,
      1000,
      2500,
      500,
      2000,
      1500,
      2000
    ],
    "total_pool_samples": 13500,
    "test_samples": 1
  },
  "data_info": {},
  "training_info": {},
  "evaluation": {},
  "raw_results": {
    "all_seed_results": [
      [
        {
          "iteration": 0,
          "seed": 42,
          "total_samples_seen": 0,
          "samples_added": 0,
          "mse_per_output": [
            0.5128658835151118,
            0.17136099055968204,
            0.5234638588335497
          ],
          "total_mse": 1.2076907329083435,
          "window_size": 1.0,
          "center_point": [
            0.5000038227775604,
            0.5003280052336098,
            0.500042579988823
          ],
          "pool_idx": null,
          "avg_train_loss": null,
          "prediction_variance": [
            NaN,
            NaN,
            NaN
          ]
        },
        {
          "iteration": 1,
          "seed": 42,
          "total_samples_seen": 600,
          "samples_added": 600,
          "mse_per_output": [
            0.00038916328751086623,
            2.226633529691881e-05,
            5.779514394523181e-05
          ],
          "total_mse": 0.00046922476675301684,
          "window_size": 1.0,
          "center_point": [
            0.5000038227775604,
            0.5003280052336098,
            0.500042579988823
          ],
          "pool_idx": 0,
          "avg_train_loss": 0.014099840668373203,
          "epoch_losses": [
            0.1424462719281253,
            0.03151553820230459,
            0.023496989601928937,
            0.019867125457446826,
            0.017577755313954856,
            0.016372031262634618,
            0.015916854853888874,
            0.015802233774018914,
            0.015532102558369698,
            0.015291614654032807,
            0.015012104652429881,
            0.01484093486674522,
            0.014689952233120016,
            0.014486236375217376,
            0.014449555328802058,
            0.01409369632356653,
            0.013936652642625728,
            0.01334079921147541,
            0.01352236071895612,
            0.013034819698843517,
            0.012495927157272635,
            0.012669290317908713,
            0.01145144754187449,
            0.011072525533994562,
            0.010902719608949204,
            0.010602044897448076,
            0.010311025390891652,
            0.010008666051649734,
            0.01031732345980249,
            0.008919550534827929,
            0.009524898321710919,
            0.00936235896752853,
            0.008672535309175911,
            0.008811718049018006,
            0.009218101616409657,
            0.008111023944557497,
            0.00810365869026435,
            0.007419711616086333,
            0.007833772148986003,
            0.007624474611427439,
            0.007202508951243209,
            0.0070672503084336456,
            0.006681699140340482,
            0.006030503936160944,
            0.00550789517154427,
            0.005941696624320589,
            0.004886242524279575,
            0.004817122709937394,
            0.004231401743661416,
            0.003967308880467164
          ],
          "prediction_variance": [
            1.60970666911453e-05,
            0.0026943725533783436,
            6.654259777860716e-05
          ]
        },
        {
          "iteration": 2,
          "seed": 42,
          "total_samples_seen": 1200,
          "samples_added": 600,
          "mse_per_output": [
            7.50244609412074e-07,
            3.730602573826119e-05,
            1.8236301955722222e-08
          ],
          "total_mse": 3.807450664962899e-05,
          "window_size": 0.1,
          "center_point": [
            0.5197310447692871,
            0.4956092834472656,
            0.5076448917388916
          ],
          "pool_idx": 2,
          "avg_train_loss": 3.04442279598573e-05,
          "epoch_losses": [
            9.887030299930637e-05,
            4.225670210488668e-05,
            3.8260280043208406e-05,
            3.686518400507722e-05,
            3.453447286454704e-05,
            3.313375653210402e-05,
            3.3410173680175304e-05,
            3.188976178965899e-05,
            3.8723389719196254e-05,
            3.0354273660218734e-05,
            3.002280391228851e-05,
            3.3818512364584754e-05,
            4.2950181810546816e-05,
            2.8781849108016007e-05,
            3.100774115170536e-05,
            3.0644961952930316e-05,
            2.882018653556435e-05,
            3.102568739689703e-05,
            2.7993745621451555e-05,
            2.8074274699687713e-05,
            2.7981354306623535e-05,
            2.853977050682787e-05,
            2.7538404777404042e-05,
            3.173303981671588e-05,
            2.6156879046443226e-05,
            2.6116347678333496e-05,
            2.4687930195604597e-05,
            2.629324913677441e-05,
            2.7153234321686843e-05,
            2.3211682386509463e-05,
            3.10041505144909e-05,
            2.788359592829549e-05,
            2.619727494771053e-05,
            2.336783913242949e-05,
            2.9252571733339112e-05,
            3.3478119109388084e-05,
            2.618974732333874e-05,
            2.4029984400074584e-05,
            3.658109038664598e-05,
            2.526593729463026e-05,
            2.648266636721306e-05,
            2.197300471762949e-05,
            2.1562564262766453e-05,
            1.8803929785798046e-05,
            2.3289145701710368e-05,
            2.4686747852492292e-05,
            2.4257831347839736e-05,
            2.376334309940974e-05,
            2.788745661363416e-05,
            2.540426334905389e-05
          ],
          "prediction_variance": [
            1.3528376712201862e-06,
            1.452355081710266e-05,
            1.4563357808583532e-07
          ]
        },
        {
          "iteration": 3,
          "seed": 42,
          "total_samples_seen": 1363,
          "samples_added": 163,
          "mse_per_output": [
            1.7487816558110267e-10,
            2.575894180722146e-07,
            4.597899544672554e-09
          ],
          "total_mse": 2.623621957824683e-07,
          "window_size": 0.010000000000000002,
          "center_point": [
            0.5008699893951416,
            0.5064358711242676,
            0.5001776218414307
          ],
          "pool_idx": 6,
          "avg_train_loss": 1.4833255159435957e-07,