{
  "pipeline_name": "sample_efficiency_200samples_4iters",
  "timestamp": "2025-11-07 17:23:28",
  "config": {
    "model_type": "NeuralNetModel",
    "model_params": "{'input_size': 6, 'output_size': 3, 'hidden_sizes': (64, 32), 'activation': 'tanh', 'learning_rate': 0.001, 'model_name': 'adaptive_batch_sampling_nn'}",
    "n_iterations": 4,
    "samples_per_iteration": 50,
    "n_epochs": 50,
    "batch_size": 16,
    "initial_window_size": 1.0,
    "shrink_rate": 0.3,
    "num_seeds": 1,
    "window_type": "output",
    "use_model_prediction": true,
    "num_pool_datasets": 4,
    "pool_samples_per_dataset": [
      4000,
      1000,
      2500,
      500
    ],
    "total_pool_samples": 8000,
    "test_samples": 1
  },
  "data_info": {},
  "training_info": {},
  "evaluation": {},
  "raw_results": {
    "all_seed_results": [
      [
        {
          "iteration": 0,
          "seed": 42,
          "total_samples_seen": 0,
          "samples_added": 0,
          "mse_per_output": [
            0.5215901655203271,
            0.08932997399066565,
            0.27697901467964836
          ],
          "total_mse": 0.8878991541906411,
          "window_size": 1.0,
          "center_point": [
            0.5000038227775604,
            0.5003280052336098,
            0.500042579988823
          ],
          "pool_idx": null,
          "avg_train_loss": null,
          "prediction_variance": [
            NaN,
            NaN,
            NaN
          ]
        },
        {
          "iteration": 1,
          "seed": 42,
          "total_samples_seen": 50,
          "samples_added": 50,
          "mse_per_output": [
            0.004421948766704917,
            0.04947616103922666,
            0.00475143633577041
          ],
          "total_mse": 0.05864954614170199,
          "window_size": 1.0,
          "center_point": [
            0.5000038227775604,
            0.5003280052336098,
            0.500042579988823
          ],
          "pool_idx": 0,
          "avg_train_loss": 0.041880198798608034,
          "epoch_losses": [
            0.4494955688714981,
            0.23956179432570934,
            0.1521088443696499,
            0.08469572477042675,
            0.04464219603687525,
            0.04387747868895531,
            0.05015950230881572,
            0.050580648705363274,
            0.0451064920052886,
            0.039758105762302876,
            0.03803557902574539,
            0.036560908891260624,
            0.03533743042498827,
            0.03171669039875269,
            0.033692614175379276,
            0.02769060991704464,
            0.03246512031182647,
            0.02638729242607951,
            0.025437962729483843,
            0.029292414896190166,
            0.028103597927838564,
            0.024003933183848858,
            0.024307784158736467,
            0.026464715600013733,
            0.020212445873767138,
            0.02164162416011095,
            0.02182177547365427,
            0.022181931883096695,
            0.020470268093049526,
            0.021895964164286852,
            0.020448009483516216,
            0.018186898436397314,
            0.01894304039888084,
            0.019876438658684492,
            0.021501464303582907,
            0.018544668797403574,
            0.017665578750893474,
            0.021480276715010405,
            0.016544772312045097,
            0.01771502010524273,
            0.015998574439436197,
            0.014700075145810843,
            0.016792951617389917,
            0.017162522301077843,
            0.01543787564150989,
            0.014961820561438799,
            0.016178728314116597,
            0.015515462728217244,
            0.014694665325805545,
            0.013954076333902776
          ],
          "prediction_variance": [
            0.000974679016508162,
            0.0008656664867885411,
            0.0010154685005545616
          ]
        },
        {
          "iteration": 2,
          "seed": 42,
          "total_samples_seen": 100,
          "samples_added": 50,
          "mse_per_output": [
            0.0017614314131345374,
            0.05015417547485571,
            0.0003926982208130308
          ],
          "total_mse": 0.05230830510880328,
          "window_size": 0.3,
          "center_point": [
            0.5665015578269958,
            0.7227603793144226,
            0.5689732432365417
          ],
          "pool_idx": 0,
          "avg_train_loss": 0.005670565805630758,
          "epoch_losses": [
            0.006408441113308072,
            0.005495598947163671,
            0.007072799024172127,
            0.005132957827299833,
            0.008647192036733031,
            0.005528700829017907,
            0.008075709105469286,
            0.006946722976863384,
            0.005852615809999406,
            0.004545494608464651,
            0.00549502857029438,
            0.005538409692235291,
            0.006030545919202268,
            0.006945581175386906,
            0.0053460345370694995,
            0.005478345090523362,
            0.0071674801874905825,
            0.005184853449463844,
            0.006111562717705965,
            0.005547058768570423,
            0.005728023708797991,
            0.006291878060437739,
            0.006397611112333834,
            0.006307769566774368,
            0.004508629514020868,
            0.004992251342628151,
            0.005741876782849431,
            0.004698194214142859,
            0.005455401027575135,
            0.005747182876802981,
            0.004646144574508071,
            0.004808506229892373,
            0.005323758348822594,
            0.0052508218213915825,
            0.0065046881209127605,
            0.004212277228361927,
            0.0059173936024308205,
            0.004973560280632228,
            0.004871553275734186,
            0.0055770669132471085,
            0.005018849857151508,
            0.005215217592194676,
            0.006111685768701136,
            0.005476478138007224,
            0.0066221600864082575,
            0.005823612096719444,
            0.004812723840586841,
            0.004060188788571395,
            0.004999806871637702,
            0.0048818462528288364
          ],
          "prediction_variance": [
            4.0721544792177156e-05,
            0.00011672101391013712,
            4.5103977754479274e-05
          ]
        },
        {
          "iteration": 3,
          "seed": 42,
          "total_samples_seen": 111,
          "samples_added": 11,
          "mse_per_output": [
            0.0016074053633990677,
            0.049275267996759645,
            0.0002151352251716446
          ],
          "total_mse": 0.051097808585330355,
          "window_size": 0.09,
          "center_point": [
            0.5419732332229614,
            0.7242792844772339,
            0.5198591947555542
          ],
          "pool_idx": 3,
          "avg_train_loss": 0.000495853703469038,