{
  "pipeline_name": "sample_efficiency_700per_iter_shrink0.15",
  "timestamp": "2025-11-12 11:03:27",
  "config": {
    "model_type": "NeuralNetModel",
    "model_params": "{'input_size': 6, 'output_size': 1, 'hidden_sizes': (64, 32), 'activation': 'tanh', 'learning_rate': 0.001, 'model_name': 'adaptive_batch_sampling_nn'}",
    "n_iterations": 5,
    "samples_per_iteration": 700,
    "n_epochs": 50,
    "batch_size": 16,
    "initial_window_size": 1.0,
    "shrink_rate": 0.15,
    "num_seeds": 1,
    "window_type": "output",
    "use_model_prediction": true,
    "num_pool_datasets": 25,
    "pool_samples_per_dataset": [
      4000,
      3000,
      1000,
      2500,
      2500,
      2500,
      500,
      2000,
      2500,
      2525,
      2550,
      2575,
      2000,
      2600,
      2550,
      2575,
      2600,
      2500,
      2525,
      1500,
      2700,
      2700,
      2000,
      2750,
      2750
    ],
    "total_pool_samples": 59900,
    "test_samples": 1
  },
  "data_info": {},
  "training_info": {},
  "evaluation": {},
  "raw_results": {
    "all_seed_results": [
      [
        {
          "iteration": 0,
          "seed": 42,
          "total_samples_seen": 0,
          "samples_added": 0,
          "mse_per_output": [
            0.1922010151760366
          ],
          "total_mse": 0.1922010151760366,
          "window_size": 1.0,
          "center_point": [
            0.5000038227775604
          ],
          "pools_used": [],
          "avg_train_loss": null,
          "prediction_variance": [
            NaN
          ]
        },
        {
          "iteration": 1,
          "seed": 42,
          "total_samples_seen": 700,
          "samples_added": 700,
          "mse_per_output": [
            0.0010208627293390444
          ],
          "total_mse": 0.0010208627293390444,
          "window_size": 1.0,
          "center_point": [
            0.5000038227775604
          ],
          "pools_used": [
            0
          ],
          "avg_train_loss": 0.0035363907700097607,
          "epoch_losses": [
            0.06237884763289581,
            0.015146213752979582,
            0.005095689673908055,
            0.0027441349997058173,
            0.00257926678750664,
            0.002472367719747126,
            0.0024947803758550435,
            0.0025273887943264776,
            0.002462279144145379,
            0.002722918937003917,
            0.0025850432125893844,
            0.002441027412053452,
            0.0025664796359540724,
            0.0024239067821657623,
            0.0025392640792150896,
            0.002565076738722961,
            0.002249330478000709,
            0.002264598827671514,
            0.002153107729761607,
            0.002426230745517056,
            0.002774698602892882,
            0.00240506021972661,
            0.0022454575466161423,
            0.0021126375650055707,
            0.002201373330370354,
            0.0020038239798106424,
            0.0022422753761268473,
            0.0020246558613673023,
            0.0020715057087892837,
            0.0019119911647232418,
            0.0018947689333634282,
            0.0018703691100447693,
            0.0019450933918547394,
            0.002004621019957333,
            0.0017954861276931215,
            0.0017153275204526092,
            0.001576965800433589,
            0.0016315325668653134,
            0.0016246481814464046,
            0.0015414096110775558,
            0.0016130796350559897,
            0.001552794831778473,
            0.0012869979122611271,
            0.0011810052198019218,
            0.0012465351656746034,
            0.0010332517882819627,
            0.0011212546517278745,
            0.0010525545856746082,
            0.001291947475692723,
            0.0010084621561955746
          ],
          "prediction_variance": [
            0.00013381693861447275
          ]
        },
        {
          "iteration": 2,
          "seed": 42,
          "total_samples_seen": 1400,
          "samples_added": 700,
          "mse_per_output": [
            3.141992714574025e-05
          ],
          "total_mse": 3.141992714574025e-05,
          "window_size": 0.15,
          "center_point": [
            0.5319547653198242
          ],
          "pools_used": [
            0,
            1
          ],
          "avg_train_loss": 0.00010183537714180024,
          "epoch_losses": [
            0.0005288309201370629,
            0.0002848224063530903,
            0.00025321455409125934,
            0.0002542780870995061,
            0.00022027752658521587,
            0.00017829216383027168,
            0.0001840453164318619,
            0.0001794950206782563,
            0.00018531747826438567,
            0.00017095071466015227,
            0.00015074266990599096,
            0.000145129637034684,
            0.00013118771725699347,
            0.00012659044370428256,
            0.00012365466475537025,
            0.00012740190215316198,
            0.0001005391665206513,
            0.00010115236256586451,
            9.796493056703845e-05,
            8.65079919094569e-05,
            0.00012852679298124383,
            8.40417672985826e-05,
            7.325037950067781e-05,
            9.495264161655955e-05,
            7.181846202994083e-05,
            5.822459620090244e-05,
            6.706910173968275e-05,
            5.9156167894384865e-05,
            4.7867728509035345e-05,
            6.32163746145538e-05,
            3.964417417343859e-05,
            5.106030258420188e-05,
            5.096084503913351e-05,
            5.1866981204346466e-05,
            4.5654843564658556e-05,
            4.98005071511381e-05,
            3.564257380358785e-05,
            3.834162035590535e-05,
            2.7627282106963818e-05,
            2.516511656060836e-05,
            3.787656700379475e-05,
            3.874783388627375e-05,
            2.265430192561656e-05,
            4.056677605810612e-05,
            3.879554147219592e-05,
            2.486082607075249e-05,
            2.092269493335731e-05,
            2.1345733536939157e-05,
            2.5910929015150362e-05,
            2.580371975372228e-05
          ],
          "prediction_variance": [
            5.054146095062606e-05
          ]
        },
        {
          "iteration": 3,
          "seed": 42,
          "total_samples_seen": 2100,
          "samples_added": 700,
          "mse_per_output": [
            4.69134801514434e-08
          ],
          "total_mse": 4.69134801514434e-08,
          "window_size": 0.0225,
          "center_point": [
            0.49439847469329834
          ],
          "pools_used": [
            0,
            1,
            2,
            3
          ],
          "avg_train_loss": 5.897242752229591e-06,