{
  "pipeline_name": "sample_efficiency_800per_iter_shrink1",
  "timestamp": "2025-12-01 22:15:23",
  "config": {
    "model_type": "NeuralNetModel",
    "model_params": "{'input_size': 6, 'output_size': 3, 'hidden_sizes': (64, 32), 'activation': 'tanh', 'learning_rate': 0.001, 'model_name': 'adaptive_batch_sampling_nn', 'seed': 42}",
    "n_iterations": 1,
    "samples_per_iteration": 800,
    "n_epochs": 50,
    "batch_size": 16,
    "initial_window_size": 1.0,
    "shrink_rate": 1,
    "num_seeds": 1,
    "window_type": "output",
    "use_model_prediction": false,
    "remove_first_pool_each_iteration": false,
    "num_pool_datasets": 25,
    "pool_samples_per_dataset": [
      4000,
      3000,
      1000,
      2500,
      2500,
      2500,
      500,
      2000,
      2500,
      2525,
      2550,
      2575,
      2000,
      2600,
      2550,
      2575,
      2600,
      2500,
      2525,
      1500,
      2700,
      2700,
      2000,
      2750,
      2750
    ],
    "total_pool_samples": 59900,
    "test_samples": 1
  },
  "data_info": {},
  "training_info": {},
  "evaluation": {},
  "raw_results": {
    "all_seed_results": [
      [
        {
          "iteration": 0,
          "seed": 42,
          "total_samples_seen": 0,
          "samples_added": 0,
          "mse_per_output": [
            0.5993477555736278,
            0.2971975857947789,
            0.34931573176184927
          ],
          "total_mse": 1.2458610731302562,
          "window_size": 1.0,
          "center_point": [
            0.5000038227775604,
            0.5003280052336098,
            0.500042579988823
          ],
          "pools_used": [],
          "avg_train_loss": null,
          "prediction_variance": [
            NaN,
            NaN,
            NaN
          ]
        },
        {
          "iteration": 1,
          "seed": 42,
          "total_samples_seen": 800,
          "samples_added": 800,
          "mse_per_output": [
            0.0001244676588417811,
            0.0011384006591152113,
            7.674278126000541e-05
          ],
          "total_mse": 0.0013396110992169978,
          "window_size": 1.0,
          "center_point": [
            0.5000038227775604,
            0.5003280052336098,
            0.500042579988823
          ],
          "pools_used": [
            0
          ],
          "avg_train_loss": 0.011209064911084712,
          "epoch_losses": [
            0.12697937492281197,
            0.028120070844888687,
            0.023302450384944676,
            0.020534036308526994,
            0.01871426923200488,
            0.01761653119698167,
            0.01717955296859145,
            0.016595380194485188,
            0.016271933149546385,
            0.01602303944528103,
            0.015524905482307077,
            0.01504682656377554,
            0.014937682030722498,
            0.01427565587684512,
            0.013207793869078159,
            0.012677041413262487,
            0.012283420320600272,
            0.011469000708311796,
            0.010352070899680257,
            0.0099058435857296,
            0.009293333943933248,
            0.008939816718921065,
            0.008395396410487593,
            0.008014868311583996,
            0.007955942917615175,
            0.007302248771302402,
            0.006701871976256371,
            0.006365606486797333,
            0.006075072814710438,
            0.006038675713352859,
            0.005854488434270024,
            0.004601576193235815,
            0.004192984723486007,
            0.003623388558626175,
            0.0036523312400095166,
            0.003791632587090135,
            0.003036659469362348,
            0.0025307448813691735,
            0.0025556185911409556,
            0.002333602277794853,
            0.0023803759447764607,
            0.0019665471592452376,
            0.002024662526091561,
            0.0018180314381606878,
            0.001738207465969026,
            0.0017363261058926582,
            0.00155169207660947,
            0.0017036181048024446,
            0.0016320210066623985,
            0.001629023306304589
          ],
          "prediction_variance": [
            NaN,
            NaN,
            NaN
          ],
          "test_predictions_scaled": [
            [
              0.4888473153114319,
              0.4665878117084503,
              0.49128228425979614
            ]
          ],
          "test_true_scaled": [
            [
              0.5000038227775604,
              0.5003280052336098,
              0.500042579988823
            ]
          ]
        }
      ]
    ]
  },
  "aggregated_results": [
    {
      "iteration": 0,
      "total_samples_seen": 0.0,
      "samples_added": 0.0,
      "training_samples": 0,
      "mean_total_mse": 1.2458610731302562,
      "std_total_mse": 0.0,
      "mean_mse_per_output": [
        0.5993477555736278,
        0.2971975857947789,
        0.34931573176184927
      ],
      "std_mse_per_output": [
        0.0,
        0.0,
        0.0
      ],
      "mean_train_loss": null,
      "window_size": 1.0,
      "num_seeds": 1,
      "mean_prediction_variance_per_output": [
        NaN,
        NaN,
        NaN
      ],
      "std_prediction_variance_per_output": [
        NaN,
        NaN,
        NaN
      ]
    },
    {
      "iteration": 1,
      "total_samples_seen": 800.0,
      "samples_added": 800.0,
      "training_samples": 40000.0,
      "mean_total_mse": 0.0013396110992169978,
      "std_total_mse": 0.0,
      "mean_mse_per_output": [
        0.0001244676588417811,
        0.0011384006591152113,
        7.674278126000541e-05
      ],
      "std_mse_per_output": [
        0.0,
        0.0,
        0.0
      ],
      "mean_train_loss": 0.011209064911084712,
      "window_size": 1.0,
      "num_seeds": 1,
      "mean_prediction_variance_per_output": [
        NaN,
        NaN,
        NaN
      ],
      "std_prediction_variance_per_output": [
        NaN,
        NaN,
        NaN
      ]
    }
  ],
  "execution_time_seconds": 32.344153
}