{
  "pipeline_name": "sample_efficiency_800per_iter_shrink1",
  "timestamp": "2025-12-01 18:34:36",
  "config": {
    "model_type": "NeuralNetModel",
    "model_params": "{'input_size': 6, 'output_size': 1, 'hidden_sizes': (64, 32), 'activation': 'tanh', 'learning_rate': 0.001, 'model_name': 'adaptive_batch_sampling_nn'}",
    "n_iterations": 1,
    "samples_per_iteration": 800,
    "n_epochs": 50,
    "batch_size": 16,
    "initial_window_size": 1.0,
    "shrink_rate": 1,
    "num_seeds": 1,
    "window_type": "output",
    "use_model_prediction": true,
    "remove_first_pool_each_iteration": false,
    "num_pool_datasets": 25,
    "pool_samples_per_dataset": [
      4000,
      3000,
      1000,
      2500,
      2500,
      2500,
      500,
      2000,
      2500,
      2525,
      2550,
      2575,
      2000,
      2600,
      2550,
      2575,
      2600,
      2500,
      2525,
      1500,
      2700,
      2700,
      2000,
      2750,
      2750
    ],
    "total_pool_samples": 59900,
    "test_samples": 1
  },
  "data_info": {},
  "training_info": {},
  "evaluation": {},
  "raw_results": {
    "all_seed_results": [
      [
        {
          "iteration": 0,
          "seed": 42,
          "total_samples_seen": 0,
          "samples_added": 0,
          "mse_per_output": [
            0.26986327618876965
          ],
          "total_mse": 0.26986327618876965,
          "window_size": 1.0,
          "center_point": [
            0.500042579988823
          ],
          "pools_used": [],
          "avg_train_loss": null,
          "prediction_variance": [
            NaN
          ]
        },
        {
          "iteration": 1,
          "seed": 42,
          "total_samples_seen": 800,
          "samples_added": 800,
          "mse_per_output": [
            2.017412338655522e-06
          ],
          "total_mse": 2.017412338655522e-06,
          "window_size": 1.0,
          "center_point": [
            0.500042579988823
          ],
          "pools_used": [
            0
          ],
          "avg_train_loss": 0.0015281075001714278,
          "epoch_losses": [
            0.06161183128133416,
            0.005406425707042218,
            0.0005216386844404041,
            0.00042543528776150196,
            0.000417049384850543,
            0.0004107987089082599,
            0.0004034530825447291,
            0.00037801381666213274,
            0.00037639563233824445,
            0.00037669970333809033,
            0.0003520964685594663,
            0.00035616899753222243,
            0.0003694228996755555,
            0.0003346314703230746,
            0.0003257907062652521,
            0.0003448875904723536,
            0.00032562806649366393,
            0.00032220394437899814,
            0.0003066948562627658,
            0.0002881937932397705,
            0.00026534055854426697,
            0.0002672309511399362,
            0.0002555101121834014,
            0.00026320579709135925,
            0.0002568204268754926,
            0.0002102377735718619,
            0.00021012992481701077,
            0.00020061280672962312,
            0.00016037969951867125,
            0.00014374677382875234,
            0.00015415670386573766,
            8.862745329679455e-05,
            7.826474688044982e-05,
            6.221062336408068e-05,
            3.39252029061754e-05,
            2.384534267548588e-05,
            1.4343156517497845e-05,
            1.0220363187727343e-05,
            7.929985931696138e-06,
            5.972907279101491e-06,
            4.665533356273954e-06,
            4.633212204225856e-06,
            3.648299966698687e-06,
            4.565477522646688e-06,
            5.1577984982031924e-06,
            3.6483351482274884e-06,
            3.1529800662610797e-06,
            3.3944447181966098e-06,
            3.5109470945826613e-06,
            2.8265873675081823e-06
          ],
          "prediction_variance": [
            6.596182356588542e-05
          ],
          "test_predictions_scaled": [
            [
              0.5014629364013672
            ]
          ],
          "test_true_scaled": [
            [
              0.500042579988823
            ]
          ]
        }
      ]
    ]
  },
  "aggregated_results": [
    {
      "iteration": 0,
      "total_samples_seen": 0.0,
      "samples_added": 0.0,
      "training_samples": 0,
      "mean_total_mse": 0.26986327618876965,
      "std_total_mse": 0.0,
      "mean_mse_per_output": [
        0.26986327618876965
      ],
      "std_mse_per_output": [
        0.0
      ],
      "mean_train_loss": null,
      "window_size": 1.0,
      "num_seeds": 1,
      "mean_prediction_variance_per_output": [
        NaN
      ],
      "std_prediction_variance_per_output": [
        NaN
      ]
    },
    {
      "iteration": 1,
      "total_samples_seen": 800.0,
      "samples_added": 800.0,
      "training_samples": 40000.0,
      "mean_total_mse": 2.017412338655522e-06,
      "std_total_mse": 0.0,
      "mean_mse_per_output": [
        2.017412338655522e-06
      ],
      "std_mse_per_output": [
        0.0
      ],
      "mean_train_loss": 0.0015281075001714278,
      "window_size": 1.0,
      "num_seeds": 1,
      "mean_prediction_variance_per_output": [
        6.596182356588542e-05
      ],
      "std_prediction_variance_per_output": [
        0.0
      ]
    }
  ],
  "execution_time_seconds": 45.694688
}