{
  "pipeline_name": "sample_efficiency_200samples_2iters",
  "timestamp": "2025-11-07 17:34:30",
  "config": {
    "model_type": "NeuralNetModel",
    "model_params": "{'input_size': 6, 'output_size': 3, 'hidden_sizes': (64, 32), 'activation': 'tanh', 'learning_rate': 0.001, 'model_name': 'adaptive_batch_sampling_nn'}",
    "n_iterations": 2,
    "samples_per_iteration": 100,
    "n_epochs": 50,
    "batch_size": 16,
    "initial_window_size": 1.0,
    "shrink_rate": 0.3,
    "num_seeds": 1,
    "window_type": "output",
    "use_model_prediction": true,
    "num_pool_datasets": 7,
    "pool_samples_per_dataset": [
      4000,
      1000,
      2500,
      500,
      2000,
      1500,
      2000
    ],
    "total_pool_samples": 13500,
    "test_samples": 1
  },
  "data_info": {},
  "training_info": {},
  "evaluation": {},
  "raw_results": {
    "all_seed_results": [
      [
        {
          "iteration": 0,
          "seed": 42,
          "total_samples_seen": 0,
          "samples_added": 0,
          "mse_per_output": [
            0.35159319494626656,
            0.3096836920805362,
            0.18400327714899362
          ],
          "total_mse": 0.8452801641757963,
          "window_size": 1.0,
          "center_point": [
            0.5000038227775604,
            0.5003280052336098,
            0.500042579988823
          ],
          "pool_idx": null,
          "avg_train_loss": null,
          "prediction_variance": [
            NaN,
            NaN,
            NaN
          ]
        },
        {
          "iteration": 1,
          "seed": 42,
          "total_samples_seen": 100,
          "samples_added": 100,
          "mse_per_output": [
            0.0021442185894411554,
            0.028541511336958526,
            0.00022247936118148919
          ],
          "total_mse": 0.03090820928758117,
          "window_size": 1.0,
          "center_point": [
            0.5000038227775604,
            0.5003280052336098,
            0.500042579988823
          ],
          "pool_idx": 0,
          "avg_train_loss": 0.03048820714532797,
          "epoch_losses": [
            0.33462122082710266,
            0.10587362945079803,
            0.05383654737046787,
            0.054235631333930154,
            0.04848786709564073,
            0.03827205513204847,
            0.03417396119662693,
            0.03322175012103149,
            0.03218558031533446,
            0.03191102242895535,
            0.027049736518945013,
            0.025939610919782093,
            0.02396898450595992,
            0.024006729014217854,
            0.024219229285206114,
            0.022900386846491268,
            0.02413224136190755,
            0.022931374343378202,
            0.021733236366084645,
            0.020766744124037877,
            0.019082832150161266,
            0.021499739294605597,
            0.018975216895341873,
            0.019751349464058876,
            0.019773333466478756,
            0.018155953447733606,
            0.016977443093700067,
            0.018696252522724017,
            0.017830347243164266,
            0.017321786178009852,
            0.01805014761963061,
            0.01690662053546735,
            0.017691279628447125,
            0.015649582359141538,
            0.016602602255131518,
            0.018382931660328592,
            0.016364858086620058,
            0.016671744840485708,
            0.015712394379079342,
            0.016449085835899626,
            0.016715976276568005,
            0.015155191200652294,
            0.014935500720249755,
            0.015609775403780597,
            0.017008429925356592,
            0.017659220844507217,
            0.017024907682623183,
            0.01620383108300822,
            0.017633413895964622,
            0.015451070719531603
          ],
          "prediction_variance": [
            0.0011293853167444468,
            6.635786121478304e-05,
            0.0009301357204094529
          ]
        },
        {
          "iteration": 2,
          "seed": 42,
          "total_samples_seen": 200,
          "samples_added": 100,
          "mse_per_output": [
            0.000774117284773165,
            0.03432484429448266,
            7.409289349116258e-05
          ],
          "total_mse": 0.03517305447274699,
          "window_size": 0.3,
          "center_point": [
            0.5463095307350159,
            0.6692703366279602,
            0.5149583220481873
          ],
          "pool_idx": 0,
          "avg_train_loss": 0.003113565677610625,
          "epoch_losses": [
            0.0031698414989347968,
            0.0032790026827050106,
            0.003062833466434053,
            0.0033536032840077367,
            0.003251501691660711,
            0.0030857690975868274,
            0.0033343248069286346,
            0.0033736530292247024,
            0.003183248020442469,
            0.0030977268636758837,
            0.0030594725560929093,
            0.0033122142111616476,
            0.0029366781735526665,
            0.003013147906001125,
            0.0030672187318227123,
            0.0032810341965939316,
            0.0031924949892397437,
            0.00303242591741894,
            0.0033651567729456083,
            0.0030657495704612563,
            0.003153433058676975,
            0.00300394873400884,
            0.0031165086797305514,
            0.0031546431460550855,
            0.0029052803542331924,
            0.003051757247054151,
            0.003091381363836782,
            0.0032167398769940648,
            0.0032520360379878965,
            0.003176019061356783,
            0.0032054422024105278,
            0.002946260618045926,
            0.0029677237450544324,
            0.003263721874515925,
            0.0033800102371190277,
            0.002887603860082371,
            0.002886008404727493,
            0.0031037474649825265,
            0.0029982115208570448,
            0.0032652539001511677,
            0.0030564585301492897,
            0.002906390532319035,
            0.0032265422133994953,
            0.0031603630299546887,
            0.0031662119685539176,
            0.00277090649719217,
            0.002892446537901248,
            0.0028835992395345655,
            0.0029486948291638066,
            0.0031238416475909097
          ],
          "prediction_variance": [
            5.9958187193842605e-05,
            7.55964865675196e-05,
            1.6991534721455537e-05
          ]
        }
      ]
    ]
  },
  "aggregated_results": [
    {
      "iteration": 0,
      "total_samples_seen": 0.0,
      "samples_added": 0.0,
      "training_samples": 0,
      "mean_total_mse": 0.8452801641757963,
      "std_total_mse": 0.0,
      "mean_mse_per_output": [
        0.35159319494626656,
        0.3096836920805362,
        0.18400327714899362
      ],
      "std_mse_per_output": [
        0.0,
        0.0,
        0.0
      ],
      "mean_train_loss": null,
      "window_size": 1.0,
      "num_seeds": 1,
      "mean_prediction_variance_per_output": [
        NaN,
        NaN,
        NaN
      ],
      "std_prediction_variance_per_output": [
        NaN,
        NaN,
        NaN
      ]
    },
    {
      "iteration": 1,
      "total_samples_seen": 100.0,
      "samples_added": 100.0,
      "training_samples": 5000.0,
      "mean_total_mse": 0.03090820928758117,
      "std_total_mse": 0.0,
      "mean_mse_per_output": [
        0.0021442185894411554,
        0.028541511336958526,
        0.00022247936118148919
      ],
      "std_mse_per_output": [
        0.0,
        0.0,
        0.0
      ],
      "mean_train_loss": 0.03048820714532797,
      "window_size": 1.0,
      "num_seeds": 1,
      "mean_prediction_variance_per_output": [
        0.0011293853167444468,
        6.635786121478304e-05,
        0.0009301357204094529
      ],
      "std_prediction_variance_per_output": [
        0.0,
        0.0,
        0.0
      ]
    },
    {
      "iteration": 2,
      "total_samples_seen": 200.0,