{
  "pipeline_name": "sample_efficiency_200samples_4iters",
  "timestamp": "2025-11-07 17:31:50",
  "config": {
    "model_type": "NeuralNetModel",
    "model_params": "{'input_size': 6, 'output_size': 3, 'hidden_sizes': (64, 32), 'activation': 'tanh', 'learning_rate': 0.001, 'model_name': 'adaptive_batch_sampling_nn'}",
    "n_iterations": 4,
    "samples_per_iteration": 50,
    "n_epochs": 50,
    "batch_size": 16,
    "initial_window_size": 1.0,
    "shrink_rate": 0.3,
    "num_seeds": 1,
    "window_type": "output",
    "use_model_prediction": true,
    "num_pool_datasets": 7,
    "pool_samples_per_dataset": [
      4000,
      1000,
      2500,
      500,
      2000,
      1500,
      2000
    ],
    "total_pool_samples": 13500,
    "test_samples": 1
  },
  "data_info": {},
  "training_info": {},
  "evaluation": {},
  "raw_results": {
    "all_seed_results": [
      [
        {
          "iteration": 0,
          "seed": 42,
          "total_samples_seen": 0,
          "samples_added": 0,
          "mse_per_output": [
            0.16239723429062852,
            0.16047940060118449,
            0.5396478437385683
          ],
          "total_mse": 0.8625244786303814,
          "window_size": 1.0,
          "center_point": [
            0.5000038227775604,
            0.5003280052336098,
            0.500042579988823
          ],
          "pool_idx": null,
          "avg_train_loss": null,
          "prediction_variance": [
            NaN,
            NaN,
            NaN
          ]
        },
        {
          "iteration": 1,
          "seed": 42,
          "total_samples_seen": 50,
          "samples_added": 50,
          "mse_per_output": [
            0.0009128319868187228,
            0.007635314933339593,
            0.0006534384879582029
          ],
          "total_mse": 0.009201585408116518,
          "window_size": 1.0,
          "center_point": [
            0.5000038227775604,
            0.5003280052336098,
            0.500042579988823
          ],
          "pool_idx": 0,
          "avg_train_loss": 0.04184923244756646,
          "epoch_losses": [
            0.36555065959692,
            0.18858028203248978,
            0.10030171275138855,
            0.06885523069649935,
            0.05699284374713898,
            0.04986219201236963,
            0.06835443340241909,
            0.061427509412169456,
            0.0555358761921525,
            0.049252886325120926,
            0.043938509188592434,
            0.03863962087780237,
            0.04151832219213247,
            0.037795514799654484,
            0.04225088842213154,
            0.035722033120691776,
            0.03682959033176303,
            0.033139392267912626,
            0.030663086101412773,
            0.03207138413563371,
            0.03271479718387127,
            0.03154888469725847,
            0.03056088462471962,
            0.030905538238584995,
            0.030290561262518167,
            0.027481624856591225,
            0.0252036121673882,
            0.025090001057833433,
            0.02356222039088607,
            0.02345098415389657,
            0.022966168820858,
            0.026441264897584915,
            0.021772534120827913,
            0.023087442852556705,
            0.019543407717719674,
            0.01621927774976939,
            0.020106783602386713,
            0.016475952696055174,
            0.018623559270054102,
            0.014693988661747426,
            0.017488423269242048,
            0.0172848803922534,
            0.016110986238345504,
            0.01685083843767643,
            0.018800797406584024,
            0.015856409911066294,
            0.016451168805360794,
            0.022481973748654127,
            0.017361769452691078,
            0.01575291808694601
          ],
          "prediction_variance": [
            0.0006257244967855513,
            0.001452587777748704,
            0.0010209250031039119
          ]
        },
        {
          "iteration": 2,
          "seed": 42,
          "total_samples_seen": 100,
          "samples_added": 50,
          "mse_per_output": [
            0.0003172314455295299,
            0.008895407577921871,
            5.285415822870506e-06
          ],
          "total_mse": 0.00921792443927427,
          "window_size": 0.3,
          "center_point": [
            0.5302169322967529,
            0.5877082943916321,
            0.5256050229072571
          ],
          "pool_idx": 0,
          "avg_train_loss": 0.002648185621801531,
          "epoch_losses": [
            0.004029875388368964,
            0.0023308736672333907,
            0.002274499915074557,
            0.0026918084477074444,
            0.0033202829072251916,
            0.002326926856767386,
            0.0033735067991074175,
            0.002544438815675676,
            0.002198463218519464,
            0.0022172320896061137,
            0.00222300695895683,
            0.0028640060336329043,
            0.003175355144776404,
            0.0021689056302420795,
            0.0026519098319113255,
            0.0029160045087337494,
            0.0030546297202818096,
            0.003335264162160456,
            0.0031679343665018678,
            0.0019972894833699684,
            0.002233486360637471,
            0.0025294122169725597,
            0.003113158221822232,
            0.0020287330844439566,
            0.002721646218560636,
            0.003926907549612224,
            0.002677590469829738,
            0.002078011144476477,
            0.002012628189731913,
            0.002368668734561652,
            0.003012252738699317,
            0.002597831713501364,
            0.0021052118099760264,
            0.0025175505434162915,
            0.002560059539973736,
            0.0026512222830206156,
            0.0030677493778057396,
            0.0021391176705947146,
            0.003230425645597279,
            0.002416708681266755,
            0.0029062726243864745,
            0.002338647609576583,
            0.0025080227642320096,
            0.0026370539562776685,
            0.0020655946427723393,
            0.002513062092475593,
            0.003072145103942603,
            0.0033642597845755517,
            0.002151772001525387,
            0.002001864369958639
          ],
          "prediction_variance": [
            5.339758899935987e-06,
            7.867229578550905e-05,
            6.87239571561804e-06
          ]
        },
        {
          "iteration": 3,
          "seed": 42,
          "total_samples_seen": 150,
          "samples_added": 50,
          "mse_per_output": [
            0.0001032538825207997,
            0.0033897312911162214,
            2.343861711136753e-06
          ],
          "total_mse": 0.0034953290353481577,
          "window_size": 0.09,
          "center_point": [
            0.5178148150444031,
            0.5946434736251831,
            0.4977435767650604
          ],
          "pool_idx": 1,
          "avg_train_loss": 0.0001111346935903157,