{
  "pipeline_name": "sample_efficiency_600samples_2iters",
  "timestamp": "2025-11-07 17:24:23",
  "config": {
    "model_type": "NeuralNetModel",
    "model_params": "{'input_size': 6, 'output_size': 3, 'hidden_sizes': (64, 32), 'activation': 'tanh', 'learning_rate': 0.001, 'model_name': 'adaptive_batch_sampling_nn'}",
    "n_iterations": 2,
    "samples_per_iteration": 300,
    "n_epochs": 50,
    "batch_size": 16,
    "initial_window_size": 1.0,
    "shrink_rate": 0.3,
    "num_seeds": 1,
    "window_type": "output",
    "use_model_prediction": true,
    "num_pool_datasets": 2,
    "pool_samples_per_dataset": [
      4000,
      1000
    ],
    "total_pool_samples": 5000,
    "test_samples": 1
  },
  "data_info": {},
  "training_info": {},
  "evaluation": {},
  "raw_results": {
    "all_seed_results": [
      [
        {
          "iteration": 0,
          "seed": 42,
          "total_samples_seen": 0,
          "samples_added": 0,
          "mse_per_output": [
            0.18419073724640464,
            0.15504729281720747,
            0.5434843374438142
          ],
          "total_mse": 0.8827223675074263,
          "window_size": 1.0,
          "center_point": [
            0.5000038227775604,
            0.5003280052336098,
            0.500042579988823
          ],
          "pool_idx": null,
          "avg_train_loss": null,
          "prediction_variance": [
            NaN,
            NaN,
            NaN
          ]
        },
        {
          "iteration": 1,
          "seed": 42,
          "total_samples_seen": 300,
          "samples_added": 300,
          "mse_per_output": [
            0.0015704603411861111,
            0.004865130427111888,
            0.0005274510739745666
          ],
          "total_mse": 0.0069630418422725665,
          "window_size": 1.0,
          "center_point": [
            0.5000038227775604,
            0.5003280052336098,
            0.500042579988823
          ],
          "pool_idx": 0,
          "avg_train_loss": 0.018223648324706836,
          "epoch_losses": [
            0.1630408967796125,
            0.05345738561529862,
            0.03736758947764572,
            0.030868445179964368,
            0.025146415163027614,
            0.021543543540725584,
            0.018985095188805933,
            0.01742524344866213,
            0.016587900586034123,
            0.016251827982303343,
            0.015980591752419348,
            0.015851588184504134,
            0.015334506445613346,
            0.015257794949177065,
            0.015062282303054082,
            0.01489255636146194,
            0.014686614642605969,
            0.014663690799161008,
            0.01506237058263076,
            0.014645267621074853,
            0.014272243127618966,
            0.014335527869039461,
            0.013754898290100851,
            0.013805827125906944,
            0.013939959119613233,
            0.014572393100120519,
            0.013948646104453425,
            0.013511801922791883,
            0.013190066834029398,
            0.01352781020595055,
            0.013013905232870266,
            0.012310282474285677,
            0.012205241174486122,
            0.012463514693081379,
            0.011720490298773112,
            0.011935238236267316,
            0.011594493554807022,
            0.01114861350996714,
            0.010832738891047867,
            0.01092886664953671,
            0.011125732973021897,
            0.010346142354568369,
            0.010746648363572987,
            0.010043320172515354,
            0.010088322978270682,
            0.010360239588312413,
            0.009623365697303885,
            0.010202517536909957,
            0.0100001906485934,
            0.009521770903742626
          ],
          "prediction_variance": [
            6.647319241892546e-05,
            0.0018827194580808282,
            1.7477792425779626e-05
          ]
        },
        {
          "iteration": 2,
          "seed": 42,
          "total_samples_seen": 600,
          "samples_added": 300,
          "mse_per_output": [
            3.674418566700355e-06,
            2.0267981950283646e-05,
            2.973759912495023e-06
          ],
          "total_mse": 2.6916160429479025e-05,
          "window_size": 0.3,
          "center_point": [
            0.5396328568458557,
            0.5700784921646118,
            0.5230088829994202
          ],
          "pool_idx": 1,
          "avg_train_loss": 0.0008425570292150186,
          "epoch_losses": [
            0.0016096066806073252,
            0.0012458421528878574,
            0.0011206783084689003,
            0.0011023892684055394,
            0.001118168106155568,
            0.0012496044510044158,
            0.0010401494954222518,
            0.0010884895271278526,
            0.0010342520238880656,
            0.0010364257261818765,
            0.0010340972742261855,
            0.0010582308505514735,
            0.001109640588861351,
            0.000945081840894234,
            0.0009255442327182544,
            0.0009234597152834268,
            0.0009958973923379457,
            0.000914439007541851,
            0.0009204619870472111,
            0.0008963279374017331,
            0.0009550397164850054,
            0.0008601556918093641,
            0.0009333978171190737,
            0.0008657163447136746,
            0.0008305194741727686,
            0.0008918856681128474,
            0.000760306768107081,
            0.0007346196124624265,
            0.0007911658796824907,
            0.0007472723648932419,
            0.0007186612086738215,
            0.0006813313383118887,
            0.0006365839125416977,
            0.000652978123214684,
            0.0006569576737666992,
            0.0006229804742983298,
            0.0006042284711791007,
            0.000579226423532849,
            0.0005732953554558519,
            0.0008049168789416159,
            0.0009004460589494556,
            0.0005355956305529138,
            0.0005845629738790816,
            0.0006491760669680508,
            0.0005675230717507043,
            0.000532082764517614,
            0.0004966408672963121,
            0.0005091817675795602,
            0.0006122018676251173,
            0.00047041462714428475
          ],
          "prediction_variance": [
            8.183580575860105e-06,
            0.00019813554536085576,
            1.1219275393159478e-06
          ]
        }
      ]
    ]
  },
  "aggregated_results": [
    {
      "iteration": 0,
      "total_samples_seen": 0.0,
      "samples_added": 0.0,
      "training_samples": 0,
      "mean_total_mse": 0.8827223675074263,
      "std_total_mse": 0.0,
      "mean_mse_per_output": [
        0.18419073724640464,
        0.15504729281720747,
        0.5434843374438142
      ],
      "std_mse_per_output": [
        0.0,
        0.0,
        0.0
      ],
      "mean_train_loss": null,
      "window_size": 1.0,
      "num_seeds": 1,
      "mean_prediction_variance_per_output": [
        NaN,
        NaN,
        NaN
      ],
      "std_prediction_variance_per_output": [
        NaN,
        NaN,
        NaN
      ]
    },
    {
      "iteration": 1,
      "total_samples_seen": 300.0,
      "samples_added": 300.0,
      "training_samples": 15000.0,
      "mean_total_mse": 0.0069630418422725665,
      "std_total_mse": 0.0,
      "mean_mse_per_output": [
        0.0015704603411861111,
        0.004865130427111888,
        0.0005274510739745666
      ],
      "std_mse_per_output": [
        0.0,
        0.0,
        0.0
      ],
      "mean_train_loss": 0.018223648324706836,
      "window_size": 1.0,
      "num_seeds": 1,
      "mean_prediction_variance_per_output": [
        6.647319241892546e-05,
        0.0018827194580808282,
        1.7477792425779626e-05
      ],
      "std_prediction_variance_per_output": [
        0.0,
        0.0,
        0.0
      ]
    },
    {
      "iteration": 2,
      "total_samples_seen": 600.0,
      "samples_added": 300.0,