{
  "pipeline_name": "sample_efficiency_1500samples_6iters",
  "timestamp": "2025-11-07 18:31:34",
  "config": {
    "model_type": "NeuralNetModel",
    "model_params": "{'input_size': 6, 'output_size': 3, 'hidden_sizes': (64, 32), 'activation': 'tanh', 'learning_rate': 0.001, 'model_name': 'adaptive_batch_sampling_nn'}",
    "n_iterations": 6,
    "samples_per_iteration": 250,
    "n_epochs": 50,
    "batch_size": 16,
    "initial_window_size": 1.0,
    "shrink_rate": 0.1,
    "num_seeds": 1,
    "window_type": "output",
    "use_model_prediction": true,
    "num_pool_datasets": 7,
    "pool_samples_per_dataset": [
      4000,
      1000,
      2500,
      500,
      2000,
      1500,
      2000
    ],
    "total_pool_samples": 13500,
    "test_samples": 1
  },
  "data_info": {},
  "training_info": {},
  "evaluation": {},
  "raw_results": {
    "all_seed_results": [
      [
        {
          "iteration": 0,
          "seed": 42,
          "total_samples_seen": 0,
          "samples_added": 0,
          "mse_per_output": [
            0.5719710882836418,
            0.20207295965550348,
            0.2781333429850443
          ],
          "total_mse": 1.0521773909241896,
          "window_size": 1.0,
          "center_point": [
            0.5000038227775604,
            0.5003280052336098,
            0.500042579988823
          ],
          "pool_idx": null,
          "avg_train_loss": null,
          "prediction_variance": [
            NaN,
            NaN,
            NaN
          ]
        },
        {
          "iteration": 1,
          "seed": 42,
          "total_samples_seen": 250,
          "samples_added": 250,
          "mse_per_output": [
            0.00047649227259165456,
            0.012982527264063725,
            0.00010840385248965905
          ],
          "total_mse": 0.013567423389145038,
          "window_size": 1.0,
          "center_point": [
            0.5000038227775604,
            0.5003280052336098,
            0.500042579988823
          ],
          "pool_idx": 0,
          "avg_train_loss": 0.022197523996001108,
          "epoch_losses": [
            0.2549010911025107,
            0.055886368034407496,
            0.04288352467119694,
            0.03643870435189456,
            0.03213592548854649,
            0.028630734654143453,
            0.025704382685944438,
            0.023027084302157164,
            0.021329606766812503,
            0.019995440263301134,
            0.018735573219601065,
            0.01760002924129367,
            0.016967010800726712,
            0.015936099167447537,
            0.015759325586259365,
            0.015678838710300624,
            0.0153673987952061,
            0.015219525201246142,
            0.0150488045765087,
            0.014997266174759716,
            0.015341039223130792,
            0.015471257298486307,
            0.014739761769305915,
            0.014839123439742252,
            0.014486330677755177,
            0.014747521665412933,
            0.014506178617011756,
            0.014272069151047617,
            0.013968642539111897,
            0.014262625249102712,
            0.013952460023574531,
            0.014095035963691771,
            0.013660409982549027,
            0.013902638398576528,
            0.013682424032595009,
            0.013416096451692283,
            0.013151152583304793,
            0.012997187819564715,
            0.013067598571069539,
            0.014458820573054254,
            0.01346198160899803,
            0.012857790861744434,
            0.01255069358740002,
            0.01242058799834922,
            0.0121582459541969,
            0.012704103253781796,
            0.012281840201467276,
            0.012209935783175752,
            0.012306636228458956,
            0.01166327649843879
          ],
          "prediction_variance": [
            0.0004364143533166498,
            0.0006105611100792885,
            0.0005119832931086421
          ]
        },
        {
          "iteration": 2,
          "seed": 42,
          "total_samples_seen": 450,
          "samples_added": 200,
          "mse_per_output": [
            8.961050235619964e-05,
            0.002947448941875071,
            5.06804718375765e-09
          ],
          "total_mse": 0.0030370645122784544,
          "window_size": 0.1,
          "center_point": [
            0.5218325257301331,
            0.6142688989639282,
            0.5104542970657349
          ],
          "pool_idx": 6,
          "avg_train_loss": 5.358692986402065e-05,
          "epoch_losses": [
            0.0004043912721009782,
            0.00015280755570319554,
            7.856409613920662e-05,
            6.536132619098331e-05,
            4.8575038538099485e-05,
            4.530720084753389e-05,
            4.473160096005393e-05,
            4.6395250907293164e-05,
            4.598653728093128e-05,
            5.607539347133402e-05,
            4.909474815716609e-05,
            4.48943618231659e-05,
            4.301263274660764e-05,
            4.357953513625454e-05,
            4.3263752769025115e-05,
            4.259218796785437e-05,
            4.236822021014702e-05,
            4.4419775384505134e-05,
            4.3574944986455826e-05,
            4.139054635743378e-05,
            4.0872413242491e-05,
            4.1084096175416984e-05,
            4.0794294573760664e-05,
            4.128216299320159e-05,
            4.308884749312151e-05,
            4.2187531387473704e-05,
            4.094682771420384e-05,
            4.022255013926322e-05,
            4.090372819449e-05,
            4.543734653102897e-05,
            4.226155369206726e-05,
            4.3264759229854324e-05,
            3.970860731127547e-05,
            4.106605169559211e-05,
            4.151303423546219e-05,
            4.089525037460799e-05,
            4.2698666150569734e-05,
            4.1422442896314e-05,
            4.0242211245920494e-05,
            4.0158676886046756e-05,
            3.9660739940490413e-05,
            4.6083765587704525e-05,
            5.089858712800868e-05,
            4.948309329987611e-05,
            4.2740741964035595e-05,
            4.04895187015287e-05,
            3.8680473363246376e-05,
            3.771344150803858e-05,
            3.746576203411678e-05,
            3.96933398336002e-05
          ],
          "prediction_variance": [
            5.359754595701816e-07,
            1.1519122381287161e-05,
            2.1190055576880695e-07
          ]
        }
      ]
    ]
  },
  "aggregated_results": [
    {
      "iteration": 0,
      "total_samples_seen": 0.0,
      "samples_added": 0.0,
      "training_samples": 0,
      "mean_total_mse": 1.0521773909241896,
      "std_total_mse": 0.0,
      "mean_mse_per_output": [
        0.5719710882836418,
        0.20207295965550348,
        0.2781333429850443
      ],
      "std_mse_per_output": [
        0.0,
        0.0,
        0.0
      ],
      "mean_train_loss": null,
      "window_size": 1.0,
      "num_seeds": 1,
      "mean_prediction_variance_per_output": [
        NaN,
        NaN,
        NaN
      ],
      "std_prediction_variance_per_output": [
        NaN,
        NaN,
        NaN
      ]
    },
    {
      "iteration": 1,
      "total_samples_seen": 250.0,
      "samples_added": 250.0,
      "training_samples": 12500.0,
      "mean_total_mse": 0.013567423389145038,
      "std_total_mse": 0.0,
      "mean_mse_per_output": [
        0.00047649227259165456,
        0.012982527264063725,
        0.00010840385248965905
      ],
      "std_mse_per_output": [
        0.0,
        0.0,
        0.0
      ],
      "mean_train_loss": 0.022197523996001108,
      "window_size": 1.0,
      "num_seeds": 1,
      "mean_prediction_variance_per_output": [
        0.0004364143533166498,
        0.0006105611100792885,
        0.0005119832931086421
      ],
      "std_prediction_variance_per_output": [
        0.0,
        0.0,
        0.0
      ]
    },
    {
      "iteration": 2,