{
  "pipeline_name": "sample_efficiency_2000samples_1iters",
  "timestamp": "2025-11-07 18:01:15",
  "config": {
    "model_type": "NeuralNetModel",
    "model_params": "{'input_size': 6, 'output_size': 3, 'hidden_sizes': (64, 32), 'activation': 'tanh', 'learning_rate': 0.001, 'model_name': 'adaptive_batch_sampling_nn'}",
    "n_iterations": 1,
    "samples_per_iteration": 2000,
    "n_epochs": 50,
    "batch_size": 16,
    "initial_window_size": 1.0,
    "shrink_rate": 0.3,
    "num_seeds": 5,
    "window_type": "output",
    "use_model_prediction": true,
    "num_pool_datasets": 7,
    "pool_samples_per_dataset": [
      4000,
      1000,
      2500,
      500,
      2000,
      1500,
      2000
    ],
    "total_pool_samples": 13500,
    "test_samples": 1
  },
  "data_info": {},
  "training_info": {},
  "evaluation": {},
  "raw_results": {
    "all_seed_results": [
      [
        {
          "iteration": 0,
          "seed": 42,
          "total_samples_seen": 0,
          "samples_added": 0,
          "mse_per_output": [
            0.2148985155035503,
            0.0628112848947757,
            0.12931922254649136
          ],
          "total_mse": 0.40702902294481735,
          "window_size": 1.0,
          "center_point": [
            0.5000038227775604,
            0.5003280052336098,
            0.500042579988823
          ],
          "pool_idx": null,
          "avg_train_loss": null,
          "prediction_variance": [
            NaN,
            NaN,
            NaN
          ]
        },
        {
          "iteration": 1,
          "seed": 42,
          "total_samples_seen": 2000,
          "samples_added": 2000,
          "mse_per_output": [
            6.824220480209591e-05,
            2.819355045735626e-06,
            9.525148658977661e-05
          ],
          "total_mse": 0.00016631304643760814,
          "window_size": 1.0,
          "center_point": [
            0.5000038227775604,
            0.5003280052336098,
            0.500042579988823
          ],
          "pool_idx": 0,
          "avg_train_loss": 0.0041048858805745846,
          "epoch_losses": [
            0.03614154899865389,
            0.016924816265702247,
            0.015291939590126275,
            0.014085156958550215,
            0.01276381615921855,
            0.01164873218908906,
            0.009871688269078732,
            0.009101550552994013,
            0.008445347767323256,
            0.007772791998460889,
            0.0065565638653934,
            0.005502391796559095,
            0.0044209121903404595,
            0.003495806973427534,
            0.003149682867806405,
            0.0024825732861645518,
            0.002179078701417893,
            0.0021433310238644482,
            0.001841327183879912,
            0.0018724231952801347,
            0.0016431979495100677,
            0.0015766978373285383,
            0.0017702307444997132,
            0.0015257098502479494,
            0.00137501759827137,
            0.0012460670538712293,
            0.0013331194501370193,
            0.0013028935752809048,
            0.00117109766532667,
            0.0013744194447062909,
            0.0010667695354204625,
            0.0010865377625450493,
            0.001071187457535416,
            0.000952926432248205,
            0.0008693023538216949,
            0.0010065496315946802,
            0.0008812345382757485,
            0.0009451466740574688,
            0.0007468577700201422,
            0.0007399076877627522,
            0.0007230254583992064,
            0.0006582280865404755,
            0.0006413778282003478,
            0.000562797780148685,
            0.0005853292330866679,
            0.0006685662411618977,
            0.0005281548547791317,
            0.00047999892360530794,
            0.00048428344109561295,
            0.0005361813359195367
          ],
          "prediction_variance": [
            0.00012209953274577856,
            0.0003176799800712615,
            5.7571229262975976e-05
          ]
        }
      ],
      [
        {
          "iteration": 0,
          "seed": 43,
          "total_samples_seen": 0,
          "samples_added": 0,
          "mse_per_output": [
            0.4035703301723522,
            0.07939814074126195,
            0.18794720383214258
          ],
          "total_mse": 0.6709156747457568,
          "window_size": 1.0,
          "center_point": [
            0.5000038227775604,
            0.5003280052336098,
            0.500042579988823
          ],
          "pool_idx": null,
          "avg_train_loss": null,
          "prediction_variance": [
            NaN,
            NaN,
            NaN
          ]
        },
        {
          "iteration": 1,
          "seed": 43,
          "total_samples_seen": 2000,
          "samples_added": 2000,
          "mse_per_output": [
            7.809004773261252e-05,
            0.0008983003018568714,
            7.732125469306142e-07
          ],
          "total_mse": 0.0009771635621364145,
          "window_size": 1.0,
          "center_point": [
            0.5000038227775604,
            0.5003280052336098,
            0.500042579988823
          ],
          "pool_idx": 0,
          "avg_train_loss": 0.004556695426288644,
          "epoch_losses": [
            0.0531360037624836,
            0.017722285948693753,
            0.015008664738386869,
            0.01439279206097126,
            0.013274357169866562,
            0.01170073040574789,
            0.010353377368301154,
            0.009795631196349859,
            0.008813911138102412,
            0.008096707541495562,
            0.007329171696677804,
            0.006597765281796455,
            0.005253112567588687,
            0.004003679528832436,
            0.0031837756922468543,
            0.002608513287268579,
            0.002615584334358573,
            0.0021481808116659523,
            0.002048383224755526,
            0.001681287686806172,
            0.0019405685600358993,
            0.0015308419768698513,
            0.001548613960389048,
            0.0014470066484063863,
            0.0012913541216403245,
            0.0012906982672866434,
            0.0011427518108393998,
            0.0012263971259817482,
            0.0010622792223002762,
            0.0012154870580416172,
            0.001003238639095798,
            0.0009684451888315379,
            0.0010686955137643964,
            0.0008640913394046948,
            0.0009438662575557828,
            0.0007822821136796847,
            0.0007309115605894476,
            0.0006720663117012009,
            0.0007104473100043833,
            0.0008156773411901667,
            0.0006352949236752465,
            0.0006175038315122947,
            0.0005857965215109288,
            0.0005935658632079139,
            0.0006701064822264016,
            0.0006444577530492098,
            0.0005372054124309216,
            0.0004890382679877803,
            0.0005601310791680589,
            0.0004820354096591473
          ],
          "prediction_variance": [
            1.7893646145239472e-05,
            0.00043007536442019045,
            2.19164267036831e-05
          ]
        }
      ],
      [
        {
          "iteration": 0,
          "seed": 44,
          "total_samples_seen": 0,
          "samples_added": 0,
          "mse_per_output": [
            0.4427855266788985,
            0.1421349698147988,
            0.47919983780830033
          ],
          "total_mse": 1.0641203343019976,
          "window_size": 1.0,
          "center_point": [
            0.5000038227775604,
            0.5003280052336098,
            0.500042579988823
          ],
          "pool_idx": null,
          "avg_train_loss": null,
          "prediction_variance": [
            NaN,
            NaN,
            NaN
          ]
        },
        {
          "iteration": 1,
          "seed": 44,
          "total_samples_seen": 2000,
          "samples_added": 2000,