{
  "pipeline_name": "sample_efficiency_600samples_2iters",
  "timestamp": "2025-11-07 17:35:26",
  "config": {
    "model_type": "NeuralNetModel",
    "model_params": "{'input_size': 6, 'output_size': 3, 'hidden_sizes': (64, 32), 'activation': 'tanh', 'learning_rate': 0.001, 'model_name': 'adaptive_batch_sampling_nn'}",
    "n_iterations": 2,
    "samples_per_iteration": 300,
    "n_epochs": 50,
    "batch_size": 16,
    "initial_window_size": 1.0,
    "shrink_rate": 0.3,
    "num_seeds": 1,
    "window_type": "output",
    "use_model_prediction": true,
    "num_pool_datasets": 7,
    "pool_samples_per_dataset": [
      4000,
      1000,
      2500,
      500,
      2000,
      1500,
      2000
    ],
    "total_pool_samples": 13500,
    "test_samples": 1
  },
  "data_info": {},
  "training_info": {},
  "evaluation": {},
  "raw_results": {
    "all_seed_results": [
      [
        {
          "iteration": 0,
          "seed": 42,
          "total_samples_seen": 0,
          "samples_added": 0,
          "mse_per_output": [
            0.49536202358272596,
            0.032102416973950394,
            0.34967760036782325
          ],
          "total_mse": 0.8771420409244997,
          "window_size": 1.0,
          "center_point": [
            0.5000038227775604,
            0.5003280052336098,
            0.500042579988823
          ],
          "pool_idx": null,
          "avg_train_loss": null,
          "prediction_variance": [
            NaN,
            NaN,
            NaN
          ]
        },
        {
          "iteration": 1,
          "seed": 42,
          "total_samples_seen": 300,
          "samples_added": 300,
          "mse_per_output": [
            8.668940023209615e-05,
            0.0041019008766852525,
            0.0003439748505868124
          ],
          "total_mse": 0.0045325651275041606,
          "window_size": 1.0,
          "center_point": [
            0.5000038227775604,
            0.5003280052336098,
            0.500042579988823
          ],
          "pool_idx": 0,
          "avg_train_loss": 0.019643335419363882,
          "epoch_losses": [
            0.1767609882119455,
            0.05158771437249685,
            0.038904745621900806,
            0.03361733522462217,
            0.029100508674194937,
            0.02675689443161613,
            0.02456034288594597,
            0.022176145085770833,
            0.020728043329558875,
            0.01939358415180131,
            0.018491330899690326,
            0.01734248034067844,
            0.0169318273271385,
            0.016019914103181737,
            0.015816336840783294,
            0.015377236922320566,
            0.015333971547845163,
            0.01559903453055181,
            0.015016072086597743,
            0.015223308662442784,
            0.015553862640732214,
            0.015168756246566772,
            0.014626122569959415,
            0.014321108471210065,
            0.014660604445165709,
            0.014053807937000928,
            0.014153068640122288,
            0.014025179326142135,
            0.013621329673026738,
            0.013655157661751696,
            0.013511622030484048,
            0.013432233863951345,
            0.012697242445459491,
            0.01318095090161813,
            0.01253230708014024,
            0.012291785991309504,
            0.012372355565036597,
            0.012027820180121222,
            0.011911554874754265,
            0.011595995753611388,
            0.011696502100676298,
            0.011722427425219825,
            0.010947073736277065,
            0.011525506864448911,
            0.01101881054867255,
            0.010297158144806562,
            0.010646890285179803,
            0.010143770199072989,
            0.010088881624764517,
            0.009949068489827607
          ],
          "prediction_variance": [
            0.0007118494831956923,
            0.0013718322152271867,
            0.00015059209545142949
          ]
        },
        {
          "iteration": 2,
          "seed": 42,
          "total_samples_seen": 600,
          "samples_added": 300,
          "mse_per_output": [
            7.098916232627064e-06,
            0.0003728207276844744,
            2.522010419260717e-06
          ],
          "total_mse": 0.0003824416543363622,
          "window_size": 0.3,
          "center_point": [
            0.5093145370483398,
            0.5643740892410278,
            0.5185891389846802
          ],
          "pool_idx": 1,
          "avg_train_loss": 0.0009780251253917076,
          "epoch_losses": [
            0.0015984541846831377,
            0.0012780511108423142,
            0.0012594607450362098,
            0.001407123121776079,
            0.0013224226820870843,
            0.0011263137842577539,
            0.0010999301417828782,
            0.0010854170663821463,
            0.0012179305761635892,
            0.0011130572192517942,
            0.0012385823616856023,
            0.0011454720607664633,
            0.0010548005995683763,
            0.0010485098908630836,
            0.001005465109636517,
            0.0009936032767750714,
            0.0010674211233364123,
            0.0010467338265459005,
            0.0010858584979647084,
            0.0011506109624047224,
            0.0010026135071376828,
            0.000956432008503103,
            0.0009540153030110033,
            0.0009504767995646322,
            0.0010097800335834588,
            0.0009509835018482255,
            0.0009266990612224234,
            0.0009272192209640419,
            0.0008731957580158977,
            0.000851242055528258,
            0.0008863452331800209,
            0.0008946733432821929,
            0.0008149122065668436,
            0.0008508211023198735,
            0.000876634974510556,
            0.0009389654043939357,
            0.000783286794199069,
            0.000964520624716227,
            0.0009801699657385286,
            0.0007098785564793568,
            0.0007537446294200459,
            0.0008853376692920728,
            0.0007651845317971157,
            0.0008366393878149163,
            0.0007656929757151948,
            0.0008114588938616706,
            0.0006543464689074378,
            0.0006174590732706221,
            0.0006508928077221897,
            0.0007124160352089492
          ],
          "prediction_variance": [
            4.523860297922511e-06,
            2.403549660812132e-05,
            2.2633614094047516e-07
          ]
        }
      ]
    ]
  },
  "aggregated_results": [
    {
      "iteration": 0,
      "total_samples_seen": 0.0,
      "samples_added": 0.0,
      "training_samples": 0,
      "mean_total_mse": 0.8771420409244997,
      "std_total_mse": 0.0,
      "mean_mse_per_output": [
        0.49536202358272596,
        0.032102416973950394,
        0.34967760036782325
      ],
      "std_mse_per_output": [
        0.0,
        0.0,
        0.0
      ],
      "mean_train_loss": null,
      "window_size": 1.0,
      "num_seeds": 1,
      "mean_prediction_variance_per_output": [
        NaN,
        NaN,
        NaN
      ],
      "std_prediction_variance_per_output": [
        NaN,
        NaN,
        NaN
      ]
    },
    {
      "iteration": 1,
      "total_samples_seen": 300.0,
      "samples_added": 300.0,
      "training_samples": 15000.0,
      "mean_total_mse": 0.0045325651275041606,
      "std_total_mse": 0.0,
      "mean_mse_per_output": [
        8.668940023209615e-05,
        0.0041019008766852525,
        0.0003439748505868124
      ],
      "std_mse_per_output": [
        0.0,
        0.0,
        0.0
      ],
      "mean_train_loss": 0.019643335419363882,
      "window_size": 1.0,
      "num_seeds": 1,
      "mean_prediction_variance_per_output": [
        0.0007118494831956923,
        0.0013718322152271867,
        0.00015059209545142949
      ],
      "std_prediction_variance_per_output": [
        0.0,
        0.0,
        0.0
      ]
    },
    {
      "iteration": 2,