{
  "pipeline_name": "sample_efficiency_3000samples_5iters",
  "timestamp": "2025-11-07 18:48:03",
  "config": {
    "model_type": "NeuralNetModel",
    "model_params": "{'input_size': 6, 'output_size': 3, 'hidden_sizes': (64, 32), 'activation': 'tanh', 'learning_rate': 0.001, 'model_name': 'adaptive_batch_sampling_nn'}",
    "n_iterations": 5,
    "samples_per_iteration": 600,
    "n_epochs": 50,
    "batch_size": 16,
    "initial_window_size": 1.0,
    "shrink_rate": 0.1,
    "num_seeds": 1,
    "window_type": "output",
    "use_model_prediction": true,
    "num_pool_datasets": 7,
    "pool_samples_per_dataset": [
      4000,
      1000,
      2500,
      500,
      2000,
      1500,
      2000
    ],
    "total_pool_samples": 13500,
    "test_samples": 1
  },
  "data_info": {},
  "training_info": {},
  "evaluation": {},
  "raw_results": {
    "all_seed_results": [
      [
        {
          "iteration": 0,
          "seed": 42,
          "total_samples_seen": 0,
          "samples_added": 0,
          "mse_per_output": [
            0.2481615647315693,
            0.18074582025780092,
            0.5980100586528085
          ],
          "total_mse": 1.0269174436421786,
          "window_size": 1.0,
          "center_point": [
            0.5000038227775604,
            0.5003280052336098,
            0.500042579988823
          ],
          "pool_idx": null,
          "avg_train_loss": null,
          "prediction_variance": [
            NaN,
            NaN,
            NaN
          ]
        },
        {
          "iteration": 1,
          "seed": 42,
          "total_samples_seen": 600,
          "samples_added": 600,
          "mse_per_output": [
            0.0005597192628196804,
            9.435491373729575e-06,
            0.00015721772428921353
          ],
          "total_mse": 0.0007263724784826235,
          "window_size": 1.0,
          "center_point": [
            0.5000038227775604,
            0.5003280052336098,
            0.500042579988823
          ],
          "pool_idx": 0,
          "avg_train_loss": 0.014122019053412307,
          "epoch_losses": [
            0.1170641798035879,
            0.03388114606863574,
            0.025385006379924323,
            0.020396947640141373,
            0.017490851594821402,
            0.01653881817075767,
            0.016166578500384565,
            0.015919016943754333,
            0.015700705226902898,
            0.015599238882331471,
            0.015456272301411158,
            0.015754015871176596,
            0.015627858228981495,
            0.015134507496105997,
            0.014948892823763583,
            0.014950304096074481,
            0.014825285240811737,
            0.014246797801828697,
            0.014226682104268357,
            0.013956949825545675,
            0.013700721797680384,
            0.014282041793002895,
            0.01301865774746004,
            0.012351039000541755,
            0.012033020599598163,
            0.011502653372621066,
            0.011877318929978892,
            0.010894494449817821,
            0.010829097677120253,
            0.01143891668241275,
            0.010321385790839008,
            0.009324424581504181,
            0.008995508113385816,
            0.009435134510950823,
            0.008744220102303907,
            0.008262326377198884,
            0.008283260854353247,
            0.007762467886909451,
            0.007942240280834468,
            0.006744128952145968,
            0.007262415528346442,
            0.006095527334285802,
            0.005993810323017992,
            0.006167221446766665,
            0.005850649475561161,
            0.0050936478226886765,
            0.005240190124727394,
            0.004579021773104997,
            0.004481418536191708,
            0.004323935804055317
          ],
          "prediction_variance": [
            0.0001160292886197567,
            0.0064756968058645725,
            5.0913084123749286e-05
          ]
        },
        {
          "iteration": 2,
          "seed": 42,
          "total_samples_seen": 1200,
          "samples_added": 600,
          "mse_per_output": [
            2.545161404975707e-06,
            6.157451053075908e-07,
            6.342528505703764e-07
          ],
          "total_mse": 3.795159360853674e-06,
          "window_size": 0.1,
          "center_point": [
            0.5236622095108032,
            0.5033997297286987,
            0.5125812292098999
          ],
          "pool_idx": 2,
          "avg_train_loss": 3.4720323655595786e-05,
          "epoch_losses": [
            0.00013049284615063747,
            5.036955405414215e-05,
            4.516787239002664e-05,
            3.9908090433240626e-05,
            3.781195836812625e-05,
            3.690789636541587e-05,
            3.841507752536257e-05,
            3.78024196355622e-05,
            3.454707807816847e-05,
            3.852122556150119e-05,
            3.750452977232941e-05,
            3.714628617576397e-05,
            3.513705798085491e-05,
            3.596969810659127e-05,
            3.29333659848137e-05,
            3.617551936641623e-05,
            3.1711369573665584e-05,
            3.421534821475354e-05,
            3.598188179335251e-05,
            3.748167129838533e-05,
            3.823365903755123e-05,
            3.2814370378649694e-05,
            4.0281568353269615e-05,
            3.3491168515435054e-05,
            3.103452577067257e-05,
            3.839346108610411e-05,
            3.969122395861441e-05,
            3.164144939211454e-05,
            3.095334044414094e-05,
            2.7556729276655363e-05,
            3.0040427837344684e-05,
            2.6771187429786598e-05,
            2.7456454709432653e-05,
            2.8573458501724464e-05,
            2.635272884569866e-05,
            3.052732819541186e-05,
            2.4929118114270847e-05,
            2.4037559796852292e-05,
            2.5876936266094592e-05,
            3.084668155918878e-05,
            2.5676045879663434e-05,
            2.4994774153846695e-05,
            2.8378510873345047e-05,
            2.7522518992459243e-05,
            2.4716065079126948e-05,
            2.41049269071051e-05,
            2.6403855659545545e-05,
            2.4634288269896243e-05,
            2.6718602959207554e-05,
            3.916246970747077e-05
          ],
          "prediction_variance": [
            5.629760380543303e-06,
            3.2053554605226964e-05,
            8.084911087280489e-07
          ]
        },
        {
          "iteration": 3,
          "seed": 42,
          "total_samples_seen": 1536,
          "samples_added": 336,
          "mse_per_output": [
            7.098826189872714e-13,
            5.757143002876689e-09,
            9.993649626061425e-10
          ],
          "total_mse": 6.757217848101819e-09,
          "window_size": 0.010000000000000002,
          "center_point": [
            0.4984084665775299,
            0.501112699508667,
            0.49924618005752563
          ],
          "pool_idx": 6,
          "avg_train_loss": 3.169935046644566e-07,