{
  "pipeline_name": "sample_efficiency_1000samples_1iters",
  "timestamp": "2025-11-07 17:49:50",
  "config": {
    "model_type": "NeuralNetModel",
    "model_params": "{'input_size': 6, 'output_size': 3, 'hidden_sizes': (64, 32), 'activation': 'tanh', 'learning_rate': 0.001, 'model_name': 'adaptive_batch_sampling_nn'}",
    "n_iterations": 1,
    "samples_per_iteration": 1000,
    "n_epochs": 50,
    "batch_size": 16,
    "initial_window_size": 1.0,
    "shrink_rate": 0.3,
    "num_seeds": 5,
    "window_type": "output",
    "use_model_prediction": true,
    "num_pool_datasets": 7,
    "pool_samples_per_dataset": [
      4000,
      1000,
      2500,
      500,
      2000,
      1500,
      2000
    ],
    "total_pool_samples": 13500,
    "test_samples": 1
  },
  "data_info": {},
  "training_info": {},
  "evaluation": {},
  "raw_results": {
    "all_seed_results": [
      [
        {
          "iteration": 0,
          "seed": 42,
          "total_samples_seen": 0,
          "samples_added": 0,
          "mse_per_output": [
            0.22057218015416716,
            0.2789341517231597,
            0.4438732942515238
          ],
          "total_mse": 0.9433796261288506,
          "window_size": 1.0,
          "center_point": [
            0.5000038227775604,
            0.5003280052336098,
            0.500042579988823
          ],
          "pool_idx": null,
          "avg_train_loss": null,
          "prediction_variance": [
            NaN,
            NaN,
            NaN
          ]
        },
        {
          "iteration": 1,
          "seed": 42,
          "total_samples_seen": 1000,
          "samples_added": 1000,
          "mse_per_output": [
            0.0001617872958882005,
            0.000541130035668714,
            7.41927890168285e-06
          ],
          "total_mse": 0.0007103366104585973,
          "window_size": 1.0,
          "center_point": [
            0.5000038227775604,
            0.5003280052336098,
            0.500042579988823
          ],
          "pool_idx": 0,
          "avg_train_loss": 0.008654654215649878,
          "epoch_losses": [
            0.09752504574874091,
            0.023056647163771447,
            0.017960266771888923,
            0.01624193930229734,
            0.015670946222685632,
            0.015282218048851642,
            0.015010320877153722,
            0.014891059448321661,
            0.014200768840040952,
            0.013958853041191422,
            0.013124089946763383,
            0.012259867951451313,
            0.01195061911961862,
            0.011094075014134721,
            0.01059526608635982,
            0.01004923837229846,
            0.009194493596811616,
            0.008786478782043097,
            0.008298740215924761,
            0.007766964313174997,
            0.008089458410968147,
            0.007850650557509017,
            0.006926180735703499,
            0.006081177679348796,
            0.005486335575817123,
            0.004972809822195106,
            0.004571703196104083,
            0.003952283086994338,
            0.003490456324514179,
            0.0028292355626555426,
            0.0025150795736985786,
            0.0021131224320491866,
            0.0021169623951353723,
            0.0018648176374549549,
            0.0019977627089247108,
            0.001626751031763556,
            0.0016367796370537863,
            0.001573053315200562,
            0.001459382651817231,
            0.0015221695750138708,
            0.0018755071519297502,
            0.0014913902458150885,
            0.0013284586399557098,
            0.0013793849290185977,
            0.0011692080500772194,
            0.001198554209189578,
            0.0012052861335206896,
            0.0011732203549601966,
            0.0012278786637738997,
            0.0010897516308071475
          ],
          "prediction_variance": [
            3.570735134417191e-05,
            0.0011629253858700395,
            4.7118664951995015e-05
          ]
        }
      ],
      [
        {
          "iteration": 0,
          "seed": 43,
          "total_samples_seen": 0,
          "samples_added": 0,
          "mse_per_output": [
            0.4032274204867066,
            0.3784992007847499,
            0.22262549213090463
          ],
          "total_mse": 1.0043521134023612,
          "window_size": 1.0,
          "center_point": [
            0.5000038227775604,
            0.5003280052336098,
            0.500042579988823
          ],
          "pool_idx": null,
          "avg_train_loss": null,
          "prediction_variance": [
            NaN,
            NaN,
            NaN
          ]
        },
        {
          "iteration": 1,
          "seed": 43,
          "total_samples_seen": 1000,
          "samples_added": 1000,
          "mse_per_output": [
            0.000912633904983032,
            0.0007970378249765077,
            0.0003516112873422484
          ],
          "total_mse": 0.002061283017301788,
          "window_size": 1.0,
          "center_point": [
            0.5000038227775604,
            0.5003280052336098,
            0.500042579988823
          ],
          "pool_idx": 0,
          "avg_train_loss": 0.008811876959313401,
          "epoch_losses": [
            0.08994643682880062,
            0.02362113454866977,
            0.01881566042050956,
            0.01685470650120387,
            0.016003917215303295,
            0.01561568658207617,
            0.015034430527261325,
            0.01495501311081979,
            0.01480973729982026,
            0.014088386211485143,
            0.013418024184093588,
            0.012497157604980564,
            0.012315989959807623,
            0.011097104510381109,
            0.010836212274928888,
            0.009541039916849325,
            0.008854056035892831,
            0.008308064780153689,
            0.008616884024665943,
            0.007932129345597729,
            0.00751157291603112,
            0.007039185014686414,
            0.006632915335810847,
            0.006386322582820578,
            0.005820650574085968,
            0.0053588886826580005,
            0.004744437914933004,
            0.0042350156979251005,
            0.004054197064039135,
            0.0036031807743249432,
            0.003540966624674934,
            0.003096413368078333,
            0.0034896701164100143,
            0.002565039957444819,
            0.0024541684163970844,
            0.002508728084937921,
            0.00236117786132834,
            0.0021147876793134305,
            0.001916081216814558,
            0.0019745607213634583,
            0.001862804551372334,
            0.0017311259335468685,
            0.001672607971288796,
            0.0016612281693914343,
            0.0015899056156668517,
            0.0014720056700291083,
            0.0016404393347098478,
            0.001524348848588055,
            0.001500072434455866,
            0.001369576949241852
          ],
          "prediction_variance": [
            3.7678102671634406e-05,
            0.0007818409358151257,
            5.343828161130659e-05
          ]
        }
      ],
      [
        {
          "iteration": 0,
          "seed": 44,
          "total_samples_seen": 0,
          "samples_added": 0,
          "mse_per_output": [
            0.3323271136921259,
            0.6146982606331824,
            0.2810971128424064
          ],
          "total_mse": 1.2281224871677148,
          "window_size": 1.0,
          "center_point": [
            0.5000038227775604,
            0.5003280052336098,
            0.500042579988823
          ],
          "pool_idx": null,
          "avg_train_loss": null,
          "prediction_variance": [
            NaN,
            NaN,
            NaN
          ]
        },
        {
          "iteration": 1,
          "seed": 44,
          "total_samples_seen": 1000,
          "samples_added": 1000,