{
  "500": {
    "0.2": {
      "final_mse": 1.7645023293353248e-06,
      "final_mse_std": 5.211453274021241e-07,
      "total_samples": 2996.2,
      "n_iterations": 6
    }
  }
}