{
  "pipeline_name": "sample_efficiency_800per_iter_shrink0.1",
  "timestamp": "2025-11-21 10:28:38",
  "config": {
    "model_type": "NeuralNetModel",
    "model_params": "{'input_size': 6, 'output_size': 3, 'hidden_sizes': (64, 32), 'activation': 'tanh', 'learning_rate': 0.001, 'model_name': 'adaptive_batch_sampling_nn'}",
    "n_iterations": 1,
    "samples_per_iteration": 800,
    "n_epochs": 50,
    "batch_size": 16,
    "initial_window_size": 1.0,
    "shrink_rate": 0.1,
    "num_seeds": 5,
    "window_type": "output",
    "use_model_prediction": true,
    "num_pool_datasets": 25,
    "pool_samples_per_dataset": [
      4000,
      3000,
      1000,
      2500,
      2500,
      2500,
      500,
      2000,
      2500,
      2525,
      2550,
      2575,
      2000,
      2600,
      2550,
      2575,
      2600,
      2500,
      2525,
      1500,
      2700,
      2700,
      2000,
      2750,
      2750
    ],
    "total_pool_samples": 59900,
    "test_samples": 1
  },
  "data_info": {},
  "training_info": {},
  "evaluation": {},
  "raw_results": {
    "all_seed_results": [
      [
        {
          "iteration": 0,
          "seed": 42,
          "total_samples_seen": 0,
          "samples_added": 0,
          "mse_per_output": [
            0.4405290911022497,
            0.40908634237146047,
            0.12105410741812224
          ],
          "total_mse": 0.9706695408918324,
          "window_size": 1.0,
          "center_point": [
            0.5000038227775604,
            0.5003280052336098,
            0.500042579988823
          ],
          "pools_used": [],
          "avg_train_loss": null,
          "prediction_variance": [
            NaN,
            NaN,
            NaN
          ]
        },
        {
          "iteration": 1,
          "seed": 42,
          "total_samples_seen": 800,
          "samples_added": 800,
          "mse_per_output": [
            0.0010849743700562383,
            0.005199868773052518,
            6.0705566203765834e-05
          ],
          "total_mse": 0.006345548709312521,
          "window_size": 1.0,
          "center_point": [
            0.5000038227775604,
            0.5003280052336098,
            0.500042579988823
          ],
          "pools_used": [
            0
          ],
          "avg_train_loss": 0.010984585879091173,
          "epoch_losses": [
            0.10578949302434922,
            0.031468056067824365,
            0.021681280732154848,
            0.017521100658923386,
            0.01646191468462348,
            0.016523989383131266,
            0.01566548939794302,
            0.01537605443969369,
            0.015393308065831661,
            0.014788333103060722,
            0.014273385629057883,
            0.013977619353681803,
            0.013484186856076122,
            0.013280992042273282,
            0.013306875182315707,
            0.012561725247651338,
            0.012441811682656408,
            0.011127657126635312,
            0.010502311838790775,
            0.010431677652522921,
            0.009410998383536935,
            0.009220747156068682,
            0.009425665391609073,
            0.00901532469317317,
            0.008286843774840236,
            0.00802374558057636,
            0.007973548560403287,
            0.007330119526013732,
            0.006823766021989286,
            0.0070876445202156906,
            0.005936339693143964,
            0.005589230093173683,
            0.005518075753934681,
            0.00477022391743958,
            0.00441620628349483,
            0.004310114979743957,
            0.003945881426334381,
            0.003612683617975563,
            0.0032488168822601437,
            0.003120635717641562,
            0.003483970249071717,
            0.0031650093826465307,
            0.0027262162987608464,
            0.002628885095473379,
            0.0026026133715640752,
            0.00281805798294954,
            0.002243653261102736,
            0.0021657260740175844,
            0.002184091038070619,
            0.0020871970581356437
          ],
          "prediction_variance": [
            8.961449930211529e-05,
            0.0016729760682210326,
            6.540769390994683e-05
          ]
        }
      ],
      [
        {
          "iteration": 0,
          "seed": 43,
          "total_samples_seen": 0,
          "samples_added": 0,
          "mse_per_output": [
            0.290621434909585,
            0.5362742665888716,
            0.3780339985445778
          ],
          "total_mse": 1.2049297000430343,
          "window_size": 1.0,
          "center_point": [
            0.5000038227775604,
            0.5003280052336098,
            0.500042579988823
          ],
          "pools_used": [],
          "avg_train_loss": null,
          "prediction_variance": [
            NaN,
            NaN,
            NaN
          ]
        },
        {
          "iteration": 1,
          "seed": 43,
          "total_samples_seen": 800,
          "samples_added": 800,
          "mse_per_output": [
            0.0009125474760088575,
            0.004560378092652418,
            0.00037494283390304255
          ],
          "total_mse": 0.005847868402564319,
          "window_size": 1.0,
          "center_point": [
            0.5000038227775604,
            0.5003280052336098,
            0.500042579988823
          ],
          "pools_used": [
            0
          ],
          "avg_train_loss": 0.012223243440757505,
          "epoch_losses": [
            0.12337550345808268,
            0.026112695634365083,
            0.01961616525426507,
            0.017472412809729575,
            0.017071553207933902,
            0.016808527000248433,
            0.016577732916921377,
            0.01645507335662842,
            0.01606113100424409,
            0.015951999137178062,
            0.015499031143262983,
            0.015370899606496095,
            0.015122363679111003,
            0.015004597939550876,
            0.014386986382305622,
            0.013812844222411514,
            0.014099852573126554,
            0.013190842159092426,
            0.012506615640595554,
            0.012000369969755412,
            0.01139854962937534,
            0.010841546598821878,
            0.01009000713005662,
            0.010084673492237926,
            0.009216970596462488,
            0.009315202431753277,
            0.008636917630210518,
            0.008609515260905027,
            0.00823834965005517,
            0.008404079955071211,
            0.008128229286521673,
            0.007784040472470224,
            0.0070145843923091885,
            0.006480468721129,
            0.005948459571227431,
            0.005775954932905733,
            0.006186491567641497,
            0.005826705652289092,
            0.004735249425284565,
            0.004148180114571005,
            0.003833284303545952,
            0.003338389485143125,
            0.00327535308431834,
            0.0030932861170731487,
            0.0027568304864689706,
            0.002377812686609104,
            0.00230459860060364,
            0.0025773246679455042,
            0.0020858202676754447,
            0.002158098731888458
          ],
          "prediction_variance": [
            3.201721119694412e-05,
            0.0010198206873610616,
            0.000181717419764027
          ]
        }
      ],
      [
        {
          "iteration": 0,
          "seed": 44,
          "total_samples_seen": 0,
          "samples_added": 0,
          "mse_per_output": [
            0.08719152079561328,
            0.6464147397111044,
            0.4197129617714513
          ],
          "total_mse": 1.153319222278169,
          "window_size": 1.0,
          "center_point": [
            0.5000038227775604,
            0.5003280052336098,
            0.500042579988823
          ],
          "pools_used": [],
          "avg_train_loss": null,