{
  "pipeline_name": "sample_efficiency_512per_iter_shrink1",
  "timestamp": "2025-12-04 13:12:38",
  "config": {
    "model_type": "NeuralNetModel",
    "model_params": "{'input_size': 6, 'output_size': 3, 'hidden_sizes': (64, 32), 'activation': 'tanh', 'learning_rate': 0.001, 'model_name': 'adaptive_batch_sampling_nn', 'seed': 42}",
    "n_iterations": 1,
    "samples_per_iteration": 512,
    "n_epochs": 50,
    "batch_size": 16,
    "initial_window_size": 1.0,
    "shrink_rate": 1,
    "num_seeds": 5,
    "window_type": "output",
    "use_model_prediction": false,
    "remove_first_pool_each_iteration": false,
    "num_pool_datasets": 31,
    "pool_samples_per_dataset": [
      2000,
      2000,
      2520,
      2520,
      1506,
      2520,
      2520,
      3000,
      1000,
      2500,
      2500,
      2500,
      500,
      2000,
      2500,
      2525,
      2550,
      2575,
      2000,
      2600,
      2550,
      2575,
      2600,
      2500,
      2525,
      1500,
      2700,
      2700,
      2000,
      2750,
      2750
    ],
    "total_pool_samples": 71486,
    "test_samples": 1
  },
  "data_info": {},
  "training_info": {},
  "evaluation": {},
  "raw_results": {
    "all_seed_results": [
      [
        {
          "iteration": 0,
          "seed": 42,
          "total_samples_seen": 0,
          "samples_added": 0,
          "mse_per_output": [
            0.5993477555736278,
            0.2971975857947789,
            0.34931573176184927
          ],
          "total_mse": 1.2458610731302562,
          "window_size": 1.0,
          "center_point": [
            0.5000038227775604,
            0.5003280052336098,
            0.500042579988823
          ],
          "pools_used": [],
          "avg_train_loss": null,
          "prediction_variance": [
            NaN,
            NaN,
            NaN
          ]
        },
        {
          "iteration": 1,
          "seed": 42,
          "total_samples_seen": 512,
          "samples_added": 512,
          "mse_per_output": [
            0.000688671226203208,
            0.00034946721699352564,
            0.00012533829216858128
          ],
          "total_mse": 0.001163476735365315,
          "window_size": 1.0,
          "center_point": [
            0.5000038227775604,
            0.5003280052336098,
            0.500042579988823
          ],
          "pools_used": [
            0
          ],
          "avg_train_loss": 0.015340785426524235,
          "epoch_losses": [
            0.1794107916066423,
            0.03446201334008947,
            0.026000070240115747,
            0.022555460804142058,
            0.0209627851145342,
            0.018643509305547923,
            0.017325976979918778,
            0.016440160921774805,
            0.015929059707559645,
            0.015659633179893717,
            0.015411155167385004,
            0.01529805813333951,
            0.015072414855239913,
            0.014836398768238723,
            0.014470295223873109,
            0.014715930985403247,
            0.014228809217456728,
            0.0138258978840895,
            0.013477713073370978,
            0.013326776403118856,
            0.012882584240287542,
            0.01275996325421147,
            0.012256305490154773,
            0.011649776977719739,
            0.011783940106397495,
            0.011010360409272835,
            0.010894715684116818,
            0.010372642645961605,
            0.009818543490837328,
            0.00920171829056926,
            0.009374889254104346,
            0.009004234772874042,
            0.008790024789050221,
            0.00858100967889186,
            0.008521826035575941,
            0.008065157366218045,
            0.007407700664771255,
            0.007621524564456195,
            0.0076522891176864505,
            0.007113051564374473,
            0.006929671668331139,
            0.006705473089823499,
            0.006890681936056353,
            0.006554066036187578,
            0.005849087770911865,
            0.0058063201868208125,
            0.005957001390925143,
            0.0057887949733412825,
            0.004926808062009513,
            0.00481619690253865
          ],
          "prediction_variance": [
            NaN,
            NaN,
            NaN
          ],
          "test_predictions_scaled": [
            [
              0.5262463688850403,
              0.5190220475196838,
              0.5112380385398865
            ]
          ],
          "test_true_scaled": [
            [
              0.5000038227775604,
              0.5003280052336098,
              0.500042579988823
            ]
          ]
        }
      ],
      [
        {
          "iteration": 0,
          "seed": 43,
          "total_samples_seen": 0,
          "samples_added": 0,
          "mse_per_output": [
            0.5993477555736278,
            0.2971975857947789,
            0.34931573176184927
          ],
          "total_mse": 1.2458610731302562,
          "window_size": 1.0,
          "center_point": [
            0.5000038227775604,
            0.5003280052336098,
            0.500042579988823
          ],
          "pools_used": [],
          "avg_train_loss": null,
          "prediction_variance": [
            NaN,
            NaN,
            NaN
          ]
        },
        {
          "iteration": 1,
          "seed": 43,
          "total_samples_seen": 512,
          "samples_added": 512,
          "mse_per_output": [
            9.577282905501854e-05,
            2.714948002743808e-06,
            6.125039864130793e-06
          ],
          "total_mse": 0.00010461281692189315,
          "window_size": 1.0,
          "center_point": [
            0.5000038227775604,
            0.5003280052336098,
            0.500042579988823
          ],
          "pools_used": [
            0
          ],
          "avg_train_loss": 0.01603115940532007,
          "epoch_losses": [
            0.1781414448050782,
            0.035846478189341724,
            0.026817747217137367,
            0.0242412761435844,
            0.02187320595839992,
            0.02009835181524977,
            0.018578905379399657,
            0.01739675411954522,
            0.017336562334094197,
            0.016546793369343504,
            0.01655433003907092,
            0.01638473934144713,
            0.01597149291774258,
            0.01636397556285374,
            0.016109614953165874,
            0.015556826867396012,
            0.015080800163559616,
            0.014947292249416932,
            0.014648964017396793,
            0.01427202406921424,
            0.014534706569975242,
            0.013708086451515555,
            0.013712975560338236,
            0.013113176129991189,
            0.01225613737187814,
            0.011939321528188884,
            0.011571066002943553,
            0.011236948776058853,
            0.010649891293724068,
            0.010056520972284488,
            0.00966785203490872,
            0.00954681113944389,
            0.009478079606196843,
            0.009041715529747307,
            0.009349697225843556,
            0.0083329770641285,
            0.007948417565785348,
            0.00827105411735829,
            0.008223107557569165,
            0.007405234224279411,
            0.006875747072626837,
            0.0065709969130693935,
            0.0067811412081937306,
            0.006536176078952849,
            0.0060771768912673,
            0.005738813561038114,
            0.005474192774272524,
            0.005569532993831672,
            0.004649572929338319,
            0.004473263608815614
          ],
          "prediction_variance": [
            NaN,
            NaN,
            NaN
          ],
          "test_predictions_scaled": [
            [
              0.5097901821136475,
              0.5019757151603699,
              0.5025174617767334
            ]
          ],