{
  "pipeline_name": "sample_efficiency_2000samples_3iters",
  "timestamp": "2025-11-09 18:55:14",
  "config": {
    "model_type": "NeuralNetModel",
    "model_params": "{'input_size': 6, 'output_size': 3, 'hidden_sizes': (64, 32), 'activation': 'tanh', 'learning_rate': 0.001, 'model_name': 'adaptive_batch_sampling_nn'}",
    "n_iterations": 3,
    "samples_per_iteration": 666,
    "n_epochs": 50,
    "batch_size": 64,
    "initial_window_size": 1.0,
    "shrink_rate": 0.3,
    "num_seeds": 1,
    "window_type": "output",
    "use_model_prediction": true,
    "num_pool_datasets": 17,
    "pool_samples_per_dataset": [
      4000,
      3000,
      1000,
      2500,
      2500,
      2500,
      500,
      2000,
      2000,
      2600,
      2600,
      1500,
      2700,
      2700,
      2000,
      2750,
      2750
    ],
    "total_pool_samples": 39600,
    "test_samples": 1
  },
  "data_info": {},
  "training_info": {},
  "evaluation": {},
  "raw_results": {
    "all_seed_results": [
      [
        {
          "iteration": 0,
          "seed": 42,
          "total_samples_seen": 0,
          "samples_added": 0,
          "mse_per_output": [
            0.18865803859194102,
            0.10582404158907965,
            0.22786243587529628
          ],
          "total_mse": 0.5223445160563169,
          "window_size": 1.0,
          "center_point": [
            0.5000038227775604,
            0.5003280052336098,
            0.500042579988823
          ],
          "pools_used": [],
          "avg_train_loss": null,
          "prediction_variance": [
            NaN,
            NaN,
            NaN
          ]
        },
        {
          "iteration": 1,
          "seed": 42,
          "total_samples_seen": 666,
          "samples_added": 666,
          "mse_per_output": [
            0.0017291205658855494,
            0.011393668722369273,
            0.0002646747352230493
          ],
          "total_mse": 0.01338746402347787,
          "window_size": 1.0,
          "center_point": [
            0.5000038227775604,
            0.5003280052336098,
            0.500042579988823
          ],
          "pools_used": [
            0
          ],
          "avg_train_loss": 0.019303748077628288,
          "epoch_losses": [
            0.17803752422332764,
            0.043773628093979576,
            0.0398897836831483,
            0.028335763988169758,
            0.02475325052033771,
            0.021449936215173115,
            0.02021312341094017,
            0.01893785240297968,
            0.01769393157552589,
            0.016969323581592602,
            0.01686977612024004,
            0.016471775079315357,
            0.01576158218085766,
            0.015738692642612892,
            0.01595731604505669,
            0.015595416623083029,
            0.015386634929613634,
            0.015249909325079485,
            0.015271505679596554,
            0.015303590673614632,
            0.015498809262432835,
            0.014838866466148333,
            0.014728837223215536,
            0.014855915680527687,
            0.014580406925894997,
            0.014472927051511679,
            0.014404607936739922,
            0.014525673352181911,
            0.014226888814433054,
            0.013925120827149261,
            0.013935872268947687,
            0.01421258920295672,
            0.013719274831766432,
            0.013728781264613975,
            0.013357989405366507,
            0.013325178318402985,
            0.013272116384045645,
            0.013824898326261477,
            0.013195528394796631,
            0.012558128176765009,
            0.012484521435743029,
            0.012299059382216497,
            0.01234388817101717,
            0.011883521706543186,
            0.011746310036290775,
            0.011512634344398975,
            0.011378563771193678,
            0.011054919863289053,
            0.011016586795449257,
            0.010618671266870066
          ],
          "prediction_variance": [
            0.00028206355636939406,
            0.00040303877904079854,
            0.00015033103409223258
          ]
        },
        {
          "iteration": 2,
          "seed": 42,
          "total_samples_seen": 1332,
          "samples_added": 666,
          "mse_per_output": [
            0.00026894733551824986,
            0.0038260062925376754,
            8.546655467365918e-06
          ],
          "total_mse": 0.004103500283523291,
          "window_size": 0.3,
          "center_point": [
            0.5415865182876587,
            0.6070691347122192,
            0.5163114070892334
          ],
          "pools_used": [
            0,
            1
          ],
          "avg_train_loss": 0.0012824941781053151,
          "epoch_losses": [
            0.0017724180572920225,
            0.0015958998119458556,
            0.0015858959787609902,
            0.001572998431087895,
            0.0015465340005572546,
            0.0015651399735361338,
            0.0015211762246591124,
            0.0014916403346102345,
            0.001510285507802936,
            0.0015019165161489086,
            0.0014866820473054593,
            0.001471833865666254,
            0.001504511837000874,
            0.0014908501709049399,
            0.0015129903860559518,
            0.0014344712465324185,
            0.0014742267720231955,
            0.0013950339052826166,
            0.0013983153145421636,
            0.001364619143053212,
            0.0013550429880111055,
            0.0013444557764821432,
            0.001284467506180094,
            0.0013126994864168491,
            0.001278986021961001,
            0.0012694325467402284,
            0.0012758982642977076,
            0.0012589741963893175,
            0.0012324830432507124,
            0.0012406148757277565,
            0.0011938969731669533,
            0.0012363970004530115,
            0.0012026170945980332,
            0.0011761334978721359,
            0.0011597090792334216,
            0.001102024821606888,
            0.0011275750902396712,
            0.0010725025574422696,
            0.0010687441575679588,
            0.001048746116628701,
            0.0010225113364867866,
            0.001010954406493428,
            0.0010059045902876692,
            0.0009804154608652673,
            0.0009738158709792929,
            0.00096166402165016,
            0.0009132628699510612,
            0.0009380981209687889,
            0.0009698050668124448,
            0.0009094365417364646
          ],
          "prediction_variance": [
            9.644072633818723e-06,
            0.00010272491635987535,
            2.159375327437374e-07
          ]
        },
        {
          "iteration": 3,
          "seed": 42,
          "total_samples_seen": 1934,
          "samples_added": 602,
          "mse_per_output": [
            4.538537024001513e-05,
            0.0006111349980704443,
            3.1993255293932976e-07
          ],
          "total_mse": 0.0006568403008633988,
          "window_size": 0.09,
          "center_point": [
            0.5164034366607666,
            0.5621827244758606,
            0.502966046333313
          ],
          "pools_used": [
            0,
            1,
            2,
            3
          ],
          "avg_train_loss": 4.3842377344844856e-05,