{
  "pipeline_name": "sample_efficiency_3000samples_5iters",
  "timestamp": "2025-11-07 19:03:05",
  "config": {
    "model_type": "NeuralNetModel",
    "model_params": "{'input_size': 6, 'output_size': 3, 'hidden_sizes': (64, 32), 'activation': 'tanh', 'learning_rate': 0.001, 'model_name': 'adaptive_batch_sampling_nn'}",
    "n_iterations": 5,
    "samples_per_iteration": 600,
    "n_epochs": 50,
    "batch_size": 16,
    "initial_window_size": 1.0,
    "shrink_rate": 0.1,
    "num_seeds": 1,
    "window_type": "output",
    "use_model_prediction": true,
    "num_pool_datasets": 7,
    "pool_samples_per_dataset": [
      4000,
      1000,
      2500,
      500,
      2000,
      1500,
      2000
    ],
    "total_pool_samples": 13500,
    "test_samples": 1
  },
  "data_info": {},
  "training_info": {},
  "evaluation": {},
  "raw_results": {
    "all_seed_results": [
      [
        {
          "iteration": 0,
          "seed": 42,
          "total_samples_seen": 0,
          "samples_added": 0,
          "mse_per_output": [
            0.754902291872527,
            0.3332987040415589,
            0.1549089323772328
          ],
          "total_mse": 1.2431099282913187,
          "window_size": 1.0,
          "center_point": [
            0.5000038227775604,
            0.5003280052336098,
            0.500042579988823
          ],
          "pools_used": [],
          "avg_train_loss": null,
          "prediction_variance": [
            NaN,
            NaN,
            NaN
          ]
        },
        {
          "iteration": 1,
          "seed": 42,
          "total_samples_seen": 600,
          "samples_added": 600,
          "mse_per_output": [
            0.0025535046228205576,
            0.006987681710440663,
            0.00040570722728608443
          ],
          "total_mse": 0.009946893560547305,
          "window_size": 1.0,
          "center_point": [
            0.5000038227775604,
            0.5003280052336098,
            0.500042579988823
          ],
          "pools_used": [
            0
          ],
          "avg_train_loss": 0.015441702241078017,
          "epoch_losses": [
            0.1591572854667902,
            0.03111592444934343,
            0.025376787605254275,
            0.022788326231468665,
            0.02034486477312289,
            0.018367579598960123,
            0.016814254935046558,
            0.016003881911992243,
            0.015568992270058707,
            0.015464520633318707,
            0.01514360078267361,
            0.01508963953605608,
            0.015039805641495868,
            0.01502922081731652,
            0.01467193432740475,
            0.014503492826693937,
            0.01451152538586604,
            0.014286671985725039,
            0.01414550833502098,
            0.014179048030392119,
            0.013367108020343278,
            0.013148302996629163,
            0.013086399382078335,
            0.013244799571111798,
            0.013761210181799374,
            0.012001218629608812,
            0.012738544763507028,
            0.012804128842330292,
            0.010958117776011167,
            0.010941123197737494,
            0.010254247334638708,
            0.010225825269069327,
            0.010564182186499238,
            0.00974657095503062,
            0.009435016453560246,
            0.00923950168745298,
            0.010153079907851,
            0.009137505849235152,
            0.008779615531430432,
            0.0079030217602849,
            0.007563241702308388,
            0.007267824931707429,
            0.007078837750381545,
            0.0067587458271239145,
            0.006170968396442109,
            0.006038955706906946,
            0.005930246405401512,
            0.005469917932427243,
            0.0058994161786119406,
            0.004814571382379846
          ],
          "prediction_variance": [
            7.786632340867072e-05,
            0.001211618771776557,
            0.00018456090765539557
          ]
        },
        {
          "iteration": 2,
          "seed": 42,
          "total_samples_seen": 608,
          "samples_added": 8,
          "mse_per_output": [
            4.539031709634625e-06,
            0.0011999635568171252,
            8.835082683116165e-06
          ],
          "total_mse": 0.0012133376712098762,
          "window_size": 0.1,
          "center_point": [
            0.550536036491394,
            0.5839203596115112,
            0.5201847553253174
          ],
          "pools_used": [
            0
          ],
          "avg_train_loss": 0.00024673036903550383,
          "epoch_losses": [
            0.0018609234830364585,
            0.0014001803938299417,
            0.000509575882460922,
            0.0001425549853593111,
            0.00046764605212956667,
            0.0008520092815160751,
            0.0007835436845198274,
            0.0004380254540592432,
            0.0002872306213248521,
            0.00043808447662740946,
            0.0005718522588722408,
            0.0004367796645965427,
            0.0001714290992822498,
            8.029758464545012e-05,
            0.0002297744940733537,
            0.00039431810728274286,
            0.000367135857231915,
            0.00019846748909913003,
            8.658932347316295e-05,
            0.00011771514982683584,
            0.00019426309154368937,
            0.00019617390353232622,
            0.0001306462218053639,
            9.156750456895679e-05,
            0.00011966595047852024,
            0.0001580744719831273,
            0.00014170730719342828,
            8.383334352402017e-05,
            5.016579962102696e-05,
            7.051150168990716e-05,
            0.00010768543870653957,
            0.00011252705007791519,
            8.337759936694056e-05,
            5.7709003158379346e-05,
            5.935798981226981e-05,
            7.38047092454508e-05,
            7.531786832259968e-05,
            6.162385398056358e-05,
            5.160760338185355e-05,
            5.6496995966881514e-05,
            6.61455633235164e-05,
            6.520030729006976e-05,
            5.356056135497056e-05,
            4.4535478082252666e-05,
            4.6562676288885996e-05,
            5.382973176892847e-05,
            5.578943819273263e-05,
            5.054268331150524e-05,
            4.512098530540243e-05,
            4.4980475649936125e-05
          ],
          "prediction_variance": [
            2.122685509675648e-05,
            0.0001772553805494681,
            5.790830073237885e-06
          ]
        },
        {
          "iteration": 3,
          "seed": 42,
          "total_samples_seen": 612,
          "samples_added": 4,
          "mse_per_output": [
            7.416191512893476e-06,
            0.00024500749583740607,
            1.6537253359445009e-07
          ],
          "total_mse": 0.000252589059883894,
          "window_size": 0.010000000000000002,
          "center_point": [
            0.5021343231201172,
            0.5349684953689575,
            0.49707019329071045
          ],
          "pools_used": [
            1,
            2
          ],
          "avg_train_loss": 1.5277002518985227e-05,