{
  "pipeline_name": "sample_efficiency_3000samples_3iters",
  "timestamp": "2025-11-10 11:02:09",
  "config": {
    "model_type": "NeuralNetModel",
    "model_params": "{'input_size': 6, 'output_size': 3, 'hidden_sizes': (64, 32), 'activation': 'tanh', 'learning_rate': 0.001, 'model_name': 'adaptive_batch_sampling_nn'}",
    "n_iterations": 3,
    "samples_per_iteration": 1000,
    "n_epochs": 50,
    "batch_size": 16,
    "initial_window_size": 1.0,
    "shrink_rate": 0.2,
    "num_seeds": 1,
    "window_type": "output",
    "use_model_prediction": true,
    "num_pool_datasets": 25,
    "pool_samples_per_dataset": [
      4000,
      3000,
      1000,
      2500,
      2500,
      2500,
      500,
      2000,
      2500,
      2525,
      2550,
      2575,
      2000,
      2600,
      2550,
      2575,
      2600,
      2500,
      2525,
      1500,
      2700,
      2700,
      2000,
      2750,
      2750
    ],
    "total_pool_samples": 59900,
    "test_samples": 1
  },
  "data_info": {},
  "training_info": {},
  "evaluation": {},
  "raw_results": {
    "all_seed_results": [
      [
        {
          "iteration": 0,
          "seed": 42,
          "total_samples_seen": 0,
          "samples_added": 0,
          "mse_per_output": [
            0.0670452417550599,
            0.37722232506120157,
            0.5438678814480108
          ],
          "total_mse": 0.9881354482642722,
          "window_size": 1.0,
          "center_point": [
            0.5000038227775604,
            0.5003280052336098,
            0.500042579988823
          ],
          "pools_used": [],
          "avg_train_loss": null,
          "prediction_variance": [
            NaN,
            NaN,
            NaN
          ]
        },
        {
          "iteration": 1,
          "seed": 42,
          "total_samples_seen": 1000,
          "samples_added": 1000,
          "mse_per_output": [
            0.0008908373549458401,
            0.0033611413162734707,
            0.00029073724395257126
          ],
          "total_mse": 0.004542715915171882,
          "window_size": 1.0,
          "center_point": [
            0.5000038227775604,
            0.5003280052336098,
            0.500042579988823
          ],
          "pools_used": [
            0
          ],
          "avg_train_loss": 0.008652910966294936,
          "epoch_losses": [
            0.08499585482336226,
            0.02158105918871505,
            0.01724892100762753,
            0.016437175683677197,
            0.016007681658107138,
            0.01588511425587866,
            0.015645524560813865,
            0.015089648820105054,
            0.014565190817746852,
            0.014151264055972062,
            0.013731745315626973,
            0.013433262047963955,
            0.01282963938715439,
            0.011752015933217038,
            0.011037078272137377,
            0.010659761231629148,
            0.00990469991746876,
            0.009173028126713775,
            0.008657226021150275,
            0.008229370587431485,
            0.007517754621360274,
            0.00678996065454114,
            0.006536165858426738,
            0.006581601867866185,
            0.005655970139842894,
            0.004726921272878017,
            0.004245194076146517,
            0.0037484540740796734,
            0.0035783716769415943,
            0.0032768555074220614,
            0.0027373433353320236,
            0.0026407140179625934,
            0.0025292308077157015,
            0.002537126086526624,
            0.0020878881692797655,
            0.001956423597654239,
            0.0019082475965473032,
            0.0020221219853579346,
            0.001998087385713699,
            0.001904367002203972,
            0.0017959830473132786,
            0.0017802489751447288,
            0.0016697543171522696,
            0.001734851485317839,
            0.001471275055322737,
            0.0014943593553090025,
            0.00158710608680156,
            0.0018897071159223006,
            0.0015140024442521353,
            0.0017141989859131475
          ],
          "prediction_variance": [
            6.197906623128802e-05,
            0.0024052890948951244,
            1.531402813270688e-05
          ]
        },
        {
          "iteration": 2,
          "seed": 42,
          "total_samples_seen": 1331,
          "samples_added": 331,
          "mse_per_output": [
            9.650424775875423e-08,
            1.219466078456852e-06,
            1.164885543813874e-06
          ],
          "total_mse": 2.48085587002948e-06,
          "window_size": 0.2,
          "center_point": [
            0.5298507213592529,
            0.5583033561706543,
            0.5170935988426208
          ],
          "pools_used": [
            0,
            1
          ],
          "avg_train_loss": 1.7635820580445786e-05,
          "epoch_losses": [
            0.0003329609121248636,
            4.7947893628068936e-05,
            1.916693582600038e-05,
            2.0098441252360188e-05,
            1.3684774200685621e-05,
            1.2461561363168238e-05,
            1.3784810020990248e-05,
            1.1712254144229173e-05,
            1.167618479701646e-05,
            1.1463863497088564e-05,
            1.0866217399736689e-05,
            1.276935563510051e-05,
            1.1415627167956527e-05,
            1.1705492852343014e-05,
            1.1420325639240522e-05,
            9.673224256056572e-06,
            1.0796199733574343e-05,
            1.2339972229147817e-05,
            1.4420471307814642e-05,
            1.1782027762646543e-05,
            1.0482730539522544e-05,
            8.801396537213199e-06,
            8.521558421697201e-06,
            1.1496736490135801e-05,
            9.601245621871341e-06,
            1.0015678006831357e-05,
            1.0529955131590083e-05,
            8.2008104116193e-06,
            9.473623343919393e-06,
            9.847330234368287e-06,
            9.070942897302475e-06,
            8.800874877037824e-06,
            8.358982627431119e-06,
            1.4580295664061504e-05,
            9.148929166258313e-06,
            1.077288745710532e-05,
            7.918168194009922e-06,
            7.426014462907915e-06,
            7.976254632272425e-06,
            7.244152551980473e-06,
            7.508789275605176e-06,
            6.6410062096284015e-06,
            9.338707340724622e-06,
            8.659279274070286e-06,
            9.182380316425614e-06,
            9.862343555748035e-06,
            7.332781727936457e-06,
            6.443536676670192e-06,
            9.122589257718314e-06,
            7.284503280537874e-06
          ],
          "prediction_variance": [
            4.230988963627169e-07,
            1.1857055142172612e-05,
            3.4038703233818524e-07
          ]
        },
        {
          "iteration": 3,
          "seed": 42,
          "total_samples_seen": 2331,
          "samples_added": 1000,
          "mse_per_output": [
            3.767892736394909e-08,
            1.3747183569078008e-06,
            2.7530653318243565e-10
          ],
          "total_mse": 1.4126725908049324e-06,
          "window_size": 0.04000000000000001,
          "center_point": [
            0.500314474105835,
            0.5014322996139526,
            0.5011218786239624
          ],
          "pools_used": [
            0,
            1,
            2,
            3,
            4
          ],
          "avg_train_loss": 1.5004077334670532e-06,