{
  "pipeline_name": "sample_efficiency_3000samples_3iters",
  "timestamp": "2025-11-07 19:16:00",
  "config": {
    "model_type": "NeuralNetModel",
    "model_params": "{'input_size': 6, 'output_size': 3, 'hidden_sizes': (64, 32), 'activation': 'tanh', 'learning_rate': 0.001, 'model_name': 'adaptive_batch_sampling_nn'}",
    "n_iterations": 3,
    "samples_per_iteration": 1000,
    "n_epochs": 50,
    "batch_size": 16,
    "initial_window_size": 1.0,
    "shrink_rate": 0.1,
    "num_seeds": 1,
    "window_type": "output",
    "use_model_prediction": true,
    "num_pool_datasets": 7,
    "pool_samples_per_dataset": [
      4000,
      1000,
      2500,
      500,
      2000,
      1500,
      2000
    ],
    "total_pool_samples": 13500,
    "test_samples": 1
  },
  "data_info": {},
  "training_info": {},
  "evaluation": {},
  "raw_results": {
    "all_seed_results": [
      [
        {
          "iteration": 0,
          "seed": 42,
          "total_samples_seen": 0,
          "samples_added": 0,
          "mse_per_output": [
            0.3090906270924962,
            0.07149039103362705,
            0.025108952511952942
          ],
          "total_mse": 0.40568997063807616,
          "window_size": 1.0,
          "center_point": [
            0.5000038227775604,
            0.5003280052336098,
            0.500042579988823
          ],
          "pools_used": [],
          "avg_train_loss": null,
          "prediction_variance": [
            NaN,
            NaN,
            NaN
          ]
        },
        {
          "iteration": 1,
          "seed": 42,
          "total_samples_seen": 1000,
          "samples_added": 1000,
          "mse_per_output": [
            0.0007987513774377252,
            0.0024359071388490383,
            0.00027883250706830717
          ],
          "total_mse": 0.0035134910233550706,
          "window_size": 1.0,
          "center_point": [
            0.5000038227775604,
            0.5003280052336098,
            0.500042579988823
          ],
          "pools_used": [
            0
          ],
          "avg_train_loss": 0.008422210327421669,
          "epoch_losses": [
            0.055310273483868626,
            0.026295402279448887,
            0.018662758496782138,
            0.016504047615897088,
            0.015614149234597646,
            0.015249918481068951,
            0.01484052116967856,
            0.014271110399729676,
            0.013944619882201392,
            0.013645543147706322,
            0.012739083522723781,
            0.012176680992106123,
            0.011349582667684271,
            0.010689192000658267,
            0.010733230157740532,
            0.009964548302666536,
            0.009314494998386455,
            0.008480589312042982,
            0.008803841314234194,
            0.008418245026693931,
            0.008291008760265652,
            0.007803192273491905,
            0.007209064261544319,
            0.007315485091466043,
            0.007442227147135233,
            0.0064496370328087655,
            0.006035403740252294,
            0.00570814742425841,
            0.00518308564769252,
            0.005085483644275911,
            0.004204839070711936,
            0.003719995544839,
            0.0033674699250638247,
            0.003103933577048814,
            0.002947434552923022,
            0.0026007568230852485,
            0.0025529448027973847,
            0.0024323881528015056,
            0.00230433564311603,
            0.0020907110634392928,
            0.001991083685656093,
            0.002281217936552056,
            0.001967073572496514,
            0.0018511198475838653,
            0.0019083140872507578,
            0.0016942632644222902,
            0.0016727978132650375,
            0.001575124364102348,
            0.0016295011839016326,
            0.0016846439509194285
          ],
          "prediction_variance": [
            0.00010765316983452067,
            0.003684734459966421,
            6.119524186942726e-05
          ]
        },
        {
          "iteration": 2,
          "seed": 42,
          "total_samples_seen": 1914,
          "samples_added": 914,
          "mse_per_output": [
            3.7959336936145566e-07,
            2.3507174038772926e-05,
            1.234207017398264e-06
          ],
          "total_mse": 2.5120974425532647e-05,
          "window_size": 0.1,
          "center_point": [
            0.5282660126686096,
            0.5496829152107239,
            0.5167408585548401
          ],
          "pools_used": [
            0,
            1,
            2
          ],
          "avg_train_loss": 4.734030965288373e-06,
          "epoch_losses": [
            0.00015664989641193423,
            7.598414299536671e-06,
            4.7947473635288365e-06,
            4.147394236042601e-06,
            3.0136070347844937e-06,
            3.173725454824558e-06,
            2.0289437612001196e-06,
            1.9809960580742285e-06,
            1.768035401945436e-06,
            1.5176386624645977e-06,
            1.3077625982893143e-06,
            1.5349871724648154e-06,
            1.586055903685676e-06,
            1.3986542802709224e-06,
            1.2897642508944736e-06,
            1.2634747067436521e-06,
            1.1357091745206413e-06,
            1.373748787614204e-06,
            1.327550456874727e-06,
            1.0905351996762907e-06,
            1.2190987912037661e-06,
            1.2121396886069023e-06,
            1.066993134153218e-06,
            1.1359077660699768e-06,
            1.2936584999249982e-06,
            1.1137370955597802e-06,
            1.0627366430855608e-06,
            1.5507854654068633e-06,
            1.0082582769914082e-06,
            1.5551138825105289e-06,
            1.6237626739282484e-06,
            1.0997903211577508e-06,
            1.188514198506239e-06,
            8.33902371584435e-07,
            1.2866564702562755e-06,
            1.1650519134565817e-06,
            8.886798286374838e-07,
            1.1907383398677447e-06,
            1.126282890399564e-06,
            9.493030942480644e-07,
            1.111943925319134e-06,
            9.95868205187623e-07,
            1.3197513981885063e-06,
            2.337806942238848e-06,
            1.2102264822166537e-06,
            1.648539598532211e-06,
            1.577359533165424e-06,
            8.945132036771987e-07,
            9.826296593571678e-07,
            1.0701567556099752e-06
          ],
          "prediction_variance": [
            7.266475421374707e-08,
            1.907755859065219e-06,
            6.204479063853796e-08
          ]
        },
        {
          "iteration": 3,
          "seed": 42,
          "total_samples_seen": 2103,
          "samples_added": 189,
          "mse_per_output": [
            4.447430255276068e-08,
            2.0085473322973867e-07,
            2.247839140964703e-08
          ],
          "total_mse": 2.6780742719214635e-07,
          "window_size": 0.010000000000000002,
          "center_point": [
            0.4993877112865448,
            0.5051764249801636,
            0.5011535286903381
          ],
          "pools_used": [
            2,
            3
          ],
          "avg_train_loss": 1.119452612748558e-07,