{
  "pipeline_name": "sample_efficiency_3000samples_8iters",
  "timestamp": "2025-11-07 19:03:21",
  "config": {
    "model_type": "NeuralNetModel",
    "model_params": "{'input_size': 6, 'output_size': 3, 'hidden_sizes': (64, 32), 'activation': 'tanh', 'learning_rate': 0.001, 'model_name': 'adaptive_batch_sampling_nn'}",
    "n_iterations": 8,
    "samples_per_iteration": 375,
    "n_epochs": 50,
    "batch_size": 16,
    "initial_window_size": 1.0,
    "shrink_rate": 0.1,
    "num_seeds": 1,
    "window_type": "output",
    "use_model_prediction": true,
    "num_pool_datasets": 7,
    "pool_samples_per_dataset": [
      4000,
      1000,
      2500,
      500,
      2000,
      1500,
      2000
    ],
    "total_pool_samples": 13500,
    "test_samples": 1
  },
  "data_info": {},
  "training_info": {},
  "evaluation": {},
  "raw_results": {
    "all_seed_results": [
      [
        {
          "iteration": 0,
          "seed": 42,
          "total_samples_seen": 0,
          "samples_added": 0,
          "mse_per_output": [
            0.14067298816725737,
            0.02681296730557758,
            0.023685702257341304
          ],
          "total_mse": 0.19117165773017625,
          "window_size": 1.0,
          "center_point": [
            0.5000038227775604,
            0.5003280052336098,
            0.500042579988823
          ],
          "pools_used": [],
          "avg_train_loss": null,
          "prediction_variance": [
            NaN,
            NaN,
            NaN
          ]
        },
        {
          "iteration": 1,
          "seed": 42,
          "total_samples_seen": 375,
          "samples_added": 375,
          "mse_per_output": [
            0.0001957428029000034,
            0.001321951693469495,
            1.7983782400774177e-05
          ],
          "total_mse": 0.0015356782787702727,
          "window_size": 1.0,
          "center_point": [
            0.5000038227775604,
            0.5003280052336098,
            0.500042579988823
          ],
          "pools_used": [
            0
          ],
          "avg_train_loss": 0.01331556508327291,
          "epoch_losses": [
            0.06708932264397542,
            0.03262027787665526,
            0.02560406473154823,
            0.022000937567402918,
            0.019688878518839676,
            0.017684704391285777,
            0.016152708946416777,
            0.01579554829125603,
            0.015333650090421239,
            0.014816762607855102,
            0.014992607563423613,
            0.01475500788850089,
            0.014430738093021015,
            0.014069953661722442,
            0.014138597374161085,
            0.014008570675893376,
            0.014170115192731222,
            0.014658240407394866,
            0.01319139941673105,
            0.013290762940111259,
            0.01310559695897003,
            0.013094643577157209,
            0.012559028419976434,
            0.011981719677957395,
            0.011901004433942338,
            0.01174246824424093,
            0.011781553194547692,
            0.011696310248225927,
            0.0111453637558346,
            0.010609628186405947,
            0.01126364393470188,
            0.01005636555297921,
            0.009544657252263278,
            0.009297189225132266,
            0.009199210462005189,
            0.00906200377115359,
            0.00821631527893866,
            0.008161688747350127,
            0.009954184953433773,
            0.007720489821319158,
            0.0072993178231020766,
            0.007396117929602042,
            0.006906689862565448,
            0.006856046752848973,
            0.007376710146976014,
            0.006587610065859432,
            0.0060767514708762365,
            0.005753341761495297,
            0.005794841291693349,
            0.005144912482743773
          ],
          "prediction_variance": [
            0.00012632118887268007,
            0.0017183783929795027,
            0.00011675539280986413
          ]
        },
        {
          "iteration": 2,
          "seed": 42,
          "total_samples_seen": 382,
          "samples_added": 7,
          "mse_per_output": [
            7.560375982273114e-06,
            0.00021062414056488877,
            1.2338940886858598e-08
          ],
          "total_mse": 0.00021819685548804874,
          "window_size": 0.1,
          "center_point": [
            0.5139946341514587,
            0.5366866588592529,
            0.5042833089828491
          ],
          "pools_used": [
            0
          ],
          "avg_train_loss": 0.00010117227560840547,
          "epoch_losses": [
            0.00027229564148001373,
            0.00012347129813861102,
            9.282655810238793e-05,
            0.00018213455041404814,
            0.00023653650714550167,
            0.00017903641855809838,
            9.764307469595224e-05,
            9.68540261965245e-05,
            0.00015487027121707797,
            0.00017557664250489324,
            0.0001303773606196046,
            8.437508950009942e-05,
            9.290424350183457e-05,
            0.00012955153943039477,
            0.0001359819871140644,
            0.00010522393131395802,
            8.125363092403859e-05,
            9.08740985323675e-05,
            0.000111332607048098,
            0.00011011974129360169,
            9.021847654366866e-05,
            7.931905565783381e-05,
            8.798955241218209e-05,
            9.86939194262959e-05,
            9.464773029321805e-05,
            8.225973579101264e-05,
            7.810277747921646e-05,
            8.462066034553573e-05,
            8.946072193793952e-05,
            8.493870700476691e-05,
            7.759179425192997e-05,
            7.67087985877879e-05,
            8.122033614199609e-05,
            8.300325134769082e-05,
            7.91453494457528e-05,
            7.491684664273635e-05,
            7.513887248933315e-05,
            7.777927385177463e-05,
            7.800861931173131e-05,
            7.525199907831848e-05,
            7.312194793485105e-05,
            7.368507795035839e-05,
            7.494322926504537e-05,
            7.434479630319402e-05,
            7.239871774800122e-05,
            7.141057722037658e-05,
            7.19773888704367e-05,
            7.246978930197656e-05,
            7.166342402342707e-05,
            7.034313603071496e-05
          ],
          "prediction_variance": [
            4.3563622398323787e-07,
            2.197439971496351e-05,
            6.836056627435028e-07
          ]
        },
        {
          "iteration": 3,
          "seed": 42,
          "total_samples_seen": 383,
          "samples_added": 1,
          "mse_per_output": [
            1.364652345427552e-06,
            5.5414368989816487e-05,
            7.339991099478446e-13
          ],
          "total_mse": 5.677902206924315e-05,
          "window_size": 0.010000000000000002,
          "center_point": [
            0.5027534365653992,
            0.5148409008979797,
            0.500153660774231
          ],
          "pools_used": [
            1
          ],
          "avg_train_loss": 1.9432830321708393e-06,