{
  "pipeline_name": "sample_efficiency_512per_iter_shrink1",
  "timestamp": "2025-12-04 13:07:04",
  "config": {
    "model_type": "NeuralNetModel",
    "model_params": "{'input_size': 6, 'output_size': 3, 'hidden_sizes': (64, 32), 'activation': 'tanh', 'learning_rate': 0.001, 'model_name': 'adaptive_batch_sampling_nn', 'seed': 42}",
    "n_iterations": 1,
    "samples_per_iteration": 512,
    "n_epochs": 50,
    "batch_size": 16,
    "initial_window_size": 1.0,
    "shrink_rate": 1,
    "num_seeds": 5,
    "window_type": "output",
    "use_model_prediction": false,
    "remove_first_pool_each_iteration": false,
    "num_pool_datasets": 31,
    "pool_samples_per_dataset": [
      4000,
      2000,
      2520,
      2520,
      1506,
      2520,
      2520,
      3000,
      1000,
      2500,
      2500,
      2500,
      500,
      2000,
      2500,
      2525,
      2550,
      2575,
      2000,
      2600,
      2550,
      2575,
      2600,
      2500,
      2525,
      1500,
      2700,
      2700,
      2000,
      2750,
      2750
    ],
    "total_pool_samples": 73486,
    "test_samples": 1
  },
  "data_info": {},
  "training_info": {},
  "evaluation": {},
  "raw_results": {
    "all_seed_results": [
      [
        {
          "iteration": 0,
          "seed": 42,
          "total_samples_seen": 0,
          "samples_added": 0,
          "mse_per_output": [
            0.5993477555736278,
            0.2971975857947789,
            0.34931573176184927
          ],
          "total_mse": 1.2458610731302562,
          "window_size": 1.0,
          "center_point": [
            0.5000038227775604,
            0.5003280052336098,
            0.500042579988823
          ],
          "pools_used": [],
          "avg_train_loss": null,
          "prediction_variance": [
            NaN,
            NaN,
            NaN
          ]
        },
        {
          "iteration": 1,
          "seed": 42,
          "total_samples_seen": 512,
          "samples_added": 512,
          "mse_per_output": [
            0.00040207106100614463,
            0.0007767035950862645,
            1.838332720545052e-05
          ],
          "total_mse": 0.0011971579832978597,
          "window_size": 1.0,
          "center_point": [
            0.5000038227775604,
            0.5003280052336098,
            0.500042579988823
          ],
          "pools_used": [
            0
          ],
          "avg_train_loss": 0.016084320896625287,
          "epoch_losses": [
            0.1800360435154289,
            0.035298603936098516,
            0.025542008166667074,
            0.022659484297037125,
            0.020565207640174776,
            0.01883755627204664,
            0.017298957565799356,
            0.01613149282638915,
            0.015977521834429353,
            0.015768395271152258,
            0.015638531258446164,
            0.01533686465700157,
            0.015037428674986586,
            0.015114151960005984,
            0.014837683324003592,
            0.014440625702263787,
            0.014480061363428831,
            0.014223906808183528,
            0.01425303501309827,
            0.013722849951591343,
            0.01381834271887783,
            0.013650608831085265,
            0.012860165239544585,
            0.01279514368798118,
            0.01243061336572282,
            0.012480843986850232,
            0.012049710639985278,
            0.011391739913960919,
            0.011171993857715279,
            0.010990540977218188,
            0.011029495959519409,
            0.010293467654264532,
            0.009960370924090967,
            0.009337519513792358,
            0.009271832008380443,
            0.009500229527475312,
            0.009307288688432891,
            0.008847318407788407,
            0.009138257752056234,
            0.009371622931212187,
            0.007961915893247351,
            0.00756114943214925,
            0.007430081219354179,
            0.00723363123688614,
            0.007039180411084089,
            0.006909034644195344,
            0.006947273301193491,
            0.006366933128447272,
            0.006322426663246006,
            0.005546902277274057
          ],
          "prediction_variance": [
            NaN,
            NaN,
            NaN
          ],
          "test_predictions_scaled": [
            [
              0.5200555324554443,
              0.5281974077224731,
              0.5043301582336426
            ]
          ],
          "test_true_scaled": [
            [
              0.5000038227775604,
              0.5003280052336098,
              0.500042579988823
            ]
          ]
        }
      ],
      [
        {
          "iteration": 0,
          "seed": 43,
          "total_samples_seen": 0,
          "samples_added": 0,
          "mse_per_output": [
            0.5993477555736278,
            0.2971975857947789,
            0.34931573176184927
          ],
          "total_mse": 1.2458610731302562,
          "window_size": 1.0,
          "center_point": [
            0.5000038227775604,
            0.5003280052336098,
            0.500042579988823
          ],
          "pools_used": [],
          "avg_train_loss": null,
          "prediction_variance": [
            NaN,
            NaN,
            NaN
          ]
        },
        {
          "iteration": 1,
          "seed": 43,
          "total_samples_seen": 512,
          "samples_added": 512,
          "mse_per_output": [
            0.0004981515445829918,
            0.0011027878764336288,
            3.186130745260211e-05
          ],
          "total_mse": 0.0016328007284692227,
          "window_size": 1.0,
          "center_point": [
            0.5000038227775604,
            0.5003280052336098,
            0.500042579988823
          ],
          "pools_used": [
            0
          ],
          "avg_train_loss": 0.016422986195248086,
          "epoch_losses": [
            0.17960885260254145,
            0.036879027204122394,
            0.027140076039358974,
            0.023720386758213863,
            0.02148269210010767,
            0.01939007855253294,
            0.018474890501238406,
            0.017265603208215907,
            0.017132245906395838,
            0.017514037754153833,
            0.01657645113300532,
            0.016376795538235456,
            0.016139768151333556,
            0.0172476701263804,
            0.015740196424303576,
            0.015532784076640382,
            0.01533501798985526,
            0.015062395512359217,
            0.01495255102054216,
            0.014872923580696806,
            0.014429807066335343,
            0.014408536604605615,
            0.014073093771003187,
            0.013925797335105017,
            0.012819189782021567,
            0.012920837994897738,
            0.012395902595017105,
            0.012228924839291722,
            0.01167772538610734,
            0.0118448258144781,
            0.010906312352744862,
            0.01023311038443353,
            0.00986976275453344,
            0.009628837899072096,
            0.009603678758139722,
            0.00898521055933088,
            0.008700482023414224,
            0.008797171132755466,
            0.008806097714114003,
            0.007652865853742696,
            0.008250110506196506,
            0.007236434685182758,
            0.006834703264757991,
            0.006684906940790825,
            0.0062496953178197145,
            0.005830534995766357,
            0.005409232515376061,
            0.005071579260402359,
            0.004627651927876286,
            0.004601845546858385
          ],
          "prediction_variance": [
            NaN,
            NaN,
            NaN
          ],
          "test_predictions_scaled": [
            [
              0.5223231315612793,
              0.5335362553596497,
              0.49439799785614014
            ]
          ],