{
  "pipeline_name": "sample_efficiency_1000samples_1iters",
  "timestamp": "2025-11-10 16:59:46",
  "config": {
    "model_type": "NeuralNetModel",
    "model_params": "{'input_size': 6, 'output_size': 3, 'hidden_sizes': (64, 32), 'activation': 'tanh', 'learning_rate': 0.001, 'model_name': 'adaptive_batch_sampling_nn'}",
    "n_iterations": 1,
    "samples_per_iteration": 1000,
    "n_epochs": 50,
    "batch_size": 16,
    "initial_window_size": 1.0,
    "shrink_rate": 0.1,
    "num_seeds": 1,
    "window_type": "output",
    "use_model_prediction": true,
    "num_pool_datasets": 25,
    "pool_samples_per_dataset": [
      4000,
      3000,
      1000,
      2500,
      2500,
      2500,
      500,
      2000,
      2500,
      2525,
      2550,
      2575,
      2000,
      2600,
      2550,
      2575,
      2600,
      2500,
      2525,
      1500,
      2700,
      2700,
      2000,
      2750,
      2750
    ],
    "total_pool_samples": 59900,
    "test_samples": 1
  },
  "data_info": {},
  "training_info": {},
  "evaluation": {},
  "raw_results": {
    "all_seed_results": [
      [
        {
          "iteration": 0,
          "seed": 42,
          "total_samples_seen": 0,
          "samples_added": 0,
          "mse_per_output": [
            0.44632717673667616,
            0.07055869141054921,
            0.32323632452159384
          ],
          "total_mse": 0.8401221926688192,
          "window_size": 1.0,
          "center_point": [
            0.5000038227775604,
            0.5003280052336098,
            0.500042579988823
          ],
          "pools_used": [],
          "avg_train_loss": null,
          "prediction_variance": [
            NaN,
            NaN,
            NaN
          ]
        },
        {
          "iteration": 1,
          "seed": 42,
          "total_samples_seen": 1000,
          "samples_added": 1000,
          "mse_per_output": [
            9.633108766680367e-06,
            1.1932797572968853e-06,
            9.534953517317982e-05
          ],
          "total_mse": 0.00010617592369715707,
          "window_size": 1.0,
          "center_point": [
            0.5000038227775604,
            0.5003280052336098,
            0.500042579988823
          ],
          "pools_used": [
            0
          ],
          "avg_train_loss": 0.008621840908280796,
          "epoch_losses": [
            0.07191328426438665,
            0.0235750259210666,
            0.018619483972470912,
            0.016856933648269328,
            0.015610675830098371,
            0.015218185083497138,
            0.01489945419783157,
            0.014624403693550636,
            0.013820851938651195,
            0.013293583936516255,
            0.012367092568190798,
            0.01182772760235128,
            0.01105837927510341,
            0.010372446295583532,
            0.009843164921871253,
            0.009253643704430452,
            0.010025911387943086,
            0.008875103068671055,
            0.008489743821204656,
            0.00827754175268291,
            0.007840260408730024,
            0.007760446692358643,
            0.0074662745205892455,
            0.0069543559599431265,
            0.006742563797160983,
            0.006267277457352195,
            0.005623857682896039,
            0.005088127850155745,
            0.004768834185106532,
            0.004949353306391646,
            0.0040752962490336764,
            0.0038970778141880318,
            0.0033852082717838504,
            0.0033769636998869598,
            0.0029057831935850637,
            0.0030953391789576954,
            0.002737284382982623,
            0.002737352083111921,
            0.0022597059012494152,
            0.0024691736454971963,
            0.001974994333327881,
            0.001923599688794523,
            0.0021073967255356295,
            0.0018775479688811752,
            0.001679646681868545,
            0.0018455932667064997,
            0.0018279163549388094,
            0.0017150080576169467,
            0.0014384714064247432,
            0.0014786977646133257
          ],
          "prediction_variance": [
            1.888806036731694e-05,
            0.00047875489690341055,
            2.6746006369648967e-06
          ]
        }
      ]
    ]
  },
  "aggregated_results": [
    {
      "iteration": 0,
      "total_samples_seen": 0.0,
      "samples_added": 0.0,
      "training_samples": 0,
      "mean_total_mse": 0.8401221926688192,
      "std_total_mse": 0.0,
      "mean_mse_per_output": [
        0.44632717673667616,
        0.07055869141054921,
        0.32323632452159384
      ],
      "std_mse_per_output": [
        0.0,
        0.0,
        0.0
      ],
      "mean_train_loss": null,
      "window_size": 1.0,
      "num_seeds": 1,
      "mean_prediction_variance_per_output": [
        NaN,
        NaN,
        NaN
      ],
      "std_prediction_variance_per_output": [
        NaN,
        NaN,
        NaN
      ]
    },
    {
      "iteration": 1,
      "total_samples_seen": 1000.0,
      "samples_added": 1000.0,
      "training_samples": 50000.0,
      "mean_total_mse": 0.00010617592369715707,
      "std_total_mse": 0.0,
      "mean_mse_per_output": [
        9.633108766680367e-06,
        1.1932797572968853e-06,
        9.534953517317982e-05
      ],
      "std_mse_per_output": [
        0.0,
        0.0,
        0.0
      ],
      "mean_train_loss": 0.008621840908280796,
      "window_size": 1.0,
      "num_seeds": 1,
      "mean_prediction_variance_per_output": [
        1.888806036731694e-05,
        0.00047875489690341055,
        2.6746006369648967e-06
      ],
      "std_prediction_variance_per_output": [
        0.0,
        0.0,
        0.0
      ]
    }
  ],
  "execution_time_seconds": 25.280514
}