{
  "pipeline_name": "sample_efficiency_3000samples_5iters",
  "timestamp": "2025-11-10 11:02:57",
  "config": {
    "model_type": "NeuralNetModel",
    "model_params": "{'input_size': 6, 'output_size': 3, 'hidden_sizes': (64, 32), 'activation': 'tanh', 'learning_rate': 0.001, 'model_name': 'adaptive_batch_sampling_nn'}",
    "n_iterations": 5,
    "samples_per_iteration": 600,
    "n_epochs": 50,
    "batch_size": 16,
    "initial_window_size": 1.0,
    "shrink_rate": 0.2,
    "num_seeds": 1,
    "window_type": "output",
    "use_model_prediction": true,
    "num_pool_datasets": 25,
    "pool_samples_per_dataset": [
      4000,
      3000,
      1000,
      2500,
      2500,
      2500,
      500,
      2000,
      2500,
      2525,
      2550,
      2575,
      2000,
      2600,
      2550,
      2575,
      2600,
      2500,
      2525,
      1500,
      2700,
      2700,
      2000,
      2750,
      2750
    ],
    "total_pool_samples": 59900,
    "test_samples": 1
  },
  "data_info": {},
  "training_info": {},
  "evaluation": {},
  "raw_results": {
    "all_seed_results": [
      [
        {
          "iteration": 0,
          "seed": 42,
          "total_samples_seen": 0,
          "samples_added": 0,
          "mse_per_output": [
            0.40436130389349606,
            0.24436034152232639,
            0.25449478249088936
          ],
          "total_mse": 0.9032164279067119,
          "window_size": 1.0,
          "center_point": [
            0.5000038227775604,
            0.5003280052336098,
            0.500042579988823
          ],
          "pools_used": [],
          "avg_train_loss": null,
          "prediction_variance": [
            NaN,
            NaN,
            NaN
          ]
        },
        {
          "iteration": 1,
          "seed": 42,
          "total_samples_seen": 600,
          "samples_added": 600,
          "mse_per_output": [
            0.0007496960291716715,
            0.004823677832561797,
            1.8649708305550412e-06
          ],
          "total_mse": 0.005575238832564023,
          "window_size": 1.0,
          "center_point": [
            0.5000038227775604,
            0.5003280052336098,
            0.500042579988823
          ],
          "pools_used": [
            0
          ],
          "avg_train_loss": 0.013573940230202615,
          "epoch_losses": [
            0.11373760825709293,
            0.03318649447081905,
            0.024625435765636593,
            0.019226072919800094,
            0.016871619087300803,
            0.015747939015885715,
            0.01574291901564912,
            0.0154264592810681,
            0.015464174610219504,
            0.015318606355178514,
            0.014781948583396641,
            0.01498570932859653,
            0.014752512234018036,
            0.014571488687866613,
            0.014395193025273713,
            0.013746965652037608,
            0.01382647042996005,
            0.013505712225052872,
            0.013564211071321839,
            0.013549786061048508,
            0.012568269366104352,
            0.012108778997667526,
            0.011940291947930268,
            0.011486007047719076,
            0.0114265555197275,
            0.011211792779106059,
            0.011006617906356328,
            0.0104942643083632,
            0.012058384557205596,
            0.01082524065369446,
            0.009302201031364109,
            0.009552577142848781,
            0.008926854707839849,
            0.008377191046939084,
            0.008233200758695602,
            0.007799816342364801,
            0.007975723913037464,
            0.008201072923839092,
            0.008500323226479324,
            0.006998046368703638,
            0.006755619322096831,
            0.006115649361163378,
            0.006179221335945553,
            0.0055043194320445,
            0.00539877582463975,
            0.0048498547495048686,
            0.004822395760320911,
            0.004321193867853205,
            0.004289786956322037,
            0.004439658277030838
          ],
          "prediction_variance": [
            5.891026376048103e-05,
            0.0022499801125377417,
            5.703663919121027e-05
          ]
        },
        {
          "iteration": 2,
          "seed": 42,
          "total_samples_seen": 932,
          "samples_added": 332,
          "mse_per_output": [
            3.117977317405182e-06,
            0.0004542266434160209,
            1.2875792570101087e-10
          ],
          "total_mse": 0.0004573447494913518,
          "window_size": 0.2,
          "center_point": [
            0.5273844003677368,
            0.569780707359314,
            0.5014082193374634
          ],
          "pools_used": [
            0,
            1
          ],
          "avg_train_loss": 0.0001358426508003114,
          "epoch_losses": [
            0.00032793300938681655,
            0.0001834395048457996,
            0.0001689784056950538,
            0.00019178966682548414,
            0.00017682774999966134,
            0.00016029313008489443,
            0.00017836861488398253,
            0.000175703773579915,
            0.00015131240434129722,
            0.00014842200124846948,
            0.0001456474741904198,
            0.00013891166010926965,
            0.00013671347620575468,
            0.00014522090558395057,
            0.00015412390902860178,
            0.00016964044265304913,
            0.00016899424476183152,
            0.0001324709062048766,
            0.00014382756177967946,
            0.00014858796826696822,
            0.00013603454863186926,
            0.00013376415881793946,
            0.00013718606732297865,
            0.00013992308023651795,
            0.00013680699460868104,
            0.000134333374998754,
            0.00012259170831558074,
            0.0001218260780054455,
            0.0001070252701105173,
            0.00011198496282477641,
            0.00011018971331179186,
            0.00011371931239929316,
            0.00014045454805628176,
            0.0001128006768426747,
            0.00012184469995277358,
            0.00010730010832221957,
            0.00010823280899785459,
            9.086060232394153e-05,
            9.080074943042183e-05,
            0.0001079498619046284,
            9.261151059209147e-05,
            0.0001181303623958402,
            0.0001255758674926169,
            0.00015411444647248746,
            9.741373425987106e-05,
            8.496628634886638e-05,
            7.358712190623573e-05,
            0.00010413517174172393,
            0.00011274988165019923,
            9.601202206492114e-05
          ],
          "prediction_variance": [
            3.523952955220011e-06,
            3.364236545166932e-05,
            8.056849765125662e-07
          ]
        },
        {
          "iteration": 3,
          "seed": 42,
          "total_samples_seen": 1532,
          "samples_added": 600,
          "mse_per_output": [
            1.5089460692735597e-07,
            4.738287379225074e-06,
            1.7444165650946484e-08
          ],
          "total_mse": 4.906626151803376e-06,
          "window_size": 0.04000000000000001,
          "center_point": [
            0.5017696022987366,
            0.5216405987739563,
            0.5000312328338623
          ],
          "pools_used": [
            0,
            1,
            2,
            3,
            4
          ],
          "avg_train_loss": 2.53755349970525e-06,