{
  "pipeline_name": "sample_efficiency_600samples_6iters",
  "timestamp": "2025-11-07 17:33:07",
  "config": {
    "model_type": "NeuralNetModel",
    "model_params": "{'input_size': 6, 'output_size': 3, 'hidden_sizes': (64, 32), 'activation': 'tanh', 'learning_rate': 0.001, 'model_name': 'adaptive_batch_sampling_nn'}",
    "n_iterations": 6,
    "samples_per_iteration": 100,
    "n_epochs": 50,
    "batch_size": 16,
    "initial_window_size": 1.0,
    "shrink_rate": 0.3,
    "num_seeds": 1,
    "window_type": "output",
    "use_model_prediction": true,
    "num_pool_datasets": 7,
    "pool_samples_per_dataset": [
      4000,
      1000,
      2500,
      500,
      2000,
      1500,
      2000
    ],
    "total_pool_samples": 13500,
    "test_samples": 1
  },
  "data_info": {},
  "training_info": {},
  "evaluation": {},
  "raw_results": {
    "all_seed_results": [
      [
        {
          "iteration": 0,
          "seed": 42,
          "total_samples_seen": 0,
          "samples_added": 0,
          "mse_per_output": [
            0.3523095417099177,
            0.3286757489074261,
            0.2941174372145141
          ],
          "total_mse": 0.9751027278318579,
          "window_size": 1.0,
          "center_point": [
            0.5000038227775604,
            0.5003280052336098,
            0.500042579988823
          ],
          "pool_idx": null,
          "avg_train_loss": null,
          "prediction_variance": [
            NaN,
            NaN,
            NaN
          ]
        },
        {
          "iteration": 1,
          "seed": 42,
          "total_samples_seen": 100,
          "samples_added": 100,
          "mse_per_output": [
            0.0002854386083878941,
            0.03311694205943134,
            0.0009354658329948247
          ],
          "total_mse": 0.034337846500814055,
          "window_size": 1.0,
          "center_point": [
            0.5000038227775604,
            0.5003280052336098,
            0.500042579988823
          ],
          "pool_idx": 0,
          "avg_train_loss": 0.031907321327765074,
          "epoch_losses": [
            0.39723406944956097,
            0.12721420345561846,
            0.046758433005639484,
            0.05272091020430837,
            0.049199696098055155,
            0.040797729577336996,
            0.032611990081412454,
            0.03282051719725132,
            0.029380282121045247,
            0.02846528110759599,
            0.026541325130632946,
            0.025502110166209086,
            0.024132980832031796,
            0.02273085167897599,
            0.023462006556136266,
            0.023308796542031423,
            0.0214909983000585,
            0.02068921098751681,
            0.02204648671405656,
            0.02061328903904983,
            0.02031159826687404,
            0.019830865253295218,
            0.019895964169076512,
            0.018994939912642752,
            0.01775180415383407,
            0.02036113305283444,
            0.017375767630125796,
            0.018063889683357308,
            0.018365110270678997,
            0.016982528514095714,
            0.016895003483763764,
            0.016320442714329277,
            0.01924103165843657,
            0.017959820239671638,
            0.016857918884072984,
            0.01675401654626642,
            0.017143231151359423,
            0.01774366253188678,
            0.0170421889051795,
            0.016796964087656567,
            0.016998244183404104,
            0.016798512744052068,
            0.016673662832805088,
            0.016161494489227022,
            0.016702201483505114,
            0.017255591228604317,
            0.016980100689189776,
            0.016864015321646417,
            0.015781719237565994,
            0.016741474824292318
          ],
          "prediction_variance": [
            0.0012357837986201048,
            0.00010381535685155541,
            0.00023708830121904612
          ]
        },
        {
          "iteration": 2,
          "seed": 42,
          "total_samples_seen": 200,
          "samples_added": 100,
          "mse_per_output": [
            0.001268892386238374,
            0.040395215270973055,
            6.6310225642152444e-06
          ],
          "total_mse": 0.041670738679775644,
          "window_size": 0.3,
          "center_point": [
            0.5168987512588501,
            0.6823086142539978,
            0.530627965927124
          ],
          "pool_idx": 0,
          "avg_train_loss": 0.0036854976927861573,
          "epoch_losses": [
            0.0035331961698830128,
            0.0038924613368830512,
            0.004134295475003975,
            0.0038298856733100755,
            0.003623908418895943,
            0.0035472620677735123,
            0.0037684221751987934,
            0.0033611865448100226,
            0.003778875871960606,
            0.003626963822171092,
            0.0036387122568807433,
            0.0036755362525582314,
            0.003839080720873816,
            0.003615934168919921,
            0.003842662088572979,
            0.0036759652929114445,
            0.0036192305186497314,
            0.003769828472286463,
            0.0034395456314086914,
            0.0036728361821068184,
            0.0035507752826171263,
            0.0037948248043124166,
            0.0036000696875687155,
            0.0038202601884092602,
            0.0034325881861150265,
            0.003518854035064578,
            0.00395931419916451,
            0.0033740110894931214,
            0.0034512871144605534,
            0.0035810884021754774,
            0.0032622328560267177,
            0.0034457629746092217,
            0.003730062927518572,
            0.0036854191151048455,
            0.0036799049537096706,
            0.00382930545934609,
            0.003921884810552001,
            0.0036271406736757073,
            0.0035254035278090407,
            0.0037046195273952825,
            0.0037289784023804323,
            0.004413879143872431,
            0.003960873665554183,
            0.003944034455344081,
            0.0036556553095579147,
            0.003662925346621445,
            0.0037227089051157236,
            0.003468903047697885,
            0.003706806039969836,
            0.003629521367007068
          ],
          "prediction_variance": [
            3.806618769885972e-05,
            1.1830308721982874e-05,
            2.435679198242724e-05
          ]
        },
        {
          "iteration": 3,
          "seed": 42,
          "total_samples_seen": 211,
          "samples_added": 11,
          "mse_per_output": [
            0.0011555198384693164,
            0.03454410842158464,
            6.263586686969121e-05
          ],
          "total_mse": 0.03576226412692365,
          "window_size": 0.09,
          "center_point": [
            0.5356253385543823,
            0.7013136148452759,
            0.5026176571846008
          ],
          "pool_idx": 6,
          "avg_train_loss": 0.00036635521217249335,