{
  "pipeline_name": "sample_efficiency_400samples_2iters",
  "timestamp": "2025-11-07 17:23:44",
  "config": {
    "model_type": "NeuralNetModel",
    "model_params": "{'input_size': 6, 'output_size': 3, 'hidden_sizes': (64, 32), 'activation': 'tanh', 'learning_rate': 0.001, 'model_name': 'adaptive_batch_sampling_nn'}",
    "n_iterations": 2,
    "samples_per_iteration": 200,
    "n_epochs": 50,
    "batch_size": 16,
    "initial_window_size": 1.0,
    "shrink_rate": 0.3,
    "num_seeds": 1,
    "window_type": "output",
    "use_model_prediction": true,
    "num_pool_datasets": 2,
    "pool_samples_per_dataset": [
      4000,
      1000
    ],
    "total_pool_samples": 5000,
    "test_samples": 1
  },
  "data_info": {},
  "training_info": {},
  "evaluation": {},
  "raw_results": {
    "all_seed_results": [
      [
        {
          "iteration": 0,
          "seed": 42,
          "total_samples_seen": 0,
          "samples_added": 0,
          "mse_per_output": [
            0.4351172920564585,
            0.16597708953074022,
            0.16657480811839306
          ],
          "total_mse": 0.7676691897055918,
          "window_size": 1.0,
          "center_point": [
            0.5000038227775604,
            0.5003280052336098,
            0.500042579988823
          ],
          "pool_idx": null,
          "avg_train_loss": null,
          "prediction_variance": [
            NaN,
            NaN,
            NaN
          ]
        },
        {
          "iteration": 1,
          "seed": 42,
          "total_samples_seen": 200,
          "samples_added": 200,
          "mse_per_output": [
            0.0027705505230996683,
            0.022037442673937816,
            0.001028428737261713
          ],
          "total_mse": 0.025836421934299195,
          "window_size": 1.0,
          "center_point": [
            0.5000038227775604,
            0.5003280052336098,
            0.500042579988823
          ],
          "pool_idx": 0,
          "avg_train_loss": 0.021060531812075237,
          "epoch_losses": [
            0.21035731497865456,
            0.05066343740775035,
            0.044953780965163156,
            0.03449921052043255,
            0.030894757606662236,
            0.026676753535866737,
            0.024219506205274507,
            0.021785973213039912,
            0.02034023690682191,
            0.019260950816365387,
            0.01774294566936218,
            0.017008542727965575,
            0.01638685890401785,
            0.016023670681394063,
            0.015921299560711935,
            0.016006254877608556,
            0.01552860696728413,
            0.015071799906973656,
            0.015098919518865071,
            0.01495248731225729,
            0.014766609224562462,
            0.014609831098753672,
            0.014228448450851899,
            0.014795386232435703,
            0.015030187984498648,
            0.014374251692340924,
            0.0141740392606992,
            0.014530429186729284,
            0.014128416418456115,
            0.013990802582926475,
            0.014082263438747479,
            0.013944197875949053,
            0.014601598422114666,
            0.014277248500058284,
            0.014084669689719494,
            0.013592846190127043,
            0.013065502978861332,
            0.01336728000583557,
            0.012986989262012335,
            0.01317264548001381,
            0.013380416239110323,
            0.013271975617569227,
            0.012751863409693424,
            0.013094104253328763,
            0.012724856344553141,
            0.012549335244469918,
            0.012149230003930055,
            0.01370475605989878,
            0.012319607767634667,
            0.011883493405408584
          ],
          "prediction_variance": [
            0.0008563632145524025,
            0.0001387609081575647,
            8.358609193237498e-05
          ]
        },
        {
          "iteration": 2,
          "seed": 42,
          "total_samples_seen": 400,
          "samples_added": 200,
          "mse_per_output": [
            0.00041332844148790464,
            0.012829994721424768,
            3.118881293110543e-05
          ],
          "total_mse": 0.013274511975843778,
          "window_size": 0.3,
          "center_point": [
            0.5526398420333862,
            0.6487781405448914,
            0.5321117043495178
          ],
          "pool_idx": 0,
          "avg_train_loss": 0.002222027550182807,
          "epoch_losses": [
            0.0027507003217649003,
            0.002568864917310958,
            0.0026895709317893935,
            0.002569726166816858,
            0.0024358335291393674,
            0.0026553074936740673,
            0.0026096707890526606,
            0.0024340221962819877,
            0.0024013949665599144,
            0.002495550407240024,
            0.002467069322637354,
            0.0025253402373681846,
            0.0025326817547186064,
            0.0023929587242981563,
            0.0023567921643217024,
            0.0027552837094005486,
            0.0022717066234550797,
            0.0022293338014815864,
            0.0022738933061751034,
            0.002409871157187109,
            0.0023907052729135523,
            0.0022922192539016786,
            0.002173667666144096,
            0.002116502020866252,
            0.002141824789130344,
            0.002170558194988049,
            0.0023809183532228838,
            0.002287790868789531,
            0.0020448261191352056,
            0.0020631018202178753,
            0.002061500581196294,
            0.0020009385905443476,
            0.002016551112039731,
            0.0020307011526221265,
            0.0021134670107410504,
            0.001973104627373127,
            0.0020115859896087875,
            0.0021627948601515247,
            0.0021129629771726634,
            0.001923615694977343,
            0.0019747296419854346,
            0.0017952002996865374,
            0.0018191562356570591,
            0.0018589123993968735,
            0.0020218162009349237,
            0.002059764998893325,
            0.0018504511636610215,
            0.001829965846039928,
            0.0018201061399080432,
            0.0017763651065671672
          ],
          "prediction_variance": [
            4.744046600535512e-05,
            0.0006242197705432773,
            8.069761861406732e-06
          ]
        }
      ]
    ]
  },
  "aggregated_results": [
    {
      "iteration": 0,
      "total_samples_seen": 0.0,
      "samples_added": 0.0,
      "training_samples": 0,
      "mean_total_mse": 0.7676691897055918,
      "std_total_mse": 0.0,
      "mean_mse_per_output": [
        0.4351172920564585,
        0.16597708953074022,
        0.16657480811839306
      ],
      "std_mse_per_output": [
        0.0,
        0.0,
        0.0
      ],
      "mean_train_loss": null,
      "window_size": 1.0,
      "num_seeds": 1,
      "mean_prediction_variance_per_output": [
        NaN,
        NaN,
        NaN
      ],
      "std_prediction_variance_per_output": [
        NaN,
        NaN,
        NaN
      ]
    },
    {
      "iteration": 1,
      "total_samples_seen": 200.0,
      "samples_added": 200.0,
      "training_samples": 10000.0,
      "mean_total_mse": 0.025836421934299195,
      "std_total_mse": 0.0,
      "mean_mse_per_output": [
        0.0027705505230996683,
        0.022037442673937816,
        0.001028428737261713
      ],
      "std_mse_per_output": [
        0.0,
        0.0,
        0.0
      ],
      "mean_train_loss": 0.021060531812075237,
      "window_size": 1.0,
      "num_seeds": 1,
      "mean_prediction_variance_per_output": [
        0.0008563632145524025,
        0.0001387609081575647,
        8.358609193237498e-05
      ],
      "std_prediction_variance_per_output": [
        0.0,
        0.0,
        0.0
      ]
    },
    {
      "iteration": 2,
      "total_samples_seen": 400.0,
      "samples_added": 200.0,
      "training_samples": 10000.0,