{
  "pipeline_name": "sample_efficiency_2000samples_3iters",
  "timestamp": "2025-11-08 10:11:58",
  "config": {
    "model_type": "NeuralNetModel",
    "model_params": "{'input_size': 6, 'output_size': 3, 'hidden_sizes': (64, 32), 'activation': 'tanh', 'learning_rate': 0.001, 'model_name': 'adaptive_batch_sampling_nn'}",
    "n_iterations": 3,
    "samples_per_iteration": 666,
    "n_epochs": 50,
    "batch_size": 16,
    "initial_window_size": 1.0,
    "shrink_rate": 0.15,
    "num_seeds": 1,
    "window_type": "output",
    "use_model_prediction": true,
    "num_pool_datasets": 9,
    "pool_samples_per_dataset": [
      4000,
      3000,
      1000,
      2500,
      500,
      2000,
      2000,
      1500,
      2000
    ],
    "total_pool_samples": 18500,
    "test_samples": 1
  },
  "data_info": {},
  "training_info": {},
  "evaluation": {},
  "raw_results": {
    "all_seed_results": [
      [
        {
          "iteration": 0,
          "seed": 42,
          "total_samples_seen": 0,
          "samples_added": 0,
          "mse_per_output": [
            0.15112232985340907,
            0.1527748475175213,
            0.2101372402936354
          ],
          "total_mse": 0.5140344176645657,
          "window_size": 1.0,
          "center_point": [
            0.5000038227775604,
            0.5003280052336098,
            0.500042579988823
          ],
          "pools_used": [],
          "avg_train_loss": null,
          "prediction_variance": [
            NaN,
            NaN,
            NaN
          ]
        },
        {
          "iteration": 1,
          "seed": 42,
          "total_samples_seen": 666,
          "samples_added": 666,
          "mse_per_output": [
            0.0011434030528317104,
            0.009281211799931502,
            0.00015063363128563006
          ],
          "total_mse": 0.010575248484048843,
          "window_size": 1.0,
          "center_point": [
            0.5000038227775604,
            0.5003280052336098,
            0.500042579988823
          ],
          "pools_used": [
            0
          ],
          "avg_train_loss": 0.009036351987105305,
          "epoch_losses": [
            0.07197401708080656,
            0.023270573289621444,
            0.01845005839797003,
            0.01604241452046803,
            0.014857402137879814,
            0.014911375585056487,
            0.014302797294000075,
            0.014163218106010131,
            0.013509014532679603,
            0.013292449593011822,
            0.012700156907417945,
            0.012478916983430585,
            0.011597419944813564,
            0.011327058819699146,
            0.011255378502288036,
            0.010416032635562476,
            0.010032138365897395,
            0.009602857232537298,
            0.009623908559747395,
            0.008851251986232541,
            0.008670458237507514,
            0.008073712471828219,
            0.007886853168851562,
            0.008266782066563056,
            0.007720128921348424,
            0.0076487802989071325,
            0.00711825569825513,
            0.006537140918052977,
            0.005680398328141088,
            0.005450973447988785,
            0.004890352321256485,
            0.004199066626218458,
            0.0037955439849091427,
            0.003741158690813574,
            0.003908072512352928,
            0.003007284939355616,
            0.0032272206375464087,
            0.00316675841930278,
            0.0025787425277355525,
            0.002600868876990197,
            0.0024125056654503126,
            0.002630168044041576,
            0.0021760270243421907,
            0.002404069347817096,
            0.0019397002234611484,
            0.001895533679219495,
            0.0018552907720385562,
            0.0019402493988829,
            0.0018324618923500004,
            0.001904599738606651
          ],
          "prediction_variance": [
            2.9328268283279613e-05,
            0.001698117470368743,
            3.5159494018444093e-06
          ]
        },
        {
          "iteration": 2,
          "seed": 42,
          "total_samples_seen": 1332,
          "samples_added": 666,
          "mse_per_output": [
            2.0121698901536314e-08,
            1.2488441510886537e-05,
            1.6305379060944249e-07
          ],
          "total_mse": 1.2671617000397517e-05,
          "window_size": 0.15,
          "center_point": [
            0.5338180661201477,
            0.5966670513153076,
            0.5123158693313599
          ],
          "pools_used": [
            0,
            1,
            2,
            3
          ],
          "avg_train_loss": 1.4744655073746756e-05,
          "epoch_losses": [
            0.0003824140375010237,
            2.2091153433783412e-05,
            1.4172084493544562e-05,
            1.2960038237083826e-05,
            1.3358375705744644e-05,
            1.2062532970871654e-05,
            1.158640859665909e-05,
            9.343519986075643e-06,
            8.907558540591881e-06,
            9.85974273384099e-06,
            8.589477916064511e-06,
            8.36094769359382e-06,
            8.007036845875909e-06,
            8.484034418913888e-06,
            8.716421537731852e-06,
            7.765853083475078e-06,
            7.730713827229574e-06,
            9.957867870893789e-06,
            8.221340565450235e-06,
            7.192350570524771e-06,
            8.262790580764496e-06,
            6.782271316838194e-06,
            8.07968355534935e-06,
            6.628611251764076e-06,
            6.157200021204647e-06,
            8.048541241394213e-06,
            6.8490063811276785e-06,
            5.929708225137022e-06,
            5.7013039284334986e-06,
            5.078139966350309e-06,
            4.975825403010146e-06,
            7.136160804964761e-06,
            4.539695082496023e-06,
            4.456222243442469e-06,
            4.594815241684305e-06,
            4.28389463314445e-06,
            3.890303514167283e-06,
            4.499668263980268e-06,
            4.207593986750778e-06,
            4.312679201185736e-06,
            3.216211555787768e-06,
            4.0572394355075674e-06,
            4.121081329479975e-06,
            3.2778176194456353e-06,
            4.42529365532859e-06,
            4.764340104657094e-06,
            4.271157352031012e-06,
            5.4420488852645664e-06,
            4.106419112304138e-06,
            5.355533265368909e-06
          ],
          "prediction_variance": [
            2.507750878066872e-07,
            2.94304231829301e-06,
            2.8974003640769297e-08
          ]
        },
        {
          "iteration": 3,
          "seed": 42,
          "total_samples_seen": 1340,
          "samples_added": 8,
          "mse_per_output": [
            1.2206999170697811e-08,
            7.91901742459087e-09,
            1.2210842461165903e-11
          ],
          "total_mse": 2.013822743774985e-08,
          "window_size": 0.0225,
          "center_point": [
            0.500145673751831,
            0.5038619041442871,
            0.5004463791847229
          ],
          "pools_used": [
            3
          ],
          "avg_train_loss": 8.077980237430892e-07,