{
  "pipeline_name": "sample_efficiency_2000samples_1iters",
  "timestamp": "2025-11-09 11:03:58",
  "config": {
    "model_type": "NeuralNetModel",
    "model_params": "{'input_size': 6, 'output_size': 3, 'hidden_sizes': (64, 32), 'activation': 'tanh', 'learning_rate': 0.001, 'model_name': 'adaptive_batch_sampling_nn'}",
    "n_iterations": 1,
    "samples_per_iteration": 2000,
    "n_epochs": 50,
    "batch_size": 16,
    "initial_window_size": 1.0,
    "shrink_rate": 0.2,
    "num_seeds": 1,
    "window_type": "output",
    "use_model_prediction": true,
    "num_pool_datasets": 17,
    "pool_samples_per_dataset": [
      4000,
      3000,
      1000,
      2500,
      2500,
      2500,
      500,
      2000,
      2000,
      2600,
      2600,
      1500,
      2700,
      2700,
      2000,
      2750,
      2750
    ],
    "total_pool_samples": 39600,
    "test_samples": 1
  },
  "data_info": {},
  "training_info": {},
  "evaluation": {},
  "raw_results": {
    "all_seed_results": [
      [
        {
          "iteration": 0,
          "seed": 42,
          "total_samples_seen": 0,
          "samples_added": 0,
          "mse_per_output": [
            0.16989202661507977,
            0.2717626738218222,
            0.4776489018862695
          ],
          "total_mse": 0.9193036023231714,
          "window_size": 1.0,
          "center_point": [
            0.5000038227775604,
            0.5003280052336098,
            0.500042579988823
          ],
          "pools_used": [],
          "avg_train_loss": null,
          "prediction_variance": [
            NaN,
            NaN,
            NaN
          ]
        },
        {
          "iteration": 1,
          "seed": 42,
          "total_samples_seen": 2000,
          "samples_added": 2000,
          "mse_per_output": [
            8.407476054012209e-05,
            0.00027335053977924816,
            2.9650902213834033e-05
          ],
          "total_mse": 0.00038707620253320427,
          "window_size": 1.0,
          "center_point": [
            0.5000038227775604,
            0.5003280052336098,
            0.500042579988823
          ],
          "pools_used": [
            0
          ],
          "avg_train_loss": 0.004762693878870922,
          "epoch_losses": [
            0.056461826041340826,
            0.017785174719989298,
            0.015600008089095355,
            0.014801898889243603,
            0.013870831232517958,
            0.012848701041191816,
            0.0114455350600183,
            0.010053172215819358,
            0.009032784968614578,
            0.008155955417081714,
            0.006958970924839377,
            0.005823146222159266,
            0.0047897510509938,
            0.0037904573967680335,
            0.0033333309292793273,
            0.002690549052786082,
            0.002358568077906966,
            0.002261607653927058,
            0.002021496516186744,
            0.0019396585044451058,
            0.0019407844855450094,
            0.001800936967600137,
            0.0017027785391546786,
            0.001478196612559259,
            0.0013832073202356696,
            0.0014568692713510245,
            0.0013631791609805077,
            0.00135027946671471,
            0.0012300828080624342,
            0.0011831981064751745,
            0.0011243750541470945,
            0.0011781894478481263,
            0.001097086168359965,
            0.001063425946747884,
            0.00098604628094472,
            0.001045252226293087,
            0.0008508580094203353,
            0.0008130215019918978,
            0.0008813327671959996,
            0.0008099774934817106,
            0.0008156882358016447,
            0.0008644391690613702,
            0.000773416256532073,
            0.0007701763408258557,
            0.0007951680038822815,
            0.0006701150631997734,
            0.0007453385051339865,
            0.0007540307046147064,
            0.0005903514806414024,
            0.0005934685445390642
          ],
          "prediction_variance": [
            0.00011914590140804648,
            0.0015492698876187205,
            4.7669534978922457e-05
          ]
        }
      ]
    ]
  },
  "aggregated_results": [
    {
      "iteration": 0,
      "total_samples_seen": 0.0,
      "samples_added": 0.0,
      "training_samples": 0,
      "mean_total_mse": 0.9193036023231714,
      "std_total_mse": 0.0,
      "mean_mse_per_output": [
        0.16989202661507977,
        0.2717626738218222,
        0.4776489018862695
      ],
      "std_mse_per_output": [
        0.0,
        0.0,
        0.0
      ],
      "mean_train_loss": null,
      "window_size": 1.0,
      "num_seeds": 1,
      "mean_prediction_variance_per_output": [
        NaN,
        NaN,
        NaN
      ],
      "std_prediction_variance_per_output": [
        NaN,
        NaN,
        NaN
      ]
    },
    {
      "iteration": 1,
      "total_samples_seen": 2000.0,
      "samples_added": 2000.0,
      "training_samples": 100000.0,
      "mean_total_mse": 0.00038707620253320427,
      "std_total_mse": 0.0,
      "mean_mse_per_output": [
        8.407476054012209e-05,
        0.00027335053977924816,
        2.9650902213834033e-05
      ],
      "std_mse_per_output": [
        0.0,
        0.0,
        0.0
      ],
      "mean_train_loss": 0.004762693878870922,
      "window_size": 1.0,
      "num_seeds": 1,
      "mean_prediction_variance_per_output": [
        0.00011914590140804648,
        0.0015492698876187205,
        4.7669534978922457e-05
      ],
      "std_prediction_variance_per_output": [
        0.0,
        0.0,
        0.0
      ]
    }
  ],
  "execution_time_seconds": 61.955959
}