{
  "pipeline_name": "sample_efficiency_1500samples_5iters",
  "timestamp": "2025-11-07 17:37:16",
  "config": {
    "model_type": "NeuralNetModel",
    "model_params": "{'input_size': 6, 'output_size': 3, 'hidden_sizes': (64, 32), 'activation': 'tanh', 'learning_rate': 0.001, 'model_name': 'adaptive_batch_sampling_nn'}",
    "n_iterations": 5,
    "samples_per_iteration": 300,
    "n_epochs": 50,
    "batch_size": 16,
    "initial_window_size": 1.0,
    "shrink_rate": 0.3,
    "num_seeds": 1,
    "window_type": "output",
    "use_model_prediction": true,
    "num_pool_datasets": 7,
    "pool_samples_per_dataset": [
      4000,
      1000,
      2500,
      500,
      2000,
      1500,
      2000
    ],
    "total_pool_samples": 13500,
    "test_samples": 1
  },
  "data_info": {},
  "training_info": {},
  "evaluation": {},
  "raw_results": {
    "all_seed_results": [
      [
        {
          "iteration": 0,
          "seed": 42,
          "total_samples_seen": 0,
          "samples_added": 0,
          "mse_per_output": [
            0.09074329635119242,
            0.3302829146185219,
            0.21621174820181394
          ],
          "total_mse": 0.6372379591715283,
          "window_size": 1.0,
          "center_point": [
            0.5000038227775604,
            0.5003280052336098,
            0.500042579988823
          ],
          "pool_idx": null,
          "avg_train_loss": null,
          "prediction_variance": [
            NaN,
            NaN,
            NaN
          ]
        },
        {
          "iteration": 1,
          "seed": 42,
          "total_samples_seen": 300,
          "samples_added": 300,
          "mse_per_output": [
            0.00016461070958775106,
            0.0003524776953614322,
            0.00023919200046750028
          ],
          "total_mse": 0.0007562804054166835,
          "window_size": 1.0,
          "center_point": [
            0.5000038227775604,
            0.5003280052336098,
            0.500042579988823
          ],
          "pool_idx": 0,
          "avg_train_loss": 0.017203236412943194,
          "epoch_losses": [
            0.1616007934667562,
            0.04123644393525625,
            0.03235280249071749,
            0.02751623476414304,
            0.024611209764292364,
            0.022037331407007418,
            0.020014418436116295,
            0.018382999261743145,
            0.01697147946412626,
            0.01663266882104309,
            0.016936760150680418,
            0.015265526299021746,
            0.014925467193518815,
            0.014770289784983584,
            0.01477961531399112,
            0.014242411297010748,
            0.014331613863377194,
            0.014022893885052517,
            0.013895492608609953,
            0.01355140244490222,
            0.013515659019743142,
            0.013230945277763041,
            0.012972878978440636,
            0.012820997814598837,
            0.012711612483192431,
            0.012697434788079639,
            0.012128292975064955,
            0.01238461007903281,
            0.012601389402621671,
            0.01216090318599814,
            0.011777448933571577,
            0.011126151430959763,
            0.011417832201052653,
            0.010973208069213126,
            0.010763800261836303,
            0.010379758663475513,
            0.010730661476325048,
            0.010537411037244294,
            0.01071072431085141,
            0.009897675781853889,
            0.010186718923873022,
            0.010354660377886734,
            0.010117555037140846,
            0.009837474428901547,
            0.00910051718452259,
            0.009916974403160183,
            0.009077264155310235,
            0.009228294445691924,
            0.00977072797372545,
            0.008954382893678389
          ],
          "prediction_variance": [
            0.00011578478006413206,
            0.007101031485944986,
            0.00011107771570095792
          ]
        },
        {
          "iteration": 2,
          "seed": 42,
          "total_samples_seen": 600,
          "samples_added": 300,
          "mse_per_output": [
            1.931525755648284e-06,
            6.483085258225459e-06,
            1.3145371735724991e-06
          ],
          "total_mse": 9.729148187446243e-06,
          "window_size": 0.3,
          "center_point": [
            0.5128338932991028,
            0.5191023945808411,
            0.5155084133148193
          ],
          "pool_idx": 1,
          "avg_train_loss": 0.00046210503601622275,
          "epoch_losses": [
            0.0007322910793223663,
            0.0006806588177201583,
            0.0005541904063552226,
            0.000541894278476799,
            0.0005526654728639283,
            0.0005613832587474271,
            0.0005468850584676195,
            0.0005013355188757965,
            0.0005059718509743872,
            0.0005084544590269951,
            0.000511140499025044,
            0.0005267728702165186,
            0.0005100738742744158,
            0.0005655520163648026,
            0.0004871848635191686,
            0.00046521223128748765,
            0.00046073861564141944,
            0.0004907122768743552,
            0.0004943096673263139,
            0.0005402749719857974,
            0.0004800085788653967,
            0.0004283276702105803,
            0.00050755091452677,
            0.0005290784289459943,
            0.00042288493147536526,
            0.0004390572016985205,
            0.0004275870619733867,
            0.0004064205200656464,
            0.00046875777862671956,
            0.00039920248749886493,
            0.0004318796119677197,
            0.000421341656443761,
            0.00038711030318058635,
            0.00040936394974491313,
            0.0004212927175869577,
            0.00048621196612274567,
            0.0004752181404527571,
            0.0003885557119869382,
            0.0004093372079200651,
            0.00035850452159617196,
            0.00039184366208868787,
            0.00036584023358667955,
            0.00037845191132203723,
            0.0003315187243156527,
            0.00035299581864628156,
            0.0003554426910245399,
            0.00039870256028064574,
            0.0003724072931187325,
            0.0003775273730034793,
            0.0003451280851885186
          ],
          "prediction_variance": [
            1.4420101024370524e-06,
            2.7299034627503715e-05,
            3.4906118884237e-08
          ]
        },
        {
          "iteration": 3,
          "seed": 42,
          "total_samples_seen": 900,
          "samples_added": 300,
          "mse_per_output": [
            1.0058077534936557e-06,
            1.4433914444057188e-05,
            3.8352753442312304e-08
          ],
          "total_mse": 1.5478074950993156e-05,
          "window_size": 0.09,
          "center_point": [
            0.5013936161994934,
            0.5028741955757141,
            0.501189112663269
          ],
          "pool_idx": 2,
          "avg_train_loss": 5.31710821374681e-05,