{
  "pipeline_name": "sample_efficiency_600samples_1iters",
  "timestamp": "2025-11-07 17:45:32",
  "config": {
    "model_type": "NeuralNetModel",
    "model_params": "{'input_size': 6, 'output_size': 3, 'hidden_sizes': (64, 32), 'activation': 'tanh', 'learning_rate': 0.001, 'model_name': 'adaptive_batch_sampling_nn'}",
    "n_iterations": 1,
    "samples_per_iteration": 600,
    "n_epochs": 50,
    "batch_size": 16,
    "initial_window_size": 1.0,
    "shrink_rate": 0.3,
    "num_seeds": 5,
    "window_type": "output",
    "use_model_prediction": true,
    "num_pool_datasets": 7,
    "pool_samples_per_dataset": [
      4000,
      1000,
      2500,
      500,
      2000,
      1500,
      2000
    ],
    "total_pool_samples": 13500,
    "test_samples": 1
  },
  "data_info": {},
  "training_info": {},
  "evaluation": {},
  "raw_results": {
    "all_seed_results": [
      [
        {
          "iteration": 0,
          "seed": 42,
          "total_samples_seen": 0,
          "samples_added": 0,
          "mse_per_output": [
            0.018441028119941145,
            0.42196031673651874,
            0.24263930284507457
          ],
          "total_mse": 0.6830406477015345,
          "window_size": 1.0,
          "center_point": [
            0.5000038227775604,
            0.5003280052336098,
            0.500042579988823
          ],
          "pool_idx": null,
          "avg_train_loss": null,
          "prediction_variance": [
            NaN,
            NaN,
            NaN
          ]
        },
        {
          "iteration": 1,
          "seed": 42,
          "total_samples_seen": 600,
          "samples_added": 600,
          "mse_per_output": [
            0.0002658712136608977,
            0.00039820354760556026,
            0.00010635206513570635
          ],
          "total_mse": 0.0007704268264021644,
          "window_size": 1.0,
          "center_point": [
            0.5000038227775604,
            0.5003280052336098,
            0.500042579988823
          ],
          "pool_idx": 0,
          "avg_train_loss": 0.013693564703908603,
          "epoch_losses": [
            0.09921791777014732,
            0.028718318545112486,
            0.020360566651154505,
            0.016950212688626426,
            0.01608869087833323,
            0.016321839887256686,
            0.01580386856374772,
            0.01579652314907626,
            0.016070972221266282,
            0.015306839829702911,
            0.015359900230051656,
            0.015328064953026018,
            0.015298157783323213,
            0.015058652056675208,
            0.015073293795515048,
            0.014749909383489898,
            0.014522945434835396,
            0.014537141119178972,
            0.014559144521818349,
            0.014176313716330026,
            0.013965862729635677,
            0.013693449798187143,
            0.013580523945979382,
            0.012982748877747278,
            0.01322714534686192,
            0.012249954485971676,
            0.01201019784141528,
            0.011962980816238806,
            0.011910469320259597,
            0.011288922586429277,
            0.0111292564236608,
            0.01013743989537225,
            0.009698548648310336,
            0.009733186961200676,
            0.009224339094209043,
            0.008444758959261603,
            0.00820993276705083,
            0.008157956322017861,
            0.00800217009811221,
            0.009170459044214926,
            0.007089816168636868,
            0.006992700056319958,
            0.00665250421795798,
            0.006346199986230778,
            0.00563883938900146,
            0.0057281135262823414,
            0.005125360060973387,
            0.0046550550369398765,
            0.004348728370754735,
            0.004021341241528525
          ],
          "prediction_variance": [
            0.00016700130072422326,
            0.003370662685483694,
            2.6937355869449675e-05
          ]
        }
      ],
      [
        {
          "iteration": 0,
          "seed": 43,
          "total_samples_seen": 0,
          "samples_added": 0,
          "mse_per_output": [
            0.2600112808421197,
            0.27063731861500956,
            0.3930952493471837
          ],
          "total_mse": 0.923743848804313,
          "window_size": 1.0,
          "center_point": [
            0.5000038227775604,
            0.5003280052336098,
            0.500042579988823
          ],
          "pool_idx": null,
          "avg_train_loss": null,
          "prediction_variance": [
            NaN,
            NaN,
            NaN
          ]
        },
        {
          "iteration": 1,
          "seed": 43,
          "total_samples_seen": 600,
          "samples_added": 600,
          "mse_per_output": [
            0.000492635369534446,
            0.0036529723474620483,
            4.1745246302873875e-06
          ],
          "total_mse": 0.004149782241626781,
          "window_size": 1.0,
          "center_point": [
            0.5000038227775604,
            0.5003280052336098,
            0.500042579988823
          ],
          "pool_idx": 0,
          "avg_train_loss": 0.01376167116386473,
          "epoch_losses": [
            0.12995833334954163,
            0.03207576387610875,
            0.02395329810678959,
            0.02018711260078769,
            0.018368963911933333,
            0.017230214306006308,
            0.016693843381577415,
            0.016487735960828632,
            0.016001780468382333,
            0.015844310315227823,
            0.015891082070179675,
            0.015464866656417909,
            0.015039750080751745,
            0.014959153817280343,
            0.01449893591435332,
            0.014109929729449121,
            0.01451303856447339,
            0.013501456362734499,
            0.013429317280258002,
            0.012641968977588573,
            0.012044776610932067,
            0.011791966095762817,
            0.011247468793666676,
            0.010500968495187791,
            0.010262295652769114,
            0.010501117960206773,
            0.009976302800504001,
            0.009993123674863264,
            0.008955986704677343,
            0.008841032284851136,
            0.009228606340720466,
            0.008809639030675354,
            0.009106295220063705,
            0.008066883905006475,
            0.008313362204812859,
            0.008490347046110975,
            0.0076467606275783554,
            0.007550590928938044,
            0.00811770951718484,
            0.007045835452644448,
            0.006289900317297955,
            0.006162394316082722,
            0.00575650401879102,
            0.0053269364993627135,
            0.0059567990921143635,
            0.005009307918187819,
            0.004354660613707414,
            0.004243319480385827,
            0.003965577331224554,
            0.003676233528255436
          ],
          "prediction_variance": [
            2.107235741277691e-05,
            0.0016934716841205955,
            5.704794966732152e-05
          ]
        }
      ],
      [
        {
          "iteration": 0,
          "seed": 44,
          "total_samples_seen": 0,
          "samples_added": 0,
          "mse_per_output": [
            0.241346658351931,
            0.23911475627892229,
            0.09523052094546054
          ],
          "total_mse": 0.5756919355763138,
          "window_size": 1.0,
          "center_point": [
            0.5000038227775604,
            0.5003280052336098,
            0.500042579988823
          ],
          "pool_idx": null,
          "avg_train_loss": null,
          "prediction_variance": [
            NaN,
            NaN,
            NaN
          ]
        },
        {
          "iteration": 1,
          "seed": 44,
          "total_samples_seen": 600,
          "samples_added": 600,