{
  "pipeline_name": "sample_efficiency_3000samples_1iters",
  "timestamp": "2025-11-10 12:58:10",
  "config": {
    "model_type": "NeuralNetModel",
    "model_params": "{'input_size': 6, 'output_size': 1, 'hidden_sizes': (64, 32), 'activation': 'tanh', 'learning_rate': 0.001, 'model_name': 'adaptive_batch_sampling_nn'}",
    "n_iterations": 1,
    "samples_per_iteration": 3000,
    "n_epochs": 50,
    "batch_size": 16,
    "initial_window_size": 1.0,
    "shrink_rate": 0.1,
    "num_seeds": 5,
    "window_type": "output",
    "use_model_prediction": true,
    "num_pool_datasets": 25,
    "pool_samples_per_dataset": [
      4000,
      3000,
      1000,
      2500,
      2500,
      2500,
      500,
      2000,
      2500,
      2525,
      2550,
      2575,
      2000,
      2600,
      2550,
      2575,
      2600,
      2500,
      2525,
      1500,
      2700,
      2700,
      2000,
      2750,
      2750
    ],
    "total_pool_samples": 59900,
    "test_samples": 1
  },
  "data_info": {},
  "training_info": {},
  "evaluation": {},
  "raw_results": {
    "all_seed_results": [
      [
        {
          "iteration": 0,
          "seed": 42,
          "total_samples_seen": 0,
          "samples_added": 0,
          "mse_per_output": [
            0.18360179534136742
          ],
          "total_mse": 0.18360179534136742,
          "window_size": 1.0,
          "center_point": [
            0.5000038227775604
          ],
          "pools_used": [],
          "avg_train_loss": null,
          "prediction_variance": [
            NaN
          ]
        },
        {
          "iteration": 1,
          "seed": 42,
          "total_samples_seen": 3000,
          "samples_added": 3000,
          "mse_per_output": [
            8.574411650007635e-05
          ],
          "total_mse": 8.574411650007635e-05,
          "window_size": 1.0,
          "center_point": [
            0.5000038227775604
          ],
          "pools_used": [
            0
          ],
          "avg_train_loss": 0.0006926041623699423,
          "epoch_losses": [
            0.015221049273485674,
            0.002670956259107891,
            0.0025616210069200223,
            0.002375402731791218,
            0.002104030231303694,
            0.0017967433092788733,
            0.0013256353029530456,
            0.0010178256632841906,
            0.0007697125109459987,
            0.0005790990868030968,
            0.00048113014069732594,
            0.0003854240395470542,
            0.00034695141960370125,
            0.0003435243365953632,
            0.0003363731623121953,
            0.0002426304977911678,
            0.0002068138833915037,
            0.0001572192210547423,
            0.00012029038589389529,
            0.00012869412234686799,
            9.464451613894198e-05,
            8.043635033998803e-05,
            7.426231315955019e-05,
            8.086327378070099e-05,
            8.698441907905905e-05,
            6.513830070365115e-05,
            4.785388027377191e-05,
            5.802476735357715e-05,
            4.558022562058737e-05,
            5.3494763254461085e-05,
            4.817863746550157e-05,
            5.488085234708009e-05,
            4.874975566731046e-05,
            4.8828172718961645e-05,
            5.584370801250074e-05,
            4.444471542131957e-05,
            3.862205500973551e-05,
            4.430173761976859e-05,
            3.564231899224282e-05,
            3.365105534215972e-05,
            3.382567311707541e-05,
            3.677295803464268e-05,
            3.6733474591064224e-05,
            3.016921427262516e-05,
            2.4949590113010345e-05,
            2.832701058525074e-05,
            2.8244414676358226e-05,
            3.806959277929483e-05,
            3.249365417385443e-05,
            2.907013274555906e-05
          ],
          "prediction_variance": [
            1.9676037481985986e-05
          ]
        }
      ],
      [
        {
          "iteration": 0,
          "seed": 43,
          "total_samples_seen": 0,
          "samples_added": 0,
          "mse_per_output": [
            0.49569661765196205
          ],
          "total_mse": 0.49569661765196205,
          "window_size": 1.0,
          "center_point": [
            0.5000038227775604
          ],
          "pools_used": [],
          "avg_train_loss": null,
          "prediction_variance": [
            NaN
          ]
        },
        {
          "iteration": 1,
          "seed": 43,
          "total_samples_seen": 3000,
          "samples_added": 3000,
          "mse_per_output": [
            5.0253457343128864e-05
          ],
          "total_mse": 5.0253457343128864e-05,
          "window_size": 1.0,
          "center_point": [
            0.5000038227775604
          ],
          "pools_used": [
            0
          ],
          "avg_train_loss": 0.0010730280544660846,
          "epoch_losses": [
            0.030794107714331054,
            0.0024542627612158577,
            0.002337096041028804,
            0.0022627795065574825,
            0.002122248614583402,
            0.002140924355579897,
            0.0018948838597738205,
            0.0017243906542252592,
            0.0015769340497307836,
            0.0013873259401620127,
            0.001058715069914197,
            0.0008572669627957363,
            0.0005599107697638287,
            0.00044752291796612553,
            0.00029193872129287633,
            0.00019835497601269843,
            0.00014107132866480784,
            0.00010735287278681,
            7.065959758581308e-05,
            6.689440791442975e-05,
            5.4765127757452724e-05,
            4.964892879430176e-05,
            3.6194672637240265e-05,
            4.474477288006691e-05,
            5.450964993136214e-05,
            3.134390005877147e-05,
            4.00194721080086e-05,
            4.988618978015748e-05,
            4.7116781751297974e-05,
            3.694767507751865e-05,
            4.033210593371087e-05,
            3.406048349848362e-05,
            4.325982340415454e-05,
            3.472465702804797e-05,
            3.941632304120387e-05,
            3.5929273668018064e-05,
            3.651471976151329e-05,
            4.039828897543401e-05,
            3.162024573283177e-05,
            3.3969160184863135e-05,
            4.021991472253385e-05,
            3.785457106266435e-05,
            3.107817092362158e-05,
            2.3045289423107727e-05,
            4.7669761520507e-05,
            3.1768233268249265e-05,
            3.1039860514138514e-05,
            2.3444337683302247e-05,
            4.873157853280839e-05,
            2.6507631763164913e-05
          ],
          "prediction_variance": [
            6.890180429763859e-06
          ]
        }
      ],
      [
        {
          "iteration": 0,
          "seed": 44,
          "total_samples_seen": 0,
          "samples_added": 0,
          "mse_per_output": [
            0.2733028097231415
          ],
          "total_mse": 0.2733028097231415,
          "window_size": 1.0,
          "center_point": [
            0.5000038227775604
          ],
          "pools_used": [],
          "avg_train_loss": null,
          "prediction_variance": [
            NaN
          ]
        },
        {
          "iteration": 1,
          "seed": 44,
          "total_samples_seen": 3000,
          "samples_added": 3000,
          "mse_per_output": [
            7.834213097050959e-06
          ],
          "total_mse": 7.834213097050959e-06,
          "window_size": 1.0,
          "center_point": [
            0.5000038227775604
          ],
          "pools_used": [
            0
          ],
          "avg_train_loss": 0.0009388091321010447,