{
  "pipeline_name": "sample_efficiency_3000samples_6iters",
  "timestamp": "2025-11-09 11:22:52",
  "config": {
    "model_type": "NeuralNetModel",
    "model_params": "{'input_size': 6, 'output_size': 3, 'hidden_sizes': (64, 32), 'activation': 'tanh', 'learning_rate': 0.001, 'model_name': 'adaptive_batch_sampling_nn'}",
    "n_iterations": 6,
    "samples_per_iteration": 500,
    "n_epochs": 50,
    "batch_size": 16,
    "initial_window_size": 1.0,
    "shrink_rate": 0.2,
    "num_seeds": 1,
    "window_type": "output",
    "use_model_prediction": true,
    "num_pool_datasets": 17,
    "pool_samples_per_dataset": [
      4000,
      3000,
      1000,
      2500,
      2500,
      2500,
      500,
      2000,
      2000,
      2600,
      2600,
      1500,
      2700,
      2700,
      2000,
      2750,
      2750
    ],
    "total_pool_samples": 39600,
    "test_samples": 1
  },
  "data_info": {},
  "training_info": {},
  "evaluation": {},
  "raw_results": {
    "all_seed_results": [
      [
        {
          "iteration": 0,
          "seed": 42,
          "total_samples_seen": 0,
          "samples_added": 0,
          "mse_per_output": [
            0.20856586079273678,
            0.35636660741582377,
            0.2518374060021562
          ],
          "total_mse": 0.8167698742107168,
          "window_size": 1.0,
          "center_point": [
            0.5000038227775604,
            0.5003280052336098,
            0.500042579988823
          ],
          "pools_used": [],
          "avg_train_loss": null,
          "prediction_variance": [
            NaN,
            NaN,
            NaN
          ]
        },
        {
          "iteration": 1,
          "seed": 42,
          "total_samples_seen": 500,
          "samples_added": 500,
          "mse_per_output": [
            0.0009316895534369509,
            0.008474214837273123,
            0.0003394749615922937
          ],
          "total_mse": 0.009745379352302366,
          "window_size": 1.0,
          "center_point": [
            0.5000038227775604,
            0.5003280052336098,
            0.500042579988823
          ],
          "pools_used": [
            0
          ],
          "avg_train_loss": 0.014048544811339525,
          "epoch_losses": [
            0.13425722054671496,
            0.03104122180957347,
            0.021192897751461715,
            0.0172088241961319,
            0.015899477410130203,
            0.015544721740297973,
            0.015578853577608243,
            0.015191625978332013,
            0.015274214325472713,
            0.01493903822847642,
            0.014616837099310942,
            0.014640334586147219,
            0.014163707906845957,
            0.014137787191430107,
            0.01425850426312536,
            0.013881364779081196,
            0.013803746420308016,
            0.013481614965712652,
            0.013431004859739915,
            0.012822000877349637,
            0.01271748633007519,
            0.012867977900896221,
            0.01229150545259472,
            0.012071830948116258,
            0.011602915095863864,
            0.011094806395703927,
            0.01110419184260536,
            0.0107556467410177,
            0.010037993160949554,
            0.010562946859863587,
            0.010142465209355578,
            0.009425267184269615,
            0.009240243074600585,
            0.008788473074673675,
            0.00880138656066265,
            0.008549478669010568,
            0.008059398212935776,
            0.007565386818896513,
            0.0075594855879899114,
            0.008044477232033387,
            0.007640140116563998,
            0.007817297329893336,
            0.006944720194951515,
            0.007143382645153906,
            0.006749425396264996,
            0.0064950198284350336,
            0.006253403887967579,
            0.005756597129220609,
            0.0056829168170224875,
            0.005295976356137544
          ],
          "prediction_variance": [
            3.4431315725669265e-05,
            0.0010304892202839255,
            4.5758210035273805e-05
          ]
        },
        {
          "iteration": 2,
          "seed": 42,
          "total_samples_seen": 855,
          "samples_added": 355,
          "mse_per_output": [
            2.1000001182448903e-05,
            0.0008778417998062907,
            1.6146915121091318e-07
          ],
          "total_mse": 0.0008990032701399504,
          "window_size": 0.2,
          "center_point": [
            0.5305274128913879,
            0.5923835039138794,
            0.5184674263000488
          ],
          "pools_used": [
            0,
            1
          ],
          "avg_train_loss": 0.00021977767413219505,
          "epoch_losses": [
            0.0005438595531893003,
            0.00029716090079012287,
            0.0002864130706850277,
            0.0002529355051988007,
            0.00027489036722766724,
            0.0002646594227332136,
            0.00024093742234507099,
            0.00023853085408716098,
            0.0002561673451134044,
            0.00023013795283116886,
            0.00023863541212884465,
            0.00023593319359782112,
            0.0002528175638239507,
            0.0003132364005938618,
            0.00024844863883513227,
            0.00021597694380350572,
            0.00022216749747040802,
            0.00022502745749712315,
            0.00021198978230012986,
            0.0002006802966681552,
            0.00019891713600372896,
            0.00018663226586321125,
            0.00025640603068851584,
            0.00021689227856847498,
            0.00024179753698104912,
            0.00018289334057835336,
            0.00019619499811517966,
            0.00020582042381410366,
            0.00021829802742855543,
            0.0002266391213355667,
            0.00019637180008905253,
            0.00017145991351635135,
            0.00018338715460191926,
            0.0001931371423226032,
            0.00016258913906906105,
            0.00016415300121044984,
            0.0001458448200339816,
            0.00023435847074522272,
            0.0001966523426665884,
            0.00018962158640573287,
            0.0001617452992080792,
            0.00013697466689020234,
            0.00017399416696128395,
            0.0001838665563770084,
            0.00020149656231059572,
            0.00017281669858240767,
            0.00017037133891236684,
            0.00014651010655064096,
            0.00025323693420353305,
            0.00016919926565606147
          ],
          "prediction_variance": [
            3.5714879231818486e-06,
            0.00010499629570404068,
            3.4005601889930404e-08
          ]
        },
        {
          "iteration": 3,
          "seed": 42,
          "total_samples_seen": 1355,
          "samples_added": 500,
          "mse_per_output": [
            7.770872281570331e-08,
            7.910848726562845e-06,
            6.471177606582495e-08
          ],
          "total_mse": 8.053269225444373e-06,
          "window_size": 0.04000000000000001,
          "center_point": [
            0.504586398601532,
            0.5299564003944397,
            0.5004444122314453
          ],
          "pools_used": [
            1,
            2,
            3,
            4
          ],
          "avg_train_loss": 4.075308532378585e-06,