{
  "pipeline_name": "sample_efficiency_2000samples_3iters",
  "timestamp": "2025-11-09 11:05:00",
  "config": {
    "model_type": "NeuralNetModel",
    "model_params": "{'input_size': 6, 'output_size': 3, 'hidden_sizes': (64, 32), 'activation': 'tanh', 'learning_rate': 0.001, 'model_name': 'adaptive_batch_sampling_nn'}",
    "n_iterations": 3,
    "samples_per_iteration": 666,
    "n_epochs": 50,
    "batch_size": 16,
    "initial_window_size": 1.0,
    "shrink_rate": 0.2,
    "num_seeds": 1,
    "window_type": "output",
    "use_model_prediction": true,
    "num_pool_datasets": 17,
    "pool_samples_per_dataset": [
      4000,
      3000,
      1000,
      2500,
      2500,
      2500,
      500,
      2000,
      2000,
      2600,
      2600,
      1500,
      2700,
      2700,
      2000,
      2750,
      2750
    ],
    "total_pool_samples": 39600,
    "test_samples": 1
  },
  "data_info": {},
  "training_info": {},
  "evaluation": {},
  "raw_results": {
    "all_seed_results": [
      [
        {
          "iteration": 0,
          "seed": 42,
          "total_samples_seen": 0,
          "samples_added": 0,
          "mse_per_output": [
            0.2299164310171457,
            0.2053136170820224,
            0.15649379404163682
          ],
          "total_mse": 0.5917238421408049,
          "window_size": 1.0,
          "center_point": [
            0.5000038227775604,
            0.5003280052336098,
            0.500042579988823
          ],
          "pools_used": [],
          "avg_train_loss": null,
          "prediction_variance": [
            NaN,
            NaN,
            NaN
          ]
        },
        {
          "iteration": 1,
          "seed": 42,
          "total_samples_seen": 666,
          "samples_added": 666,
          "mse_per_output": [
            0.0002362553227121663,
            0.0025221333987100695,
            2.1364170007138573e-05
          ],
          "total_mse": 0.0027797528914293742,
          "window_size": 1.0,
          "center_point": [
            0.5000038227775604,
            0.5003280052336098,
            0.500042579988823
          ],
          "pools_used": [
            0
          ],
          "avg_train_loss": 0.010223622915468047,
          "epoch_losses": [
            0.08624241554311343,
            0.02353999251499772,
            0.016973305294024094,
            0.015928177229527916,
            0.015600420135472502,
            0.0154456540809146,
            0.015060035046190023,
            0.01487904279271052,
            0.01483778835141233,
            0.014163170564210131,
            0.013890531734519061,
            0.013519137244050702,
            0.013161463374715476,
            0.01259156143558877,
            0.01193042979797437,
            0.01214683702259901,
            0.011276349425315857,
            0.010400422383099794,
            0.01061261458588498,
            0.010251426259942707,
            0.009043916372493618,
            0.009116067589881519,
            0.00843290830518873,
            0.008867069602101332,
            0.009009564051493293,
            0.008672233898236993,
            0.007618459074624947,
            0.007554588684191306,
            0.007111321735594954,
            0.0070805360917888934,
            0.0062941289340545025,
            0.0061744135704689795,
            0.0056641655752346625,
            0.006109273779050757,
            0.004926919003039421,
            0.004640109576506629,
            0.006019148781585197,
            0.004000259834962587,
            0.003664946222367386,
            0.003369422801326783,
            0.0033256152057133262,
            0.0030648262722284664,
            0.00298889362463905,
            0.0026818900230518054,
            0.0024422866672033534,
            0.0023088071514697126,
            0.002177869802662393,
            0.002113218394307686,
            0.002104410161596856,
            0.0021531001700731437
          ],
          "prediction_variance": [
            3.955701686209068e-05,
            0.0009298250079154968,
            7.383352931356058e-05
          ]
        },
        {
          "iteration": 2,
          "seed": 42,
          "total_samples_seen": 974,
          "samples_added": 308,
          "mse_per_output": [
            4.222947969195682e-06,
            0.0001651420464606215,
            2.682564943501626e-06
          ],
          "total_mse": 0.00017204755937331878,
          "window_size": 0.2,
          "center_point": [
            0.5153744220733643,
            0.5505488514900208,
            0.5046647191047668
          ],
          "pools_used": [
            0,
            1
          ],
          "avg_train_loss": 3.5540831822345354e-05,
          "epoch_losses": [
            0.00033451622584834695,
            7.832033279555616e-05,
            5.200421837798785e-05,
            5.193611104914453e-05,
            4.1587646501284324e-05,
            3.6092616414862275e-05,
            3.662700246422901e-05,
            3.993147711298661e-05,
            3.313352376608236e-05,
            3.1011279725134953e-05,
            3.7906294937783966e-05,
            4.24134312197566e-05,
            3.1078114352567356e-05,
            5.220215152803576e-05,
            3.0937946030462625e-05,
            2.7451963615021668e-05,
            3.1363653488369894e-05,
            2.9511859247577375e-05,
            3.5116383423883234e-05,
            3.2423837092210304e-05,
            2.645041759024025e-05,
            2.646759239723906e-05,
            3.496367644402198e-05,
            2.3096602899386198e-05,
            2.587057524578995e-05,
            2.5664464374131057e-05,
            2.7598686119745253e-05,
            2.4795000445010374e-05,
            2.5208520287378634e-05,
            2.610484152683057e-05,
            2.9155573588468543e-05,
            2.3329393320636883e-05,
            2.0637281522795092e-05,
            1.9351003516021592e-05,
            1.9800035352091073e-05,
            2.0882106537101208e-05,
            2.0895566603940096e-05,
            1.867234998371714e-05,
            1.932340289840795e-05,
            1.7772164255802636e-05,
            2.3521182583863265e-05,
            2.1745652793470073e-05,
            2.6660053663363215e-05,
            1.690682229309459e-05,
            2.2519346020999365e-05,
            2.132269776211615e-05,
            1.5817901999071183e-05,
            2.129653717020119e-05,
            2.6857400189328474e-05,
            1.87886727417208e-05
          ],
          "prediction_variance": [
            1.3926517112849979e-06,
            1.2642983165278565e-05,
            2.9108636567798385e-07
          ]
        },
        {
          "iteration": 3,
          "seed": 42,
          "total_samples_seen": 1640,
          "samples_added": 666,
          "mse_per_output": [
            3.0319991229036847e-10,
            1.5022165426771989e-06,
            1.3333725963454407e-09
          ],
          "total_mse": 1.5038531151858348e-06,
          "window_size": 0.04000000000000001,
          "center_point": [
            0.5020588040351868,
            0.5131787657737732,
            0.5016804337501526
          ],
          "pools_used": [
            0,
            1,
            2,
            3,
            4
          ],
          "avg_train_loss": 4.243141931173763e-07,