{
  "pipeline_name": "sample_efficiency_2000samples_5iters",
  "timestamp": "2025-11-07 17:38:39",
  "config": {
    "model_type": "NeuralNetModel",
    "model_params": "{'input_size': 6, 'output_size': 3, 'hidden_sizes': (64, 32), 'activation': 'tanh', 'learning_rate': 0.001, 'model_name': 'adaptive_batch_sampling_nn'}",
    "n_iterations": 5,
    "samples_per_iteration": 400,
    "n_epochs": 50,
    "batch_size": 16,
    "initial_window_size": 1.0,
    "shrink_rate": 0.3,
    "num_seeds": 1,
    "window_type": "output",
    "use_model_prediction": true,
    "num_pool_datasets": 7,
    "pool_samples_per_dataset": [
      4000,
      1000,
      2500,
      500,
      2000,
      1500,
      2000
    ],
    "total_pool_samples": 13500,
    "test_samples": 1
  },
  "data_info": {},
  "training_info": {},
  "evaluation": {},
  "raw_results": {
    "all_seed_results": [
      [
        {
          "iteration": 0,
          "seed": 42,
          "total_samples_seen": 0,
          "samples_added": 0,
          "mse_per_output": [
            0.16666172748191224,
            0.2031594240801268,
            0.353815991161667
          ],
          "total_mse": 0.723637142723706,
          "window_size": 1.0,
          "center_point": [
            0.5000038227775604,
            0.5003280052336098,
            0.500042579988823
          ],
          "pool_idx": null,
          "avg_train_loss": null,
          "prediction_variance": [
            NaN,
            NaN,
            NaN
          ]
        },
        {
          "iteration": 1,
          "seed": 42,
          "total_samples_seen": 400,
          "samples_added": 400,
          "mse_per_output": [
            0.0004808739691776709,
            0.004190418871915948,
            0.00014325714366994374
          ],
          "total_mse": 0.004814549984763563,
          "window_size": 1.0,
          "center_point": [
            0.5000038227775604,
            0.5003280052336098,
            0.500042579988823
          ],
          "pool_idx": 0,
          "avg_train_loss": 0.01610046577360481,
          "epoch_losses": [
            0.13926315009593965,
            0.0392276418954134,
            0.029088762626051902,
            0.024007042422890663,
            0.020594804249703884,
            0.0181011052057147,
            0.016717470213770867,
            0.015936071537435054,
            0.015551841519773006,
            0.015469476319849492,
            0.015229904167354107,
            0.014955568611621856,
            0.015115882698446513,
            0.014864703752100467,
            0.014692806117236614,
            0.014676407128572464,
            0.014444550909101963,
            0.014339456036686897,
            0.014123935513198375,
            0.013986717499792576,
            0.013752091601490974,
            0.013966647703200578,
            0.013333315402269364,
            0.013290234208106995,
            0.013001489825546742,
            0.012685373909771442,
            0.012438158728182316,
            0.01230771940201521,
            0.012335305456072093,
            0.012895584423094988,
            0.011651326827704906,
            0.011325045078992844,
            0.01094240738078952,
            0.01140797764994204,
            0.01142918035387993,
            0.011891525331884622,
            0.009942495170980692,
            0.00959747863933444,
            0.010477489717304707,
            0.010120681878179312,
            0.008967765644192695,
            0.009375567119568586,
            0.009055156968533993,
            0.008728553410619497,
            0.008497142232954502,
            0.008327497420832514,
            0.009507943093776703,
            0.008569251485168934,
            0.007454957040026784,
            0.007360627055168152
          ],
          "prediction_variance": [
            0.00014549182378686965,
            0.002082275692373514,
            8.385989349335432e-05
          ]
        },
        {
          "iteration": 2,
          "seed": 42,
          "total_samples_seen": 800,
          "samples_added": 400,
          "mse_per_output": [
            1.693892591885239e-05,
            0.0003621285702179612,
            7.915594352518164e-07
          ],
          "total_mse": 0.00037985905557206536,
          "window_size": 0.3,
          "center_point": [
            0.5219326615333557,
            0.5650614500045776,
            0.5120115876197815
          ],
          "pool_idx": 1,
          "avg_train_loss": 0.00047884011550340796,
          "epoch_losses": [
            0.0009928541840054095,
            0.0008055942412465811,
            0.0007079967181198299,
            0.0006778514280449599,
            0.0006559955829288811,
            0.0006450675893574954,
            0.0006900451378896832,
            0.00063030299032107,
            0.0006231841864064336,
            0.0005920212471392006,
            0.0007255698239896447,
            0.0006774161662906408,
            0.0005701544845942408,
            0.0005745486152591184,
            0.0005322467593941837,
            0.000534439873881638,
            0.0005265943374251947,
            0.0005192046088632196,
            0.0005107335082720965,
            0.0004657744290307164,
            0.0005290774308377877,
            0.00047586810309439896,
            0.0004617792158387601,
            0.00046258343965746465,
            0.00042270751349860803,
            0.0004101021445239894,
            0.00040236929373349995,
            0.0005645838216878473,
            0.0004019408312160522,
            0.0003774010780034587,
            0.00035860082862200217,
            0.0005169353971723467,
            0.00043607017025351527,
            0.0003858154610497877,
            0.0003364105289801955,
            0.00038995696289930495,
            0.0003633578450535424,
            0.00034655060037039223,
            0.0002864495402900502,
            0.00029950409196317197,
            0.00028306798776611686,
            0.0002903331202105619,
            0.0003853882258408703,
            0.00035134216188453137,
            0.0002615082665579393,
            0.00025305031245807184,
            0.0002407925244187936,
            0.0003184101457009092,
            0.0003588812990346923,
            0.00031357152009150015
          ],
          "prediction_variance": [
            3.5299221963214222e-06,
            7.067943079164252e-05,
            1.29241897184329e-07
          ]
        },
        {
          "iteration": 3,
          "seed": 42,
          "total_samples_seen": 1200,
          "samples_added": 400,
          "mse_per_output": [
            2.718718838528068e-07,
            9.383930893869726e-06,
            1.4548588198832805e-08
          ],
          "total_mse": 9.670351365921366e-06,
          "window_size": 0.09,
          "center_point": [
            0.5041195154190063,
            0.5193576812744141,
            0.5009322762489319
          ],
          "pool_idx": 2,
          "avg_train_loss": 2.338120822823839e-05,