{
  "pipeline_name": "sample_efficiency_3000samples_3iters",
  "timestamp": "2025-11-09 11:21:47",
  "config": {
    "model_type": "NeuralNetModel",
    "model_params": "{'input_size': 6, 'output_size': 3, 'hidden_sizes': (64, 32), 'activation': 'tanh', 'learning_rate': 0.001, 'model_name': 'adaptive_batch_sampling_nn'}",
    "n_iterations": 3,
    "samples_per_iteration": 1000,
    "n_epochs": 50,
    "batch_size": 16,
    "initial_window_size": 1.0,
    "shrink_rate": 0.2,
    "num_seeds": 1,
    "window_type": "output",
    "use_model_prediction": true,
    "num_pool_datasets": 17,
    "pool_samples_per_dataset": [
      4000,
      3000,
      1000,
      2500,
      2500,
      2500,
      500,
      2000,
      2000,
      2600,
      2600,
      1500,
      2700,
      2700,
      2000,
      2750,
      2750
    ],
    "total_pool_samples": 39600,
    "test_samples": 1
  },
  "data_info": {},
  "training_info": {},
  "evaluation": {},
  "raw_results": {
    "all_seed_results": [
      [
        {
          "iteration": 0,
          "seed": 42,
          "total_samples_seen": 0,
          "samples_added": 0,
          "mse_per_output": [
            0.9323482943659129,
            0.3297911968909361,
            0.24177439716281016
          ],
          "total_mse": 1.5039138884196592,
          "window_size": 1.0,
          "center_point": [
            0.5000038227775604,
            0.5003280052336098,
            0.500042579988823
          ],
          "pools_used": [],
          "avg_train_loss": null,
          "prediction_variance": [
            NaN,
            NaN,
            NaN
          ]
        },
        {
          "iteration": 1,
          "seed": 42,
          "total_samples_seen": 1000,
          "samples_added": 1000,
          "mse_per_output": [
            0.00038199811933627153,
            0.0014723401830474812,
            3.134812951018433e-05
          ],
          "total_mse": 0.001885686431893937,
          "window_size": 1.0,
          "center_point": [
            0.5000038227775604,
            0.5003280052336098,
            0.500042579988823
          ],
          "pools_used": [
            0
          ],
          "avg_train_loss": 0.009892461540977589,
          "epoch_losses": [
            0.10987948170966572,
            0.025369528267118666,
            0.01936616065601508,
            0.016756535478172793,
            0.016008578336960268,
            0.015540088112983439,
            0.015559324529021978,
            0.015061292464711837,
            0.014645620722264524,
            0.014666649542512402,
            0.014082416699874022,
            0.013889099279093363,
            0.013135307712391728,
            0.012572022746243174,
            0.01209729304537177,
            0.011206714525109246,
            0.010432982610331641,
            0.009994006789629422,
            0.00993707026576712,
            0.009342719128148423,
            0.009229601434771978,
            0.008375840498104928,
            0.007981667941850092,
            0.008001671405509114,
            0.007630390447697469,
            0.007002008975379997,
            0.006164934894528299,
            0.005718466958829335,
            0.005351800227626448,
            0.004588625349459194,
            0.0039451651031240115,
            0.0036116953669411557,
            0.003090428497960111,
            0.002804940795555474,
            0.0027090561749886664,
            0.0028528914572523226,
            0.002247930471120136,
            0.002389669235396598,
            0.00220205510748432,
            0.002090616755017508,
            0.0019400793308806089,
            0.001916242867804295,
            0.0016873480894395874,
            0.0018235036681982734,
            0.0016280789383768385,
            0.0016128880734969345,
            0.0016379521832624007,
            0.0015926705562465248,
            0.0016607088184664174,
            0.0015912548027237849
          ],
          "prediction_variance": [
            0.00010211049811914563,
            0.001914139138534665,
            3.074296182603575e-05
          ]
        },
        {
          "iteration": 2,
          "seed": 42,
          "total_samples_seen": 1298,
          "samples_added": 298,
          "mse_per_output": [
            1.7467358353298012e-07,
            4.1738814057632065e-06,
            6.233090678043596e-08
          ],
          "total_mse": 4.410885896076623e-06,
          "window_size": 0.2,
          "center_point": [
            0.5195485949516296,
            0.5386990904808044,
            0.505641520023346
          ],
          "pools_used": [
            0,
            1
          ],
          "avg_train_loss": 1.5018903137675615e-05,
          "epoch_losses": [
            0.00017252207008392647,
            5.150862948779066e-05,
            2.8152801716810483e-05,
            2.0269866198711833e-05,
            1.8985855316905625e-05,
            1.681015132099243e-05,
            1.4130298878674358e-05,
            1.345290045145176e-05,
            1.2795895576058875e-05,
            1.5512475999314217e-05,
            1.1489599680652119e-05,
            1.3740586430350576e-05,
            1.1526527798291921e-05,
            1.2180747058951774e-05,
            1.0353298648624332e-05,
            1.0785873607681806e-05,
            9.916809128634141e-06,
            1.1315837797921727e-05,
            1.0140408424999087e-05,
            1.0395280433409712e-05,
            1.0613434417456646e-05,
            1.008450752985817e-05,
            1.2938727003960307e-05,
            9.840438655086664e-06,
            9.10378804818672e-06,
            8.8976396335439e-06,
            9.253753887605853e-06,
            8.69483951167862e-06,
            1.0242927625145776e-05,
            7.958605429418017e-06,
            7.898411001262598e-06,
            8.220579538350361e-06,
            8.34204340543166e-06,
            1.4133537062757808e-05,
            1.0796133701181756e-05,
            8.276906830934949e-06,
            8.57359176925935e-06,
            7.497457844644821e-06,
            7.520147583387657e-06,
            8.597511862861115e-06,
            8.434330682480082e-06,
            9.076097740035038e-06,
            1.0382943329252731e-05,
            1.2908823344715578e-05,
            8.701034175828681e-06,
            8.472118248678989e-06,
            8.218870585838694e-06,
            7.499763820593025e-06,
            6.691881564716153e-06,
            7.0883970094751264e-06
          ],
          "prediction_variance": [
            4.768876920024923e-07,
            6.131875124992803e-06,
            3.435948769947572e-08
          ]
        },
        {
          "iteration": 3,
          "seed": 42,
          "total_samples_seen": 2298,
          "samples_added": 1000,
          "mse_per_output": [
            1.1273037566601362e-06,
            1.9357516081732736e-05,
            1.403309008368805e-07
          ],
          "total_mse": 2.0625150739229753e-05,
          "window_size": 0.04000000000000001,
          "center_point": [
            0.5004217624664307,
            0.5023710131645203,
            0.5002922415733337
          ],
          "pools_used": [
            0,
            1,
            2,
            3,
            4
          ],
          "avg_train_loss": 1.396729869591853e-06,