{
  "pipeline_name": "sample_efficiency_3000samples_3iters",
  "timestamp": "2025-11-08 10:06:11",
  "config": {
    "model_type": "NeuralNetModel",
    "model_params": "{'input_size': 6, 'output_size': 3, 'hidden_sizes': (64, 32), 'activation': 'tanh', 'learning_rate': 0.001, 'model_name': 'adaptive_batch_sampling_nn'}",
    "n_iterations": 3,
    "samples_per_iteration": 1000,
    "n_epochs": 50,
    "batch_size": 16,
    "initial_window_size": 1.0,
    "shrink_rate": 0.3,
    "num_seeds": 1,
    "window_type": "output",
    "use_model_prediction": true,
    "num_pool_datasets": 9,
    "pool_samples_per_dataset": [
      4000,
      3000,
      1000,
      2500,
      500,
      2000,
      2000,
      1500,
      2000
    ],
    "total_pool_samples": 18500,
    "test_samples": 1
  },
  "data_info": {},
  "training_info": {},
  "evaluation": {},
  "raw_results": {
    "all_seed_results": [
      [
        {
          "iteration": 0,
          "seed": 42,
          "total_samples_seen": 0,
          "samples_added": 0,
          "mse_per_output": [
            0.2473758400940054,
            0.16229531644891496,
            0.42900135267224554
          ],
          "total_mse": 0.8386725092151659,
          "window_size": 1.0,
          "center_point": [
            0.5000038227775604,
            0.5003280052336098,
            0.500042579988823
          ],
          "pools_used": [],
          "avg_train_loss": null,
          "prediction_variance": [
            NaN,
            NaN,
            NaN
          ]
        },
        {
          "iteration": 1,
          "seed": 42,
          "total_samples_seen": 1000,
          "samples_added": 1000,
          "mse_per_output": [
            0.0009229517965637385,
            0.0005744069448775661,
            0.0001975612135796843
          ],
          "total_mse": 0.0016949199550209887,
          "window_size": 1.0,
          "center_point": [
            0.5000038227775604,
            0.5003280052336098,
            0.500042579988823
          ],
          "pools_used": [
            0
          ],
          "avg_train_loss": 0.007783266603170584,
          "epoch_losses": [
            0.07187372691456288,
            0.02407712693370524,
            0.0192057697752875,
            0.01586292949431236,
            0.01478229109789171,
            0.014274528168792289,
            0.01397916924444929,
            0.013160331936050502,
            0.012218351047190408,
            0.01184761541939917,
            0.011101189099015698,
            0.010536838603752947,
            0.010022245790986787,
            0.009844228943129854,
            0.009712685232183762,
            0.009013680467707298,
            0.008515030574349184,
            0.008061884946766355,
            0.007748260513864576,
            0.008049410113710024,
            0.007384766987155354,
            0.006866728587608252,
            0.006139300819042893,
            0.006212235202953693,
            0.005128455257767605,
            0.004750423994477069,
            0.0038619389672512336,
            0.0037060892542025874,
            0.003015014553619992,
            0.002565054931596572,
            0.0025386088287516957,
            0.0021701908683300847,
            0.0023339156713706277,
            0.0020931664954072665,
            0.0024278234830865312,
            0.0016764956581894132,
            0.0017228194092962122,
            0.001777134414407469,
            0.0017201591538087953,
            0.0016692930713318112,
            0.0017745649249899008,
            0.0016035026101957237,
            0.00200068993985446,
            0.001595971211033415,
            0.0014562995768048698,
            0.001441814641963454,
            0.00140309979767716,
            0.0014645563270379272,
            0.0015199301211858197,
            0.0012559910810234704
          ],
          "prediction_variance": [
            0.00036810999154113233,
            0.0013098020572215319,
            5.8408659242559224e-05
          ]
        },
        {
          "iteration": 2,
          "seed": 42,
          "total_samples_seen": 1977,
          "samples_added": 977,
          "mse_per_output": [
            0.00024354655052322136,
            0.0015306276154256802,
            0.00015303970496142273
          ],
          "total_mse": 0.0019272138709103242,
          "window_size": 0.3,
          "center_point": [
            0.5303839445114136,
            0.5242947936058044,
            0.5140982270240784
          ],
          "pools_used": [
            0,
            1
          ],
          "avg_train_loss": 3.749437996328843e-05,
          "epoch_losses": [
            0.0001288692621470076,
            3.381803224094197e-05,
            2.934899678239749e-05,
            2.642553689721324e-05,
            2.6432460374288042e-05,
            2.6321222659105608e-05,
            3.227897140013445e-05,
            3.53729184289184e-05,
            2.633641496128891e-05,
            3.344182351288656e-05,
            3.51553519008561e-05,
            2.787650666299845e-05,
            2.6481402462576946e-05,
            2.593550594141444e-05,
            2.4802237696290362e-05,
            2.4677247130321413e-05,
            3.2543575490572334e-05,
            2.5227574672997788e-05,
            3.208609368518791e-05,
            3.354357627652081e-05,
            2.5970527267124835e-05,
            2.9051154357265688e-05,
            3.4340327851344725e-05,
            3.058788730237622e-05,
            3.489600080610539e-05,
            2.9820613015603627e-05,
            3.602745685003033e-05,
            3.580130022519077e-05,
            3.5231855881354405e-05,
            3.05562665040094e-05,
            3.72684595394305e-05,
            4.51499088211999e-05,
            3.511848271662001e-05,
            2.7851663925239044e-05,
            6.032803375708153e-05,
            3.462627339632168e-05,
            3.6330484876558446e-05,
            4.958223192466727e-05,
            3.61892334328126e-05,
            2.968238443152645e-05,
            3.743815621478021e-05,
            4.9564728288392106e-05,
            4.842926870379972e-05,
            3.3581919362932825e-05,
            7.350743331816404e-05,
            2.877846676593406e-05,
            6.221281429104912e-05,
            3.868327395696636e-05,
            5.679483000119123e-05,
            4.434284905542999e-05
          ],
          "prediction_variance": [
            2.7284453608444892e-05,
            0.00025275355437770486,
            2.1867484974791296e-05
          ]
        },
        {
          "iteration": 3,
          "seed": 42,
          "total_samples_seen": 2795,
          "samples_added": 818,
          "mse_per_output": [
            1.0767493603060086e-06,
            1.881253099917864e-05,
            4.7261835984354395e-07
          ],
          "total_mse": 2.0361898719328196e-05,
          "window_size": 0.09,
          "center_point": [
            0.5156098008155823,
            0.5394512414932251,
            0.512413501739502
          ],
          "pools_used": [
            0,
            1,
            2,
            3
          ],
          "avg_train_loss": 6.2293954211566615e-06,