{
  "pipeline_name": "sample_efficiency_200samples_1iters",
  "timestamp": "2025-11-10 16:09:27",
  "config": {
    "model_type": "NeuralNetModel",
    "model_params": "{'input_size': 6, 'output_size': 3, 'hidden_sizes': (64, 32), 'activation': 'tanh', 'learning_rate': 0.001, 'model_name': 'adaptive_batch_sampling_nn'}",
    "n_iterations": 1,
    "samples_per_iteration": 200,
    "n_epochs": 50,
    "batch_size": 16,
    "initial_window_size": 1.0,
    "shrink_rate": 0.1,
    "num_seeds": 5,
    "window_type": "output",
    "use_model_prediction": true,
    "num_pool_datasets": 25,
    "pool_samples_per_dataset": [
      4000,
      3000,
      1000,
      2500,
      2500,
      2500,
      500,
      2000,
      2500,
      2525,
      2550,
      2575,
      2000,
      2600,
      2550,
      2575,
      2600,
      2500,
      2525,
      1500,
      2700,
      2700,
      2000,
      2750,
      2750
    ],
    "total_pool_samples": 59900,
    "test_samples": 1
  },
  "data_info": {},
  "training_info": {},
  "evaluation": {},
  "raw_results": {
    "all_seed_results": [
      [
        {
          "iteration": 0,
          "seed": 42,
          "total_samples_seen": 0,
          "samples_added": 0,
          "mse_per_output": [
            0.45642342083021137,
            0.17713908230723263,
            0.09769369736376993
          ],
          "total_mse": 0.731256200501214,
          "window_size": 1.0,
          "center_point": [
            0.5000038227775604,
            0.5003280052336098,
            0.500042579988823
          ],
          "pools_used": [],
          "avg_train_loss": null,
          "prediction_variance": [
            NaN,
            NaN,
            NaN
          ]
        },
        {
          "iteration": 1,
          "seed": 42,
          "total_samples_seen": 200,
          "samples_added": 200,
          "mse_per_output": [
            0.003699772721023048,
            0.009142359048340341,
            0.00015591404981301856
          ],
          "total_mse": 0.012998045819176407,
          "window_size": 1.0,
          "center_point": [
            0.5000038227775604,
            0.5003280052336098,
            0.500042579988823
          ],
          "pools_used": [
            0
          ],
          "avg_train_loss": 0.02091352298784141,
          "epoch_losses": [
            0.2356899495308216,
            0.05025379445690375,
            0.038104475260927126,
            0.028740143976532496,
            0.025309632174097575,
            0.022417452472906847,
            0.02079062149501764,
            0.019780143450659055,
            0.019299393877960168,
            0.01762940254635536,
            0.017306361347436905,
            0.01632176762303481,
            0.01629013646967136,
            0.015944883298988525,
            0.015694479243113443,
            0.01538415288982483,
            0.015243950586479444,
            0.015347389289392875,
            0.014883977790864615,
            0.015664482310127754,
            0.015090757551101537,
            0.014754518794898804,
            0.014975581389780227,
            0.015175107221763868,
            0.014976017678586336,
            0.014656699477480007,
            0.014472070723198928,
            0.014032987591165762,
            0.014079872160576858,
            0.014243054776810683,
            0.013831076570428334,
            0.014299046678038744,
            0.014333236819276443,
            0.013909231441525312,
            0.014360406579306493,
            0.014029496134473728,
            0.013580307328643708,
            0.013376337261154102,
            0.013636175363969345,
            0.012906066930064788,
            0.013088414158958655,
            0.01286624214397027,
            0.012747695347150931,
            0.013037717757889858,
            0.012638614799540777,
            0.01241403273664988,
            0.012281295127020432,
            0.01236213779506775,
            0.011760904740255613,
            0.011664456222206354
          ],
          "prediction_variance": [
            0.00011421465023886412,
            0.0007636394002474844,
            4.354810153017752e-05
          ]
        }
      ],
      [
        {
          "iteration": 0,
          "seed": 43,
          "total_samples_seen": 0,
          "samples_added": 0,
          "mse_per_output": [
            0.1250258598639517,
            0.17766644415093089,
            0.15979426200724214
          ],
          "total_mse": 0.4624865660221247,
          "window_size": 1.0,
          "center_point": [
            0.5000038227775604,
            0.5003280052336098,
            0.500042579988823
          ],
          "pools_used": [],
          "avg_train_loss": null,
          "prediction_variance": [
            NaN,
            NaN,
            NaN
          ]
        },
        {
          "iteration": 1,
          "seed": 43,
          "total_samples_seen": 200,
          "samples_added": 200,
          "mse_per_output": [
            0.001022135281285326,
            0.025199877215638964,
            0.00016088600098136498
          ],
          "total_mse": 0.026382898497905653,
          "window_size": 1.0,
          "center_point": [
            0.5000038227775604,
            0.5003280052336098,
            0.500042579988823
          ],
          "pools_used": [
            0
          ],
          "avg_train_loss": 0.02223994863147919,
          "epoch_losses": [
            0.1502902739896224,
            0.05406782031059265,
            0.04006274818227841,
            0.03664765492654764,
            0.03236863676172037,
            0.02783124062877435,
            0.025851505880172435,
            0.023973400632922467,
            0.02235459092144783,
            0.022063570383649606,
            0.02044853138235899,
            0.019586966802867558,
            0.019083505782943506,
            0.018764710483642724,
            0.01789559072886522,
            0.01790398094229973,
            0.017184536474255416,
            0.01761053753300355,
            0.01796356703226383,
            0.017938205829033486,
            0.017301924956532624,
            0.0170680910635453,
            0.017161454790486738,
            0.016978908473482497,
            0.018826660198660996,
            0.017470981137683757,
            0.01681910089861888,
            0.01684541771045098,
            0.017605112292445622,
            0.016902581287118103,
            0.016859444574667856,
            0.016495053083277665,
            0.016070075476398833,
            0.016160984953435566,
            0.016894147229882386,
            0.015607112803711342,
            0.0160612641618802,
            0.016891390156860534,
            0.015766844941446416,
            0.015411837456318049,
            0.015659836694025077,
            0.016474485827180054,
            0.015463077964691015,
            0.015353841850390801,
            0.015430409317979446,
            0.015524862620692987,
            0.015118173251931485,
            0.016958351175372418,
            0.015134667762770103,
            0.01578976185275958
          ],
          "prediction_variance": [
            0.0006625058595091105,
            0.00030668065301142633,
            0.0007005936349742115
          ]
        }
      ],
      [
        {
          "iteration": 0,
          "seed": 44,
          "total_samples_seen": 0,
          "samples_added": 0,
          "mse_per_output": [
            0.2305176076575457,
            0.4006386728728856,
            0.1649112412848051
          ],
          "total_mse": 0.7960675218152364,
          "window_size": 1.0,
          "center_point": [
            0.5000038227775604,
            0.5003280052336098,
            0.500042579988823
          ],
          "pools_used": [],
          "avg_train_loss": null,