{
  "pipeline_name": "sample_efficiency_3000samples_1iters",
  "timestamp": "2025-11-07 19:21:32",
  "config": {
    "model_type": "NeuralNetModel",
    "model_params": "{'input_size': 6, 'output_size': 3, 'hidden_sizes': (64, 32), 'activation': 'tanh', 'learning_rate': 0.001, 'model_name': 'adaptive_batch_sampling_nn'}",
    "n_iterations": 1,
    "samples_per_iteration": 3000,
    "n_epochs": 50,
    "batch_size": 16,
    "initial_window_size": 1.0,
    "shrink_rate": 0.1,
    "num_seeds": 5,
    "window_type": "output",
    "use_model_prediction": true,
    "num_pool_datasets": 7,
    "pool_samples_per_dataset": [
      4000,
      1000,
      2500,
      500,
      2000,
      1500,
      2000
    ],
    "total_pool_samples": 13500,
    "test_samples": 1
  },
  "data_info": {},
  "training_info": {},
  "evaluation": {},
  "raw_results": {
    "all_seed_results": [
      [
        {
          "iteration": 0,
          "seed": 42,
          "total_samples_seen": 0,
          "samples_added": 0,
          "mse_per_output": [
            0.2166991752778752,
            0.14132251695883435,
            0.4281157786036058
          ],
          "total_mse": 0.7861374708403153,
          "window_size": 1.0,
          "center_point": [
            0.5000038227775604,
            0.5003280052336098,
            0.500042579988823
          ],
          "pools_used": [],
          "avg_train_loss": null,
          "prediction_variance": [
            NaN,
            NaN,
            NaN
          ]
        },
        {
          "iteration": 1,
          "seed": 42,
          "total_samples_seen": 3000,
          "samples_added": 3000,
          "mse_per_output": [
            6.797068641345648e-07,
            9.827285425679034e-05,
            6.964415581467534e-06
          ],
          "total_mse": 0.00010591697670239245,
          "window_size": 1.0,
          "center_point": [
            0.5000038227775604,
            0.5003280052336098,
            0.500042579988823
          ],
          "pools_used": [
            0
          ],
          "avg_train_loss": 0.003111405632379056,
          "epoch_losses": [
            0.03880924465966985,
            0.01573360232547163,
            0.014383146660699647,
            0.01248584930448139,
            0.010239810724940865,
            0.00893504346443459,
            0.007638712234032201,
            0.0062621615510037604,
            0.0050833455393427705,
            0.0035078900072357043,
            0.0026236843330750955,
            0.0023541757044322946,
            0.0018920624206657521,
            0.0016603359981672838,
            0.0015531045321543562,
            0.001689753553674041,
            0.0013644803551327873,
            0.001229043320679611,
            0.001205149714456019,
            0.0010419973583106804,
            0.0010147121432423096,
            0.0010595301982322509,
            0.0008976114955619275,
            0.0009308680596308128,
            0.0009096157220018869,
            0.0009076997073165369,
            0.0007884131402069544,
            0.000629219887412817,
            0.0006874332119239509,
            0.0006463892924775211,
            0.0006044350527016387,
            0.0006351994791444628,
            0.0006047100503062037,
            0.0004982558437288699,
            0.0005321958978651736,
            0.00046617523788727145,
            0.0003807873611336579,
            0.0004077840792578695,
            0.00040285768645457635,
            0.00032141940860031914,
            0.0003126647778194735,
            0.0003656317595085327,
            0.0002645340934984059,
            0.00025315438676656453,
            0.0002759006847748211,
            0.00021717953151234357,
            0.0002486001506614675,
            0.00020793997872657356,
            0.00019600725169011831,
            0.00021076228684715386
          ],
          "prediction_variance": [
            0.0003273580805398524,
            0.0009541095932945609,
            4.869163240073249e-05
          ]
        }
      ],
      [
        {
          "iteration": 0,
          "seed": 43,
          "total_samples_seen": 0,
          "samples_added": 0,
          "mse_per_output": [
            0.3480403295619419,
            0.07649354102781773,
            0.12468251038210475
          ],
          "total_mse": 0.5492163809718644,
          "window_size": 1.0,
          "center_point": [
            0.5000038227775604,
            0.5003280052336098,
            0.500042579988823
          ],
          "pools_used": [],
          "avg_train_loss": null,
          "prediction_variance": [
            NaN,
            NaN,
            NaN
          ]
        },
        {
          "iteration": 1,
          "seed": 43,
          "total_samples_seen": 3000,
          "samples_added": 3000,
          "mse_per_output": [
            4.4624716015779635e-06,
            4.322781941397528e-06,
            9.434140135582018e-07
          ],
          "total_mse": 9.728667556533694e-06,
          "window_size": 1.0,
          "center_point": [
            0.5000038227775604,
            0.5003280052336098,
            0.500042579988823
          ],
          "pools_used": [
            0
          ],
          "avg_train_loss": 0.0028265189262924166,
          "epoch_losses": [
            0.03392511156407443,
            0.01530258511341712,
            0.013845857106486057,
            0.011546388513686017,
            0.009731182489207292,
            0.008475807170938463,
            0.00751552303529721,
            0.0064692248465206,
            0.004438235411455141,
            0.0033707514484512045,
            0.0024293132706550247,
            0.0020345232497152696,
            0.0018103519774121332,
            0.0016849170716979759,
            0.0014016989642070567,
            0.0012156836184774565,
            0.0012557642233119585,
            0.0010945913078451647,
            0.0010171053473505766,
            0.0012057844888136544,
            0.0008306788719331034,
            0.0007784614151998849,
            0.000739204076609817,
            0.0006722471454772761,
            0.0006599829334361934,
            0.0007937132129959634,
            0.000513867868884266,
            0.0005220874452479233,
            0.0005762505532673342,
            0.0004035289728446824,
            0.0005142125433036548,
            0.00043758101848188164,
            0.0003470929438295338,
            0.0002846125631897829,
            0.000257283460512631,
            0.00030525176817776655,
            0.00030936681645122937,
            0.00023920489141520638,
            0.00024731737297809154,
            0.00023504687669628765,
            0.00022499028768543987,
            0.00017229144450152004,
            0.00021132936116702425,
            0.00021344840415428947,
            0.00021633125484089413,
            0.0001824481090652432,
            0.0001580427170820451,
            0.0001535928227469335,
            0.00019780829496355976,
            0.00015827064846157457
          ],
          "prediction_variance": [
            2.4668948753969744e-05,
            0.0007062794174998999,
            3.2704909244785085e-05
          ]
        }
      ],
      [
        {
          "iteration": 0,
          "seed": 44,
          "total_samples_seen": 0,
          "samples_added": 0,
          "mse_per_output": [
            0.18388322469686097,
            0.30184624097609464,
            0.21250506582847964
          ],
          "total_mse": 0.6982345315014352,
          "window_size": 1.0,
          "center_point": [
            0.5000038227775604,
            0.5003280052336098,
            0.500042579988823
          ],
          "pools_used": [],
          "avg_train_loss": null,
          "prediction_variance": [
            NaN,
            NaN,
            NaN
          ]
        },
        {
          "iteration": 1,
          "seed": 44,