{
  "pipeline_name": "sample_efficiency_800per_iter_shrink1",
  "timestamp": "2025-12-01 18:26:16",
  "config": {
    "model_type": "NeuralNetModel",
    "model_params": "{'input_size': 6, 'output_size': 1, 'hidden_sizes': (64, 32), 'activation': 'tanh', 'learning_rate': 0.001, 'model_name': 'adaptive_batch_sampling_nn'}",
    "n_iterations": 5,
    "samples_per_iteration": 800,
    "n_epochs": 50,
    "batch_size": 16,
    "initial_window_size": 1.0,
    "shrink_rate": 1,
    "num_seeds": 1,
    "window_type": "output",
    "use_model_prediction": true,
    "remove_first_pool_each_iteration": false,
    "num_pool_datasets": 25,
    "pool_samples_per_dataset": [
      4000,
      3000,
      1000,
      2500,
      2500,
      2500,
      500,
      2000,
      2500,
      2525,
      2550,
      2575,
      2000,
      2600,
      2550,
      2575,
      2600,
      2500,
      2525,
      1500,
      2700,
      2700,
      2000,
      2750,
      2750
    ],
    "total_pool_samples": 59900,
    "test_samples": 1
  },
  "data_info": {},
  "training_info": {},
  "evaluation": {},
  "raw_results": {
    "all_seed_results": [
      [
        {
          "iteration": 0,
          "seed": 42,
          "total_samples_seen": 0,
          "samples_added": 0,
          "mse_per_output": [
            0.380474872177514
          ],
          "total_mse": 0.380474872177514,
          "window_size": 1.0,
          "center_point": [
            0.500042579988823
          ],
          "pools_used": [],
          "avg_train_loss": null,
          "prediction_variance": [
            NaN
          ]
        },
        {
          "iteration": 1,
          "seed": 42,
          "total_samples_seen": 800,
          "samples_added": 800,
          "mse_per_output": [
            2.0435906335334754e-08
          ],
          "total_mse": 2.0435906335334754e-08,
          "window_size": 1.0,
          "center_point": [
            0.500042579988823
          ],
          "pools_used": [
            0
          ],
          "avg_train_loss": 0.0018868567031593327,
          "epoch_losses": [
            0.07772205648943782,
            0.005856177899986505,
            0.0011592421005479992,
            0.00048750748799648137,
            0.00039343786134850235,
            0.00037860108859604223,
            0.00036809446522966026,
            0.0003640164458192885,
            0.0003460686223115772,
            0.0003605558452545665,
            0.0003258471342269331,
            0.00032101210847031327,
            0.0003227844742650632,
            0.00030202617301256396,
            0.00031328246695920824,
            0.00029713286727201194,
            0.00028694274398731066,
            0.000267495312000392,
            0.0002621930970053654,
            0.00026219917737762443,
            0.0002505661259056069,
            0.00024209844297729433,
            0.00023396182812575716,
            0.00023254244268173353,
            0.00022546643725945614,
            0.00021687537882826292,
            0.00022869665233884006,
            0.00023467060658731497,
            0.00020464866873226128,
            0.00019067435641773045,
            0.00022016217808413786,
            0.00020083353418158368,
            0.00017435629808460363,
            0.00015683590958360583,
            0.00014099858890403993,
            0.00015071102003275883,
            0.00012886047326901462,
            0.0001312112515734043,
            9.00109532449278e-05,
            7.136892587368493e-05,
            5.297784009599127e-05,
            6.605789321838529e-05,
            3.059947050132905e-05,
            2.1723798126913608e-05,
            1.4818113850196824e-05,
            1.1673185576910328e-05,
            9.05685012412505e-06,
            6.066321026310106e-06,
            4.622662722795212e-06,
            3.015088932443177e-06
          ],
          "prediction_variance": [
            4.442392673809081e-05
          ],
          "test_predictions_scaled": [
            [
              0.49989962577819824
            ]
          ],
          "test_true_scaled": [
            [
              0.500042579988823
            ]
          ]
        },
        {
          "iteration": 2,
          "seed": 42,
          "total_samples_seen": 1600,
          "samples_added": 800,
          "mse_per_output": [
            7.668315199800886e-07
          ],
          "total_mse": 7.668315199800886e-07,
          "window_size": 1.0,
          "center_point": [
            0.49989962577819824
          ],
          "pools_used": [
            0
          ],
          "avg_train_loss": 2.536391149806149e-06,
          "epoch_losses": [
            2.737468477107541e-06,
            2.4288873044042705e-06,
            2.67868960463602e-06,
            1.763360861559704e-06,
            2.9088706173752142e-06,
            1.7610306292681344e-06,
            1.5774948849411885e-06,
            2.1428174784432487e-06,
            2.822873960894867e-06,
            1.9804458338512633e-06,
            2.043176241954825e-06,
            2.6450998643667846e-06,
            2.0740697846122204e-06,
            2.090824227707344e-06,
            2.1033749987964255e-06,
            1.6265991013142412e-06,
            2.074084633250095e-06,
            2.090231492957173e-06,
            1.8012291309332795e-06,
            1.8837961408735282e-06,
            2.184526321116209e-06,
            1.6003788721263845e-06,
            2.2980861956511943e-06,
            2.7665172751767387e-06,
            2.080316487536038e-06,
            2.557283470423499e-06,
            2.1399121442300385e-06,
            2.2844468969651644e-06,
            1.8974153113049397e-06,
            2.819807057221624e-06,
            2.6735590154203238e-06,
            2.6082098975166444e-06,
            2.4977871674991546e-06,
            2.098307198821203e-06,
            2.0295989145324713e-06,
            2.6292101097169506e-06,
            2.410532271710508e-06,
            3.6849987066034373e-06,
            2.5823628254784124e-06,
            3.7158907230150363e-06,
            2.779590600994197e-06,
            2.85971141124719e-06,
            3.161039040264768e-06,
            5.783429651273764e-06,
            2.6308812789466175e-06,
            3.1298390445044787e-06,
            2.97427854320631e-06,
            2.45529699270719e-06,
            3.4819384813999933e-06,
            4.76998031444964e-06
          ],
          "prediction_variance": [
            1.0551956393101136e-06
          ],
          "test_predictions_scaled": [
            [
              0.5009182691574097
            ]
          ],
          "test_true_scaled": [
            [
              0.500042579988823
            ]
          ]
        },
        {
          "iteration": 3,
          "seed": 42,
          "total_samples_seen": 2400,
          "samples_added": 800,
          "mse_per_output": [
            2.340441466146195e-06
          ],
          "total_mse": 2.340441466146195e-06,
          "window_size": 1.0,
          "center_point": [
            0.5009182691574097
          ],
          "pools_used": [
            0
          ],
          "avg_train_loss": 6.651314398845898e-06,