{
  "800": {
    "0.1": {
      "final_mse": 9.714291471895584e-06,
      "final_mse_std": 4.022147335366346e-06,
      "total_samples": 1749.7,
      "n_iterations": 3
    }
  }
}