{
  "pipeline_name": "sample_efficiency_400per_iter_shrink1",
  "timestamp": "2025-12-01 18:43:51",
  "config": {
    "model_type": "NeuralNetModel",
    "model_params": "{'input_size': 6, 'output_size': 3, 'hidden_sizes': (64, 32), 'activation': 'tanh', 'learning_rate': 0.001, 'model_name': 'adaptive_batch_sampling_nn', 'seed': 42}",
    "n_iterations": 2,
    "samples_per_iteration": 400,
    "n_epochs": 50,
    "batch_size": 16,
    "initial_window_size": 1.0,
    "shrink_rate": 1,
    "num_seeds": 1,
    "window_type": "output",
    "use_model_prediction": true,
    "remove_first_pool_each_iteration": false,
    "num_pool_datasets": 25,
    "pool_samples_per_dataset": [
      4000,
      3000,
      1000,
      2500,
      2500,
      2500,
      500,
      2000,
      2500,
      2525,
      2550,
      2575,
      2000,
      2600,
      2550,
      2575,
      2600,
      2500,
      2525,
      1500,
      2700,
      2700,
      2000,
      2750,
      2750
    ],
    "total_pool_samples": 59900,
    "test_samples": 1
  },
  "data_info": {},
  "training_info": {},
  "evaluation": {},
  "raw_results": {
    "all_seed_results": [
      [
        {
          "iteration": 0,
          "seed": 42,
          "total_samples_seen": 0,
          "samples_added": 0,
          "mse_per_output": [
            0.5993477555736278,
            0.2971975857947789,
            0.34931573176184927
          ],
          "total_mse": 1.2458610731302562,
          "window_size": 1.0,
          "center_point": [
            0.5000038227775604,
            0.5003280052336098,
            0.500042579988823
          ],
          "pools_used": [],
          "avg_train_loss": null,
          "prediction_variance": [
            NaN,
            NaN,
            NaN
          ]
        },
        {
          "iteration": 1,
          "seed": 42,
          "total_samples_seen": 400,
          "samples_added": 400,
          "mse_per_output": [
            0.0004730246884587845,
            0.010029841066082085,
            0.00022865607515441848
          ],
          "total_mse": 0.010731521829695287,
          "window_size": 1.0,
          "center_point": [
            0.5000038227775604,
            0.5003280052336098,
            0.500042579988823
          ],
          "pools_used": [
            0
          ],
          "avg_train_loss": 0.018708908043615517,
          "epoch_losses": [
            0.23127929210662843,
            0.04066328801214695,
            0.02886810913681984,
            0.02444454614073038,
            0.02254937931895256,
            0.02077260211110115,
            0.01953957576304674,
            0.01831823490560055,
            0.017301692217588423,
            0.01667965214699507,
            0.01584103476256132,
            0.015371477995067835,
            0.01545554343611002,
            0.015196440536528825,
            0.014915603473782539,
            0.014896123223006725,
            0.014827264696359635,
            0.015019321870058775,
            0.014722467307001353,
            0.01443090382963419,
            0.014349273815751075,
            0.014364189431071282,
            0.013976155444979668,
            0.014069869201630354,
            0.013939075004309416,
            0.013588686399161816,
            0.013380919564515353,
            0.013127584289759398,
            0.01315622566267848,
            0.013151737544685602,
            0.012489805277436972,
            0.012564560174942016,
            0.012488219775259496,
            0.011815476845949888,
            0.011989311445504428,
            0.011817352473735809,
            0.01118151756003499,
            0.01060701385140419,
            0.010501626394689084,
            0.010306287687271834,
            0.01019335450604558,
            0.009847747310996056,
            0.009482399746775626,
            0.0092849709559232,
            0.009020314440131188,
            0.008951255697757005,
            0.009331858903169631,
            0.008637289218604564,
            0.008419696819037198,
            0.008319073747843504
          ],
          "prediction_variance": [
            4.478115079109557e-05,
            0.0013632805785164237,
            0.0001733077224344015
          ],
          "test_predictions_scaled": [
            [
              0.5217529535293579,
              0.6004770994186401,
              0.5151639580726624
            ]
          ],
          "test_true_scaled": [
            [
              0.5000038227775604,
              0.5003280052336098,
              0.500042579988823
            ]
          ]
        }
      ]
    ]
  },
  "aggregated_results": [
    {
      "iteration": 0,
      "total_samples_seen": 0.0,
      "samples_added": 0.0,
      "training_samples": 0,
      "mean_total_mse": 1.2458610731302562,
      "std_total_mse": 0.0,
      "mean_mse_per_output": [
        0.5993477555736278,
        0.2971975857947789,
        0.34931573176184927
      ],
      "std_mse_per_output": [
        0.0,
        0.0,
        0.0
      ],
      "mean_train_loss": null,
      "window_size": 1.0,
      "num_seeds": 1,
      "mean_prediction_variance_per_output": [
        NaN,
        NaN,
        NaN
      ],
      "std_prediction_variance_per_output": [
        NaN,
        NaN,
        NaN
      ]
    },
    {
      "iteration": 1,
      "total_samples_seen": 400.0,
      "samples_added": 400.0,
      "training_samples": 20000.0,
      "mean_total_mse": 0.010731521829695287,
      "std_total_mse": 0.0,
      "mean_mse_per_output": [
        0.0004730246884587845,
        0.010029841066082085,
        0.00022865607515441848
      ],
      "std_mse_per_output": [
        0.0,
        0.0,
        0.0
      ],
      "mean_train_loss": 0.018708908043615517,
      "window_size": 1.0,
      "num_seeds": 1,
      "mean_prediction_variance_per_output": [
        4.478115079109557e-05,
        0.0013632805785164237,
        0.0001733077224344015
      ],
      "std_prediction_variance_per_output": [
        0.0,
        0.0,
        0.0
      ]
    }
  ],
  "execution_time_seconds": 26.077857
}