{
  "pipeline_name": "sample_efficiency_500per_iter_shrink1",
  "timestamp": "2025-12-02 19:05:15",
  "config": {
    "model_type": "NeuralNetModel",
    "model_params": "{'input_size': 6, 'output_size': 3, 'hidden_sizes': (64, 32), 'activation': 'tanh', 'learning_rate': 0.001, 'model_name': 'adaptive_batch_sampling_nn', 'seed': 42}",
    "n_iterations": 1,
    "samples_per_iteration": 500,
    "n_epochs": 50,
    "batch_size": 16,
    "initial_window_size": 1.0,
    "shrink_rate": 1,
    "num_seeds": 5,
    "window_type": "output",
    "use_model_prediction": false,
    "remove_first_pool_each_iteration": false,
    "num_pool_datasets": 30,
    "pool_samples_per_dataset": [
      4000,
      2520,
      2520,
      1506,
      2520,
      2520,
      3000,
      1000,
      2500,
      2500,
      2500,
      500,
      2000,
      2500,
      2525,
      2550,
      2575,
      2000,
      2600,
      2550,
      2575,
      2600,
      2500,
      2525,
      1500,
      2700,
      2700,
      2000,
      2750,
      2750
    ],
    "total_pool_samples": 71486,
    "test_samples": 1
  },
  "data_info": {},
  "training_info": {},
  "evaluation": {},
  "raw_results": {
    "all_seed_results": [
      [
        {
          "iteration": 0,
          "seed": 42,
          "total_samples_seen": 0,
          "samples_added": 0,
          "mse_per_output": [
            0.5993477555736278,
            0.2971975857947789,
            0.34931573176184927
          ],
          "total_mse": 1.2458610731302562,
          "window_size": 1.0,
          "center_point": [
            0.5000038227775604,
            0.5003280052336098,
            0.500042579988823
          ],
          "pools_used": [],
          "avg_train_loss": null,
          "prediction_variance": [
            NaN,
            NaN,
            NaN
          ]
        },
        {
          "iteration": 1,
          "seed": 42,
          "total_samples_seen": 500,
          "samples_added": 500,
          "mse_per_output": [
            0.000295396765619766,
            0.00017537995879631632,
            2.6037867401396645e-05
          ],
          "total_mse": 0.000496814591817479,
          "window_size": 1.0,
          "center_point": [
            0.5000038227775604,
            0.5003280052336098,
            0.500042579988823
          ],
          "pools_used": [
            0
          ],
          "avg_train_loss": 0.016169827073535998,
          "epoch_losses": [
            0.18349950306583196,
            0.03479385212995112,
            0.025949213188141584,
            0.022785914014093578,
            0.020845672144787386,
            0.018989206553669646,
            0.01753065493539907,
            0.016522034275112674,
            0.01574260921915993,
            0.015417216869536787,
            0.01564379606861621,
            0.015367397165391594,
            0.015351083668065257,
            0.014790051005547866,
            0.014596545370295644,
            0.015032477385830134,
            0.014967252005590126,
            0.014128695242106915,
            0.014239275886211544,
            0.013649838889250532,
            0.013645519647980109,
            0.013442609400954098,
            0.013163930358132347,
            0.013440991795505397,
            0.012565902892674785,
            0.01227701929747127,
            0.011758695021853782,
            0.01144834965816699,
            0.011151521539431997,
            0.011140216127387248,
            0.011442408736911602,
            0.00995576151763089,
            0.00963217434764374,
            0.009687481680884957,
            0.009322237121523358,
            0.008888338707038201,
            0.009398688678629696,
            0.008794837856839877,
            0.008208266055589775,
            0.008031102173845284,
            0.007838354809791781,
            0.007248519876156934,
            0.007693004728935193,
            0.006886586284963414,
            0.007663626362045761,
            0.008719901321455836,
            0.006512662839668337,
            0.006754024667316116,
            0.006186446444189642,
            0.00574988464359194
          ],
          "prediction_variance": [
            NaN,
            NaN,
            NaN
          ],
          "test_predictions_scaled": [
            [
              0.5171909332275391,
              0.48708489537239075,
              0.5051453113555908
            ]
          ],
          "test_true_scaled": [
            [
              0.5000038227775604,
              0.5003280052336098,
              0.500042579988823
            ]
          ]
        }
      ],
      [
        {
          "iteration": 0,
          "seed": 43,
          "total_samples_seen": 0,
          "samples_added": 0,
          "mse_per_output": [
            0.5993477555736278,
            0.2971975857947789,
            0.34931573176184927
          ],
          "total_mse": 1.2458610731302562,
          "window_size": 1.0,
          "center_point": [
            0.5000038227775604,
            0.5003280052336098,
            0.500042579988823
          ],
          "pools_used": [],
          "avg_train_loss": null,
          "prediction_variance": [
            NaN,
            NaN,
            NaN
          ]
        },
        {
          "iteration": 1,
          "seed": 43,
          "total_samples_seen": 500,
          "samples_added": 500,
          "mse_per_output": [
            0.0005750696292528371,
            5.7614357671895154e-05,
            0.00041364056542094504
          ],
          "total_mse": 0.0010463245523456774,
          "window_size": 1.0,
          "center_point": [
            0.5000038227775604,
            0.5003280052336098,
            0.500042579988823
          ],
          "pools_used": [
            0
          ],
          "avg_train_loss": 0.01678003911198175,
          "epoch_losses": [
            0.18648108129855245,
            0.03721683885669336,
            0.027808388171251863,
            0.024242277431767434,
            0.021576823433861136,
            0.019782263872912154,
            0.01847639656625688,
            0.01773234171560034,
            0.01737912985845469,
            0.01665732797118835,
            0.016937402629991993,
            0.016515999333932996,
            0.016444284468889236,
            0.01625873040757142,
            0.016384046844905242,
            0.016832033317768946,
            0.016272166423732415,
            0.014991744566941634,
            0.01652630206081085,
            0.014855173067189753,
            0.014651406178018078,
            0.014258181676268578,
            0.013548499628086574,
            0.014540891701471992,
            0.013390425097895786,
            0.01286163779150229,
            0.012159849153249525,
            0.011875109972606879,
            0.01181744238419924,
            0.011468292403151281,
            0.010861551825655624,
            0.01062684018688742,
            0.011153429208206944,
            0.009665301025961526,
            0.00964818600914441,
            0.009034215174324345,
            0.008770670516241807,
            0.009236997881089337,
            0.008251200066297315,
            0.008010774377908092,
            0.007327127575990744,
            0.008024494993151166,
            0.00839035242825048,
            0.007189907788415439,
            0.006272345228353515,
            0.0062386746212723665,
            0.005598726114840247,
            0.0051129890453012194,
            0.005134271821589209,
            0.004511411425482947
          ],
          "prediction_variance": [
            NaN,
            NaN,
            NaN
          ],
          "test_predictions_scaled": [
            [
              0.523984432220459,
              0.5079184174537659,
              0.5203807353973389
            ]
          ],