{
  "pipeline_name": "sample_efficiency_2000samples_6iters",
  "timestamp": "2025-11-09 18:56:21",
  "config": {
    "model_type": "NeuralNetModel",
    "model_params": "{'input_size': 6, 'output_size': 3, 'hidden_sizes': (64, 32), 'activation': 'tanh', 'learning_rate': 0.001, 'model_name': 'adaptive_batch_sampling_nn'}",
    "n_iterations": 6,
    "samples_per_iteration": 333,
    "n_epochs": 50,
    "batch_size": 64,
    "initial_window_size": 1.0,
    "shrink_rate": 0.3,
    "num_seeds": 1,
    "window_type": "output",
    "use_model_prediction": true,
    "num_pool_datasets": 17,
    "pool_samples_per_dataset": [
      4000,
      3000,
      1000,
      2500,
      2500,
      2500,
      500,
      2000,
      2000,
      2600,
      2600,
      1500,
      2700,
      2700,
      2000,
      2750,
      2750
    ],
    "total_pool_samples": 39600,
    "test_samples": 1
  },
  "data_info": {},
  "training_info": {},
  "evaluation": {},
  "raw_results": {
    "all_seed_results": [
      [
        {
          "iteration": 0,
          "seed": 42,
          "total_samples_seen": 0,
          "samples_added": 0,
          "mse_per_output": [
            0.1626837366278975,
            0.37068738490950365,
            0.6302287164399292
          ],
          "total_mse": 1.1635998379773302,
          "window_size": 1.0,
          "center_point": [
            0.5000038227775604,
            0.5003280052336098,
            0.500042579988823
          ],
          "pools_used": [],
          "avg_train_loss": null,
          "prediction_variance": [
            NaN,
            NaN,
            NaN
          ]
        },
        {
          "iteration": 1,
          "seed": 42,
          "total_samples_seen": 333,
          "samples_added": 333,
          "mse_per_output": [
            0.0008931016975421508,
            0.027415030216865234,
            0.000535362637742804
          ],
          "total_mse": 0.028843494552150187,
          "window_size": 1.0,
          "center_point": [
            0.5000038227775604,
            0.5003280052336098,
            0.500042579988823
          ],
          "pools_used": [
            0
          ],
          "avg_train_loss": 0.0378186080387483,
          "epoch_losses": [
            0.48772651453812915,
            0.25850894302129745,
            0.11631952474514644,
            0.054517085353533425,
            0.04428745930393537,
            0.04732175668080648,
            0.04325751525660356,
            0.03654840588569641,
            0.03371773039301237,
            0.03301107076307138,
            0.03171907551586628,
            0.028529498726129532,
            0.027159536878267925,
            0.026737148873507977,
            0.025349503383040428,
            0.02354282761613528,
            0.022882490418851376,
            0.02176649620135625,
            0.02083235823859771,
            0.01929310072834293,
            0.01921556005254388,
            0.017636227576682966,
            0.02072290889918804,
            0.01820914416263501,
            0.018018749232093494,
            0.016907548997551203,
            0.017499304376542568,
            0.01692256269355615,
            0.01661647328486045,
            0.016054199542850256,
            0.016277387738227844,
            0.015782742916295927,
            0.016396882167706888,
            0.01531280359874169,
            0.015487614087760448,
            0.016194231808185577,
            0.015628864523023367,
            0.015260044485330582,
            0.01567325446133812,
            0.015940578809628885,
            0.015671733456353348,
            0.015003441367298365,
            0.014939836847285429,
            0.01586572142938773,
            0.0163179119117558,
            0.015194841660559177,
            0.015210411511361599,
            0.015184420471390089,
            0.014484086073935032,
            0.014272871272017559
          ],
          "prediction_variance": [
            0.0009937246795743704,
            0.00023108247842174023,
            0.00038617971586063504
          ]
        },
        {
          "iteration": 2,
          "seed": 42,
          "total_samples_seen": 666,
          "samples_added": 333,
          "mse_per_output": [
            0.0007472923767437226,
            0.031413198267954134,
            5.6909515813121924e-05
          ],
          "total_mse": 0.03221740016051098,
          "window_size": 0.3,
          "center_point": [
            0.5298886299133301,
            0.665902853012085,
            0.5231804847717285
          ],
          "pools_used": [
            0,
            1
          ],
          "avg_train_loss": 0.0031014529390571022,
          "epoch_losses": [
            0.0030156715462605157,
            0.0031993735659246645,
            0.0032373268234853945,
            0.003263769089244306,
            0.0033042780123651028,
            0.003257719062579175,
            0.003029302849123875,
            0.0030543472773085036,
            0.0031485867220908403,
            0.0029305216933911047,
            0.0031939391822864613,
            0.0029710024828091264,
            0.0031025606828431287,
            0.0030422286363318563,
            0.0029971120335782566,
            0.003145597797508041,
            0.0029870542542388043,
            0.003412745427340269,
            0.00301037864604344,
            0.0031241062485302487,
            0.0029843279626220465,
            0.0030621031376843653,
            0.003035989163133005,
            0.002944075153209269,
            0.0031657109890754023,
            0.0032137380136797824,
            0.0033111888139198222,
            0.0031493190520753465,
            0.003288817669575413,
            0.0031497826178868613,
            0.003310298159097632,
            0.0030781915799404183,
            0.0030770647960404554,
            0.002859512052964419,
            0.0031058553916712603,
            0.0030579177740340433,
            0.003074860006260375,
            0.002982213355911275,
            0.0032530263997614384,
            0.0031928569078445435,
            0.003123502635086576,
            0.003111534441510836,
            0.002947971884471675,
            0.002955367943892876,
            0.003096995991654694,
            0.002806468342896551,
            0.0030737498309463263,
            0.0031217936193570495,
            0.0030113136551032462,
            0.0030994775782649717
          ],
          "prediction_variance": [
            1.4986190763011109e-05,
            7.454193837475032e-05,
            2.7344367481418885e-06
          ]
        },
        {
          "iteration": 3,
          "seed": 42,
          "total_samples_seen": 707,
          "samples_added": 41,
          "mse_per_output": [
            0.0008319345457779712,
            0.03157031470721332,
            2.4664099285812685e-05
          ],
          "total_mse": 0.0324269133522771,
          "window_size": 0.09,
          "center_point": [
            0.5273404717445374,
            0.6775656938552856,
            0.5075864195823669
          ],
          "pools_used": [
            0,
            1
          ],
          "avg_train_loss": 0.0003380756813567132,