{
  "pipeline_name": "sample_efficiency_800per_iter_shrink0.4",
  "timestamp": "2025-11-21 10:39:43",
  "config": {
    "model_type": "NeuralNetModel",
    "model_params": "{'input_size': 6, 'output_size': 3, 'hidden_sizes': (64, 32), 'activation': 'tanh', 'learning_rate': 0.001, 'model_name': 'adaptive_batch_sampling_nn'}",
    "n_iterations": 1,
    "samples_per_iteration": 800,
    "n_epochs": 50,
    "batch_size": 16,
    "initial_window_size": 1.0,
    "shrink_rate": 0.4,
    "num_seeds": 5,
    "window_type": "output",
    "use_model_prediction": true,
    "num_pool_datasets": 25,
    "pool_samples_per_dataset": [
      4000,
      3000,
      1000,
      2500,
      2500,
      2500,
      500,
      2000,
      2500,
      2525,
      2550,
      2575,
      2000,
      2600,
      2550,
      2575,
      2600,
      2500,
      2525,
      1500,
      2700,
      2700,
      2000,
      2750,
      2750
    ],
    "total_pool_samples": 59900,
    "test_samples": 1
  },
  "data_info": {},
  "training_info": {},
  "evaluation": {},
  "raw_results": {
    "all_seed_results": [
      [
        {
          "iteration": 0,
          "seed": 42,
          "total_samples_seen": 0,
          "samples_added": 0,
          "mse_per_output": [
            0.22964226444286037,
            0.1429315824857039,
            0.11979671788905515
          ],
          "total_mse": 0.4923705648176194,
          "window_size": 1.0,
          "center_point": [
            0.5000038227775604,
            0.5003280052336098,
            0.500042579988823
          ],
          "pools_used": [],
          "avg_train_loss": null,
          "prediction_variance": [
            NaN,
            NaN,
            NaN
          ]
        },
        {
          "iteration": 1,
          "seed": 42,
          "total_samples_seen": 800,
          "samples_added": 800,
          "mse_per_output": [
            0.0006379784355000694,
            0.004479879570778716,
            3.4143681274148696e-05
          ],
          "total_mse": 0.005152001687552934,
          "window_size": 1.0,
          "center_point": [
            0.5000038227775604,
            0.5003280052336098,
            0.500042579988823
          ],
          "pools_used": [
            0
          ],
          "avg_train_loss": 0.009507574284053409,
          "epoch_losses": [
            0.0646066526323557,
            0.022672996670007706,
            0.017222590446472168,
            0.01610758200287819,
            0.015758126322180033,
            0.015320277977734805,
            0.014923004675656557,
            0.014609500262886287,
            0.014191949516534805,
            0.013683628272265196,
            0.013192084804177284,
            0.012481629941612482,
            0.012156263841316104,
            0.012648284705355763,
            0.011298703458160163,
            0.011466618794947862,
            0.010339589430950582,
            0.01002417848445475,
            0.009759396715089678,
            0.009234536611475051,
            0.00903852422721684,
            0.008810007101856173,
            0.008684569653123617,
            0.008785412181168795,
            0.008331983387470245,
            0.007988924430683254,
            0.008618470067158341,
            0.007471099887043238,
            0.007596355723217129,
            0.006812982996925712,
            0.006697685467079282,
            0.005634700283408165,
            0.005455387635156512,
            0.005090668327175081,
            0.004753887651022523,
            0.004574524257332086,
            0.004127851142548025,
            0.003663567565381527,
            0.003930657684104517,
            0.003287018567789346,
            0.003007124199066311,
            0.0026607227511703966,
            0.0026653295219875874,
            0.0028201645775698127,
            0.0025361705338582397,
            0.0022426161309704183,
            0.0021455585514195265,
            0.0019793602090794594,
            0.0023052497569005935,
            0.0019645441672764717
          ],
          "prediction_variance": [
            4.566373900161125e-05,
            0.004822355229407549,
            1.584053461556323e-05
          ]
        }
      ],
      [
        {
          "iteration": 0,
          "seed": 43,
          "total_samples_seen": 0,
          "samples_added": 0,
          "mse_per_output": [
            0.1643798079965569,
            0.13553786519696215,
            0.30517832463989497
          ],
          "total_mse": 0.6050959978334141,
          "window_size": 1.0,
          "center_point": [
            0.5000038227775604,
            0.5003280052336098,
            0.500042579988823
          ],
          "pools_used": [],
          "avg_train_loss": null,
          "prediction_variance": [
            NaN,
            NaN,
            NaN
          ]
        },
        {
          "iteration": 1,
          "seed": 43,
          "total_samples_seen": 800,
          "samples_added": 800,
          "mse_per_output": [
            0.00033571689875417813,
            0.0006667347867337225,
            0.00016533917423917967
          ],
          "total_mse": 0.0011677908597270805,
          "window_size": 1.0,
          "center_point": [
            0.5000038227775604,
            0.5003280052336098,
            0.500042579988823
          ],
          "pools_used": [
            0
          ],
          "avg_train_loss": 0.009395500445843209,
          "epoch_losses": [
            0.0765614815056324,
            0.02373037423938513,
            0.01765576663427055,
            0.016510177552700043,
            0.016459749452769755,
            0.015979369226843117,
            0.015934186801314355,
            0.015182360038161279,
            0.014893558798357845,
            0.014374195877462626,
            0.013933873027563095,
            0.013364928560331463,
            0.012932043243199586,
            0.012502136062830687,
            0.011819114051759243,
            0.012008707625791431,
            0.010691820839419962,
            0.010173357604071499,
            0.010278737088665366,
            0.009438148308545351,
            0.009524126974865795,
            0.008459809683263302,
            0.00842181596904993,
            0.0090202577970922,
            0.007518418119288981,
            0.0072533043846488,
            0.0064050434855744244,
            0.006069044349715114,
            0.005508635067380965,
            0.0052847365103662015,
            0.004391206700820476,
            0.004135592197999358,
            0.0036627970542758704,
            0.003473461230751127,
            0.0031392145110294223,
            0.0030063612433150412,
            0.0028316216915845872,
            0.0031409090640954675,
            0.0024070927943103016,
            0.0022651857079472393,
            0.0020924535510130227,
            0.0021253615897148847,
            0.001899406285956502,
            0.001924867246998474,
            0.0018220828240737318,
            0.001891503332881257,
            0.002113489281618968,
            0.0019384491635719315,
            0.001977945970138535,
            0.0016467419697437436
          ],
          "prediction_variance": [
            8.13921942608431e-05,
            0.0009640975040383637,
            1.870986852736678e-05
          ]
        }
      ],
      [
        {
          "iteration": 0,
          "seed": 44,
          "total_samples_seen": 0,
          "samples_added": 0,
          "mse_per_output": [
            0.5785922114406298,
            0.19917952096543232,
            0.03419061396329143
          ],
          "total_mse": 0.8119623463693535,
          "window_size": 1.0,
          "center_point": [
            0.5000038227775604,
            0.5003280052336098,
            0.500042579988823
          ],
          "pools_used": [],
          "avg_train_loss": null,