{
  "pipeline_name": "sample_efficiency_400samples_8iters",
  "timestamp": "2025-11-07 17:32:23",
  "config": {
    "model_type": "NeuralNetModel",
    "model_params": "{'input_size': 6, 'output_size': 3, 'hidden_sizes': (64, 32), 'activation': 'tanh', 'learning_rate': 0.001, 'model_name': 'adaptive_batch_sampling_nn'}",
    "n_iterations": 8,
    "samples_per_iteration": 50,
    "n_epochs": 50,
    "batch_size": 16,
    "initial_window_size": 1.0,
    "shrink_rate": 0.3,
    "num_seeds": 1,
    "window_type": "output",
    "use_model_prediction": true,
    "num_pool_datasets": 7,
    "pool_samples_per_dataset": [
      4000,
      1000,
      2500,
      500,
      2000,
      1500,
      2000
    ],
    "total_pool_samples": 13500,
    "test_samples": 1
  },
  "data_info": {},
  "training_info": {},
  "evaluation": {},
  "raw_results": {
    "all_seed_results": [
      [
        {
          "iteration": 0,
          "seed": 42,
          "total_samples_seen": 0,
          "samples_added": 0,
          "mse_per_output": [
            0.3819934308475152,
            0.19513486577131625,
            0.24797992717398512
          ],
          "total_mse": 0.8251082237928166,
          "window_size": 1.0,
          "center_point": [
            0.5000038227775604,
            0.5003280052336098,
            0.500042579988823
          ],
          "pool_idx": null,
          "avg_train_loss": null,
          "prediction_variance": [
            NaN,
            NaN,
            NaN
          ]
        },
        {
          "iteration": 1,
          "seed": 42,
          "total_samples_seen": 50,
          "samples_added": 50,
          "mse_per_output": [
            0.006370770758255145,
            0.028670852401384374,
            0.0027829491321534174
          ],
          "total_mse": 0.03782457229179294,
          "window_size": 1.0,
          "center_point": [
            0.5000038227775604,
            0.5003280052336098,
            0.500042579988823
          ],
          "pool_idx": 0,
          "avg_train_loss": 0.03833068502601236,
          "epoch_losses": [
            0.3770983852446079,
            0.19665885716676712,
            0.08945482410490513,
            0.05430980771780014,
            0.053032620809972286,
            0.05058298399671912,
            0.05114434892311692,
            0.04316536011174321,
            0.04478712100535631,
            0.03608130011707544,
            0.041296317242085934,
            0.03684973996132612,
            0.03428099676966667,
            0.03521786816418171,
            0.03121174219995737,
            0.026327779283747077,
            0.03016915963962674,
            0.026205839589238167,
            0.028402847703546286,
            0.026744079310446978,
            0.0236005331389606,
            0.027834157925099134,
            0.024978298228234053,
            0.02199364872649312,
            0.023102958220988512,
            0.023636776953935623,
            0.023429972119629383,
            0.022316353861242533,
            0.019096906762570143,
            0.0218027513474226,
            0.02134519722312689,
            0.020549003966152668,
            0.01876344857737422,
            0.018945676274597645,
            0.022336374036967754,
            0.019535387866199017,
            0.018462498439475894,
            0.02264640643261373,
            0.01747699175029993,
            0.016040943446569145,
            0.01740315370261669,
            0.01597377855796367,
            0.016820959746837616,
            0.017814000602811575,
            0.019071032758802176,
            0.01598593476228416,
            0.018627376994118094,
            0.015785756520926952,
            0.018178450176492333,
            0.019957543117925525
          ],
          "prediction_variance": [
            0.0006640932988375425,
            0.0014119840925559402,
            0.0006800208357162774
          ]
        },
        {
          "iteration": 2,
          "seed": 42,
          "total_samples_seen": 100,
          "samples_added": 50,
          "mse_per_output": [
            0.0009365425991421804,
            0.03629184733438126,
            0.00023001726191774433
          ],
          "total_mse": 0.03745840719544118,
          "window_size": 0.3,
          "center_point": [
            0.5798209309577942,
            0.6696527004241943,
            0.5527962446212769
          ],
          "pool_idx": 0,
          "avg_train_loss": 0.004156219363940181,
          "epoch_losses": [
            0.005583126447163522,
            0.003873866517096758,
            0.004185641650110483,
            0.0042392772156745195,
            0.0036322682281024754,
            0.0042442435515113175,
            0.003922327654436231,
            0.004062548861838877,
            0.004615117679350078,
            0.0046710221795365214,
            0.003345731871377211,
            0.005050430539995432,
            0.004755765723530203,
            0.0049132126732729375,
            0.004435396986082196,
            0.004054820979945362,
            0.004727533494587988,
            0.003387528471648693,
            0.0033583828335395083,
            0.003751263488084078,
            0.004346805450040847,
            0.003263690014136955,
            0.0045369850704446435,
            0.0035009446437470615,
            0.004018138162791729,
            0.0038434750167652965,
            0.0035079821827821434,
            0.003983373462688178,
            0.0033744823886081576,
            0.004102153587155044,
            0.004515394277404994,
            0.004238988389261067,
            0.0043503319611772895,
            0.003406511474167928,
            0.004366974055301398,
            0.005019736126996577,
            0.0039674651343375444,
            0.004102933395188302,
            0.0038237274857237935,
            0.0042612297111190856,
            0.004626597743481398,
            0.004077972611412406,
            0.004132610862143338,
            0.0037039087037555873,
            0.004881059401668608,
            0.0038183850119821727,
            0.0038873940357007086,
            0.004376147000584751,
            0.003685587551444769,
            0.005280476238112897
          ],
          "prediction_variance": [
            0.0001411568809999153,
            0.0004036344471387565,
            7.366123554675141e-06
          ]
        },
        {
          "iteration": 3,
          "seed": 42,
          "total_samples_seen": 109,
          "samples_added": 9,
          "mse_per_output": [
            0.001402645923177392,
            0.035953400070928274,
            1.3126243870664355e-06
          ],
          "total_mse": 0.03735735861849273,
          "window_size": 0.09,
          "center_point": [
            0.5306068062782288,
            0.6908321976661682,
            0.515208899974823
          ],
          "pool_idx": 6,
          "avg_train_loss": 0.00046564367541577665,