{
  "pipeline_name": "sample_efficiency_2000samples_1iters",
  "timestamp": "2025-11-10 13:21:11",
  "config": {
    "model_type": "NeuralNetModel",
    "model_params": "{'input_size': 6, 'output_size': 1, 'hidden_sizes': (64, 32), 'activation': 'tanh', 'learning_rate': 0.001, 'model_name': 'adaptive_batch_sampling_nn'}",
    "n_iterations": 1,
    "samples_per_iteration": 2000,
    "n_epochs": 50,
    "batch_size": 16,
    "initial_window_size": 1.0,
    "shrink_rate": 0.1,
    "num_seeds": 5,
    "window_type": "output",
    "use_model_prediction": true,
    "num_pool_datasets": 25,
    "pool_samples_per_dataset": [
      4000,
      3000,
      1000,
      2500,
      2500,
      2500,
      500,
      2000,
      2500,
      2525,
      2550,
      2575,
      2000,
      2600,
      2550,
      2575,
      2600,
      2500,
      2525,
      1500,
      2700,
      2700,
      2000,
      2750,
      2750
    ],
    "total_pool_samples": 59900,
    "test_samples": 1
  },
  "data_info": {},
  "training_info": {},
  "evaluation": {},
  "raw_results": {
    "all_seed_results": [
      [
        {
          "iteration": 0,
          "seed": 42,
          "total_samples_seen": 0,
          "samples_added": 0,
          "mse_per_output": [
            0.400661253022345
          ],
          "total_mse": 0.400661253022345,
          "window_size": 1.0,
          "center_point": [
            0.5003280052336098
          ],
          "pools_used": [],
          "avg_train_loss": null,
          "prediction_variance": [
            NaN
          ]
        },
        {
          "iteration": 1,
          "seed": 42,
          "total_samples_seen": 2000,
          "samples_added": 2000,
          "mse_per_output": [
            0.0005247396561637139
          ],
          "total_mse": 0.0005247396561637139,
          "window_size": 1.0,
          "center_point": [
            0.5003280052336098
          ],
          "pools_used": [
            0
          ],
          "avg_train_loss": 0.011747276785294525,
          "epoch_losses": [
            0.07078721173107624,
            0.045198316872119906,
            0.04128630758821964,
            0.03805793139338493,
            0.03259690573811531,
            0.02954249656945467,
            0.026013372361660004,
            0.025266305983066558,
            0.023319315202534198,
            0.02313050251454115,
            0.02225101559981704,
            0.020771561987698077,
            0.01999260438606143,
            0.01825910498946905,
            0.015118830949068069,
            0.013024827180430293,
            0.00928758119419217,
            0.006814388146623969,
            0.006470715675503016,
            0.005331473156809807,
            0.0053877516337670385,
            0.004571607203222811,
            0.005827372690662741,
            0.004633588573895395,
            0.004628929900471121,
            0.004411668937653303,
            0.004165780536830426,
            0.003647762319073081,
            0.004044702269602567,
            0.0033800904867239295,
            0.003413581813685596,
            0.0032471945276483895,
            0.003230103798676282,
            0.003401240400504321,
            0.003266642754431814,
            0.0028650237740948797,
            0.0027757340136449786,
            0.002842158595100045,
            0.002745906403288245,
            0.002467534188181162,
            0.0024756131237372754,
            0.0022609415277838707,
            0.00247174915112555,
            0.001986045479075983,
            0.0018636360457167029,
            0.0019190894342027605,
            0.0017430039625614881,
            0.001786255580605939,
            0.0015538648455403745,
            0.001828496073372662
          ],
          "prediction_variance": [
            0.0007168906158767641
          ]
        }
      ],
      [
        {
          "iteration": 0,
          "seed": 43,
          "total_samples_seen": 0,
          "samples_added": 0,
          "mse_per_output": [
            0.17750639228776408
          ],
          "total_mse": 0.17750639228776408,
          "window_size": 1.0,
          "center_point": [
            0.5003280052336098
          ],
          "pools_used": [],
          "avg_train_loss": null,
          "prediction_variance": [
            NaN
          ]
        },
        {
          "iteration": 1,
          "seed": 43,
          "total_samples_seen": 2000,
          "samples_added": 2000,
          "mse_per_output": [
            0.0012931314509497002
          ],
          "total_mse": 0.0012931314509497002,
          "window_size": 1.0,
          "center_point": [
            0.5003280052336098
          ],
          "pools_used": [
            0
          ],
          "avg_train_loss": 0.010431458123312334,
          "epoch_losses": [
            0.059562966771423816,
            0.04388146699965,
            0.04132817827165127,
            0.03817391032725573,
            0.03273766132444143,
            0.028854776412248612,
            0.02518735510110855,
            0.023439576596021652,
            0.022831540010869504,
            0.022372165575623514,
            0.01911486365646124,
            0.01774730835109949,
            0.012436968855559826,
            0.009292357748374343,
            0.007431853376328945,
            0.00721007987856865,
            0.0064347309605218474,
            0.005274938859976828,
            0.005110475295688957,
            0.004646764501929283,
            0.004669303573202342,
            0.005120755821466446,
            0.0045610272884368894,
            0.004446412118151784,
            0.003975608548149466,
            0.004136087437160313,
            0.003482650018762797,
            0.0037414263132959603,
            0.0035293339863419534,
            0.003573684505186975,
            0.003250490101519972,
            0.002897853781003505,
            0.0033761727949604393,
            0.0031250577904284,
            0.0027716428260318934,
            0.002913818986620754,
            0.002493222006596625,
            0.0026261024561244992,
            0.0023371290448121725,
            0.002243537870235741,
            0.002182480350136757,
            0.0020805633498821407,
            0.002245989344548434,
            0.0022926706436555834,
            0.0018086808435618877,
            0.0022951495279558004,
            0.0016330193099565805,
            0.0015454150282312184,
            0.001630204429384321,
            0.0015174771950114518
          ],
          "prediction_variance": [
            0.0006218567723408341
          ]
        }
      ],
      [
        {
          "iteration": 0,
          "seed": 44,
          "total_samples_seen": 0,
          "samples_added": 0,
          "mse_per_output": [
            0.2869326567863963
          ],
          "total_mse": 0.2869326567863963,
          "window_size": 1.0,
          "center_point": [
            0.5003280052336098
          ],
          "pools_used": [],
          "avg_train_loss": null,
          "prediction_variance": [
            NaN
          ]
        },
        {
          "iteration": 1,
          "seed": 44,
          "total_samples_seen": 2000,
          "samples_added": 2000,
          "mse_per_output": [
            3.5768502112356894e-06
          ],
          "total_mse": 3.5768502112356894e-06,
          "window_size": 1.0,
          "center_point": [
            0.5003280052336098
          ],
          "pools_used": [
            0
          ],
          "avg_train_loss": 0.010528008275562894,