{
  "pipeline_name": "sample_efficiency_800per_iter_shrink0.4",
  "timestamp": "2025-12-08 11:13:04",
  "config": {
    "model_type": "NeuralNetModel",
    "model_params": "{'input_size': 6, 'output_size': 3, 'hidden_sizes': (64, 32), 'activation': 'tanh', 'learning_rate': 0.001, 'model_name': 'adaptive_batch_sampling_nn', 'seed': 42}",
    "n_iterations": 1,
    "samples_per_iteration": 800,
    "n_epochs": 50,
    "batch_size": 16,
    "initial_window_size": 2.0,
    "shrink_rate": 0.4,
    "num_seeds": 5,
    "window_type": "output",
    "use_model_prediction": false,
    "remove_first_pool_each_iteration": false,
    "num_pool_datasets": 1,
    "pool_samples_per_dataset": [
      4000
    ],
    "total_pool_samples": 4000,
    "test_samples": 1
  },
  "data_info": {},
  "training_info": {},
  "evaluation": {},
  "raw_results": {
    "all_seed_results": [
      [
        {
          "iteration": 0,
          "seed": 42,
          "total_samples_seen": 0,
          "samples_added": 0,
          "mse_per_output": [
            0.5993477555736278,
            0.2971975857947789,
            0.34931573176184927
          ],
          "total_mse": 1.2458610731302562,
          "window_size": 2.0,
          "center_point": [
            0.5000038227775604,
            0.5003280052336098,
            0.500042579988823
          ],
          "pools_used": [],
          "avg_train_loss": null,
          "prediction_variance": [
            NaN,
            NaN,
            NaN
          ]
        },
        {
          "iteration": 1,
          "seed": 42,
          "total_samples_seen": 800,
          "samples_added": 800,
          "mse_per_output": [
            0.001399856925857922,
            0.004621992282883884,
            2.6594356016304866e-05
          ],
          "total_mse": 0.006048443564758111,
          "window_size": 2.0,
          "center_point": [
            0.3332522288524732,
            0.3333525341748696,
            0.7500616981603151
          ],
          "pools_used": [
            0
          ],
          "avg_train_loss": 0.013636145102651789,
          "epoch_losses": [
            0.1263060309737921,
            0.032816663905978205,
            0.02641282306984067,
            0.0231670187599957,
            0.021775363311171532,
            0.021123586427420377,
            0.020759568624198435,
            0.020627764426171778,
            0.019993862081319095,
            0.019610365740954875,
            0.018986437935382128,
            0.018633529487997295,
            0.017852519545704125,
            0.017451796643435956,
            0.016997789777815343,
            0.01576752871274948,
            0.015162490457296372,
            0.013883081898093223,
            0.013151595070958137,
            0.012628858434036374,
            0.011952849877998233,
            0.011620458504185081,
            0.010949506107717753,
            0.010510616954416036,
            0.010859497720375658,
            0.010391447432339192,
            0.009032500460743904,
            0.009651099275797605,
            0.008182499506510794,
            0.007859413553960621,
            0.007208816101774573,
            0.0068258624756708745,
            0.006124462736770511,
            0.005709220618009567,
            0.00529138904530555,
            0.004830883382819593,
            0.005584708133246749,
            0.004924666546285153,
            0.0041448121494613585,
            0.003935334188863635,
            0.004178549004718661,
            0.0038182905688881872,
            0.0034583884256426246,
            0.0033231795835308733,
            0.003190733200171962,
            0.0029996290151029824,
            0.0031449455255642533,
            0.003149482849985361,
            0.002995958758983761,
            0.0028493781434372066
          ],
          "prediction_variance": [
            NaN,
            NaN,
            NaN
          ],
          "test_predictions_scaled": [
            [
              0.5374184846878052,
              0.5683132410049438,
              0.5051995515823364
            ]
          ],
          "test_true_scaled": [
            [
              0.5000038227775604,
              0.5003280052336098,
              0.500042579988823
            ]
          ]
        }
      ],
      [
        {
          "iteration": 0,
          "seed": 43,
          "total_samples_seen": 0,
          "samples_added": 0,
          "mse_per_output": [
            0.5993477555736278,
            0.2971975857947789,
            0.34931573176184927
          ],
          "total_mse": 1.2458610731302562,
          "window_size": 2.0,
          "center_point": [
            0.5000038227775604,
            0.5003280052336098,
            0.500042579988823
          ],
          "pools_used": [],
          "avg_train_loss": null,
          "prediction_variance": [
            NaN,
            NaN,
            NaN
          ]
        },
        {
          "iteration": 1,
          "seed": 43,
          "total_samples_seen": 800,
          "samples_added": 800,
          "mse_per_output": [
            0.001865777229113944,
            0.0006873208176278549,
            0.00024618939361072573
          ],
          "total_mse": 0.0027992874403525245,
          "window_size": 2.0,
          "center_point": [
            0.3332522288524732,
            0.3333525341748696,
            0.7500616981603151
          ],
          "pools_used": [
            0
          ],
          "avg_train_loss": 0.0137106494003674,
          "epoch_losses": [
            0.12700319714844227,
            0.03354961484670639,
            0.02700743164867163,
            0.024016193989664317,
            0.022720089443027974,
            0.021729678940027954,
            0.02125867621973157,
            0.020921474266797305,
            0.020503564570099116,
            0.01972661344334483,
            0.019631700590252876,
            0.018846391290426253,
            0.018085839971899987,
            0.017143862824887036,
            0.016099984273314476,
            0.015302439387887716,
            0.014723608698695899,
            0.013774301894009112,
            0.012756834449246525,
            0.012187385596334935,
            0.011393541153520346,
            0.011635123630985617,
            0.011084621502086521,
            0.0100845748744905,
            0.011142202774062753,
            0.009665576871484519,
            0.00924282637424767,
            0.008481801943853498,
            0.008015716131776571,
            0.007282240968197584,
            0.006746807470917702,
            0.007218243801034987,
            0.00589359435485676,
            0.006125554335303604,
            0.005262594055384397,
            0.00502671972149983,
            0.004970627841539681,
            0.004482304817065597,
            0.004452140361536294,
            0.004164011487737298,
            0.004102168884128332,
            0.004201262407004833,
            0.003944548503495753,
            0.0038500276557169853,
            0.0038640342466533186,
            0.003314188786316663,
            0.0035177067772019653,
            0.003058282961137593,
            0.0031261127279140054,
            0.0031944291037507354
          ],
          "prediction_variance": [
            NaN,
            NaN,
            NaN
          ],
          "test_predictions_scaled": [
            [
              0.5431984663009644,
              0.5265448093414307,
              0.515733003616333
            ]
          ],
          "test_true_scaled": [
            [
              0.5000038227775604,
              0.5003280052336098,
              0.500042579988823
            ]
          ]
        }
      ],
      [
        {
          "iteration": 0,
          "seed": 44,
          "total_samples_seen": 0,
          "samples_added": 0,