{
  "pipeline_name": "sample_efficiency_2000samples_1iters",
  "timestamp": "2025-11-10 10:03:27",
  "config": {
    "model_type": "NeuralNetModel",
    "model_params": "{'input_size': 6, 'output_size': 3, 'hidden_sizes': (64, 32), 'activation': 'tanh', 'learning_rate': 0.001, 'model_name': 'adaptive_batch_sampling_nn'}",
    "n_iterations": 1,
    "samples_per_iteration": 2000,
    "n_epochs": 50,
    "batch_size": 16,
    "initial_window_size": 1.0,
    "shrink_rate": 0.2,
    "num_seeds": 5,
    "window_type": "output",
    "use_model_prediction": true,
    "num_pool_datasets": 25,
    "pool_samples_per_dataset": [
      4000,
      3000,
      1000,
      2500,
      2500,
      2500,
      500,
      2000,
      2500,
      2525,
      2550,
      2575,
      2000,
      2600,
      2550,
      2575,
      2600,
      2500,
      2525,
      1500,
      2700,
      2700,
      2000,
      2750,
      2750
    ],
    "total_pool_samples": 59900,
    "test_samples": 1
  },
  "data_info": {},
  "training_info": {},
  "evaluation": {},
  "raw_results": {
    "all_seed_results": [
      [
        {
          "iteration": 0,
          "seed": 42,
          "total_samples_seen": 0,
          "samples_added": 0,
          "mse_per_output": [
            0.5172268538867876,
            0.32230381222652194,
            0.15259937515064165
          ],
          "total_mse": 0.9921300412639511,
          "window_size": 1.0,
          "center_point": [
            0.5000038227775604,
            0.5003280052336098,
            0.500042579988823
          ],
          "pools_used": [],
          "avg_train_loss": null,
          "prediction_variance": [
            NaN,
            NaN,
            NaN
          ]
        },
        {
          "iteration": 1,
          "seed": 42,
          "total_samples_seen": 2000,
          "samples_added": 2000,
          "mse_per_output": [
            1.8285837760568927e-05,
            1.4055775010154519e-05,
            9.335644703553903e-05
          ],
          "total_mse": 0.00012569805980626247,
          "window_size": 1.0,
          "center_point": [
            0.5000038227775604,
            0.5003280052336098,
            0.500042579988823
          ],
          "pools_used": [
            0
          ],
          "avg_train_loss": 0.004335827400990529,
          "epoch_losses": [
            0.058092433989048,
            0.01930224059522152,
            0.015184385858476162,
            0.01404127000272274,
            0.012720197197049856,
            0.01083009883761406,
            0.00968331841379404,
            0.008522675842046738,
            0.008087785311043262,
            0.007383190099149942,
            0.006966444779187441,
            0.005424719953909516,
            0.004124764488078653,
            0.0031441243160516023,
            0.0026182246222160757,
            0.002101695845834911,
            0.001865152005571872,
            0.0017728574979119004,
            0.001670382908778265,
            0.001456517938990146,
            0.0014200349557213486,
            0.001287318845046684,
            0.0012708218940533699,
            0.0013398207889404148,
            0.00126261482690461,
            0.0010289312079548836,
            0.0009578488892875612,
            0.0009352339240722358,
            0.0009126906923484057,
            0.0010543260497506708,
            0.001014817806892097,
            0.000757078459719196,
            0.0007268743138993159,
            0.0007090282498393208,
            0.0006528186139767058,
            0.0006163541270652786,
            0.0006262523011537268,
            0.0005627892120974138,
            0.0004979357157717459,
            0.0004915283690206707,
            0.00042790727282408623,
            0.00044156265718629583,
            0.0003705819546594284,
            0.00038945186365162956,
            0.00040397499356186015,
            0.00035322147072292865,
            0.00034845832147402687,
            0.0003425417909165844,
            0.000316850453207735,
            0.00027921952510951087
          ],
          "prediction_variance": [
            3.338855458423495e-05,
            0.0008303274516947567,
            5.851446621818468e-05
          ]
        }
      ],
      [
        {
          "iteration": 0,
          "seed": 43,
          "total_samples_seen": 0,
          "samples_added": 0,
          "mse_per_output": [
            0.5912836343036949,
            0.4696701276454454,
            0.4596687386082039
          ],
          "total_mse": 1.5206225005573442,
          "window_size": 1.0,
          "center_point": [
            0.5000038227775604,
            0.5003280052336098,
            0.500042579988823
          ],
          "pools_used": [],
          "avg_train_loss": null,
          "prediction_variance": [
            NaN,
            NaN,
            NaN
          ]
        },
        {
          "iteration": 1,
          "seed": 43,
          "total_samples_seen": 2000,
          "samples_added": 2000,
          "mse_per_output": [
            0.00011110577203655276,
            0.0005633652009840711,
            0.00020628929737150474
          ],
          "total_mse": 0.0008807602703921286,
          "window_size": 1.0,
          "center_point": [
            0.5000038227775604,
            0.5003280052336098,
            0.500042579988823
          ],
          "pools_used": [
            0
          ],
          "avg_train_loss": 0.005497875958660151,
          "epoch_losses": [
            0.07355604887753725,
            0.017962756592780352,
            0.01606968830525875,
            0.015396056607365607,
            0.014765705414116382,
            0.014226285733282567,
            0.013093512166291475,
            0.012216230127960444,
            0.010853821497410536,
            0.009881825137883425,
            0.008928206624463201,
            0.007933226091787218,
            0.006459749141708017,
            0.005234680209308863,
            0.004179717481136322,
            0.0034629824310541154,
            0.0026235529370605944,
            0.0022033716477453708,
            0.002179123151116073,
            0.001909793722908944,
            0.0016657768012955784,
            0.0015419551469385625,
            0.0015958178946748375,
            0.0015693002876359969,
            0.0013466769207734614,
            0.0014848140617832542,
            0.001303518069908023,
            0.0015277020018547773,
            0.001245606978656724,
            0.0012415565974079072,
            0.0011570992455817758,
            0.0010678400387987494,
            0.0010906671932898462,
            0.0010478763747960329,
            0.001125478643225506,
            0.0011081483978778123,
            0.0008784103880170733,
            0.0010077236210927368,
            0.0008429258316755295,
            0.0008033352276543155,
            0.0008636373986955732,
            0.0009194006931502372,
            0.0007795311171794311,
            0.0007060580488760024,
            0.0006814857906429097,
            0.0006621825074544177,
            0.0006411441041855141,
            0.0005564548765541985,
            0.0007360942019149662,
            0.0005592455732403323
          ],
          "prediction_variance": [
            0.00014274851127993315,
            0.0011094302171841264,
            0.00010197258234256878
          ]
        }
      ],
      [
        {
          "iteration": 0,
          "seed": 44,
          "total_samples_seen": 0,
          "samples_added": 0,
          "mse_per_output": [
            0.254776111666059,
            0.7450325553001902,
            0.19684961805762963
          ],
          "total_mse": 1.1966582850238787,
          "window_size": 1.0,
          "center_point": [
            0.5000038227775604,
            0.5003280052336098,
            0.500042579988823
          ],
          "pools_used": [],
          "avg_train_loss": null,