{
  "pipeline_name": "sample_efficiency_500per_iter_shrink1",
  "timestamp": "2025-11-29 10:38:52",
  "config": {
    "model_type": "NeuralNetModel",
    "model_params": "{'input_size': 6, 'output_size': 3, 'hidden_sizes': (64, 32), 'activation': 'tanh', 'learning_rate': 0.001, 'model_name': 'adaptive_batch_sampling_nn', 'seed': 42}",
    "n_iterations": 4,
    "samples_per_iteration": 500,
    "n_epochs": 50,
    "batch_size": 16,
    "initial_window_size": 1.0,
    "shrink_rate": 1,
    "num_seeds": 1,
    "window_type": "output",
    "use_model_prediction": true,
    "remove_first_pool_each_iteration": true,
    "num_pool_datasets": 30,
    "pool_samples_per_dataset": [
      2000,
      2520,
      2520,
      1506,
      2520,
      2520,
      3000,
      1000,
      2500,
      2500,
      2500,
      500,
      2000,
      2500,
      2525,
      2550,
      2575,
      2000,
      2600,
      2550,
      2575,
      2600,
      2500,
      2525,
      1500,
      2700,
      2700,
      2000,
      2750,
      2750
    ],
    "total_pool_samples": 69486,
    "test_samples": 1
  },
  "data_info": {},
  "training_info": {},
  "evaluation": {},
  "raw_results": {
    "all_seed_results": [
      [
        {
          "iteration": 0,
          "seed": 42,
          "total_samples_seen": 0,
          "samples_added": 0,
          "mse_per_output": [
            0.5993477555736278,
            0.2971975857947789,
            0.34931573176184927
          ],
          "total_mse": 1.2458610731302562,
          "window_size": 1.0,
          "center_point": [
            0.5000038227775604,
            0.5003280052336098,
            0.500042579988823
          ],
          "pools_used": [],
          "avg_train_loss": null,
          "prediction_variance": [
            NaN,
            NaN,
            NaN
          ]
        },
        {
          "iteration": 1,
          "seed": 42,
          "total_samples_seen": 500,
          "samples_added": 500,
          "mse_per_output": [
            0.0003853816303867478,
            9.541980866620328e-05,
            0.000180153017146773
          ],
          "total_mse": 0.0006609544561997241,
          "window_size": 1.0,
          "center_point": [
            0.5000038227775604,
            0.5003280052336098,
            0.500042579988823
          ],
          "pools_used": [
            0
          ],
          "avg_train_loss": 0.015709781469631708,
          "epoch_losses": [
            0.1807900395942852,
            0.03528441855451092,
            0.026494647609069943,
            0.023149356711655855,
            0.02060984479612671,
            0.01915298728272319,
            0.017652613576501608,
            0.017001747619360685,
            0.016244558879407123,
            0.01585638646793086,
            0.015405754267703742,
            0.015468510595383123,
            0.015119266856345348,
            0.014434009819524363,
            0.014607259799959138,
            0.014805734797846526,
            0.01463710839743726,
            0.014106628033914603,
            0.013958678100607358,
            0.013765442825388163,
            0.013309486617799848,
            0.013073348920443095,
            0.01264551340136677,
            0.01216546400974039,
            0.01167951502429787,
            0.011391926906071603,
            0.011098772723926231,
            0.011300351761747152,
            0.010050567165308166,
            0.009792930097319186,
            0.009565872416715138,
            0.009257239289581776,
            0.008942580068833195,
            0.008832757142954506,
            0.008748961525270715,
            0.008849981328239664,
            0.007771105119900312,
            0.007993112783879042,
            0.007698688816162758,
            0.007759385960525833,
            0.0074960514466511086,
            0.007022834455710836,
            0.006776006761356257,
            0.0069316455264925025,
            0.006560356538102496,
            0.0061975477074156515,
            0.006249885147553869,
            0.006140627054264769,
            0.0061083201071596704,
            0.005533243071113247
          ],
          "prediction_variance": [
            0.0003010598593391478,
            0.0025906141381710768,
            6.517696601804346e-05
          ],
          "test_predictions_scaled": [
            [
              0.5196349620819092,
              0.5100963115692139,
              0.5134646892547607
            ]
          ],
          "test_true_scaled": [
            [
              0.5000038227775604,
              0.5003280052336098,
              0.500042579988823
            ]
          ]
        }
      ]
    ]
  },
  "aggregated_results": [
    {
      "iteration": 0,
      "total_samples_seen": 0.0,
      "samples_added": 0.0,
      "training_samples": 0,
      "mean_total_mse": 1.2458610731302562,
      "std_total_mse": 0.0,
      "mean_mse_per_output": [
        0.5993477555736278,
        0.2971975857947789,
        0.34931573176184927
      ],
      "std_mse_per_output": [
        0.0,
        0.0,
        0.0
      ],
      "mean_train_loss": null,
      "window_size": 1.0,
      "num_seeds": 1,
      "mean_prediction_variance_per_output": [
        NaN,
        NaN,
        NaN
      ],
      "std_prediction_variance_per_output": [
        NaN,
        NaN,
        NaN
      ]
    },
    {
      "iteration": 1,
      "total_samples_seen": 500.0,
      "samples_added": 500.0,
      "training_samples": 25000.0,
      "mean_total_mse": 0.0006609544561997241,
      "std_total_mse": 0.0,
      "mean_mse_per_output": [
        0.0003853816303867478,
        9.541980866620328e-05,
        0.000180153017146773
      ],
      "std_mse_per_output": [
        0.0,
        0.0,
        0.0
      ],
      "mean_train_loss": 0.015709781469631708,
      "window_size": 1.0,
      "num_seeds": 1,
      "mean_prediction_variance_per_output": [
        0.0003010598593391478,
        0.0025906141381710768,
        6.517696601804346e-05
      ],
      "std_prediction_variance_per_output": [
        0.0,
        0.0,
        0.0
      ]
    }
  ],
  "execution_time_seconds": 14.529858
}