{
  "pipeline_name": "sample_efficiency_3000samples_5iters",
  "timestamp": "2025-11-10 10:59:24",
  "config": {
    "model_type": "NeuralNetModel",
    "model_params": "{'input_size': 6, 'output_size': 3, 'hidden_sizes': (64, 32), 'activation': 'tanh', 'learning_rate': 0.001, 'model_name': 'adaptive_batch_sampling_nn'}",
    "n_iterations": 5,
    "samples_per_iteration": 600,
    "n_epochs": 50,
    "batch_size": 16,
    "initial_window_size": 1.0,
    "shrink_rate": 0.1,
    "num_seeds": 1,
    "window_type": "output",
    "use_model_prediction": true,
    "num_pool_datasets": 25,
    "pool_samples_per_dataset": [
      4000,
      3000,
      1000,
      2500,
      2500,
      2500,
      500,
      2000,
      2500,
      2525,
      2550,
      2575,
      2000,
      2600,
      2550,
      2575,
      2600,
      2500,
      2525,
      1500,
      2700,
      2700,
      2000,
      2750,
      2750
    ],
    "total_pool_samples": 59900,
    "test_samples": 1
  },
  "data_info": {},
  "training_info": {},
  "evaluation": {},
  "raw_results": {
    "all_seed_results": [
      [
        {
          "iteration": 0,
          "seed": 42,
          "total_samples_seen": 0,
          "samples_added": 0,
          "mse_per_output": [
            0.3305795087459356,
            0.6951771470359486,
            0.23023640392505348
          ],
          "total_mse": 1.2559930597069378,
          "window_size": 1.0,
          "center_point": [
            0.5000038227775604,
            0.5003280052336098,
            0.500042579988823
          ],
          "pools_used": [],
          "avg_train_loss": null,
          "prediction_variance": [
            NaN,
            NaN,
            NaN
          ]
        },
        {
          "iteration": 1,
          "seed": 42,
          "total_samples_seen": 600,
          "samples_added": 600,
          "mse_per_output": [
            0.0006709395896061274,
            0.0054027022045080916,
            0.00010636312976500427
          ],
          "total_mse": 0.006180004923879223,
          "window_size": 1.0,
          "center_point": [
            0.5000038227775604,
            0.5003280052336098,
            0.500042579988823
          ],
          "pools_used": [
            0
          ],
          "avg_train_loss": 0.013945071667518563,
          "epoch_losses": [
            0.1470048077600567,
            0.028270832459001166,
            0.021771507386706378,
            0.01864620967228946,
            0.016605428444515718,
            0.0158058342180754,
            0.015740138944238424,
            0.015721710337522,
            0.01569016165051021,
            0.01505539742739577,
            0.014825086624018456,
            0.014766365216162643,
            0.014132782890412369,
            0.014724338598745433,
            0.014106971260748412,
            0.013795677768556695,
            0.014284584107563683,
            0.013051544291604506,
            0.012968879046016618,
            0.01296005674980973,
            0.012441399409190604,
            0.011705156280904225,
            0.011362125778472737,
            0.010854178206308893,
            0.01079651237906594,
            0.010599716689045491,
            0.010149448215471287,
            0.009875371574277156,
            0.010191595757772265,
            0.009050929931139476,
            0.008922317733154878,
            0.008615817090398386,
            0.008539941596896633,
            0.008935953367893634,
            0.008650647856197074,
            0.007903769820634472,
            0.008253170930976538,
            0.008118376570851788,
            0.008335239713472364,
            0.007493100999119251,
            0.0067647452172087995,
            0.006632401326083039,
            0.006355646409486469,
            0.0057544703166441695,
            0.00618891743330383,
            0.00573993534290869,
            0.005140104585351716,
            0.00559434454618512,
            0.0044294639037137755,
            0.003930469539849774
          ],
          "prediction_variance": [
            0.00022502755746245384,
            0.001415839302353561,
            0.0002060681872535497
          ]
        },
        {
          "iteration": 2,
          "seed": 42,
          "total_samples_seen": 1200,
          "samples_added": 600,
          "mse_per_output": [
            1.314980354481861e-07,
            0.00020596002616690167,
            1.5878577068066706e-07
          ],
          "total_mse": 0.00020625030997303053,
          "window_size": 0.1,
          "center_point": [
            0.5259063243865967,
            0.5738310813903809,
            0.5103558301925659
          ],
          "pools_used": [
            0,
            1,
            2,
            3
          ],
          "avg_train_loss": 1.933927550668925e-05,
          "epoch_losses": [
            0.0002177142297640737,
            2.6995122951982347e-05,
            2.327209980840531e-05,
            2.1154657205395205e-05,
            1.8755275241825363e-05,
            1.77168154598468e-05,
            1.6110100803320836e-05,
            1.557939276608522e-05,
            1.5322493745292088e-05,
            1.6521370478011177e-05,
            1.5429113641642433e-05,
            1.537228330275148e-05,
            1.6377205994151728e-05,
            1.512025584672397e-05,
            1.485017695526231e-05,
            1.6053976986241698e-05,
            1.4450027887697184e-05,
            1.4402604440539635e-05,
            1.4576980543336648e-05,
            1.5166289310735393e-05,
            1.5754712924382674e-05,
            1.6426918842913246e-05,
            1.417911729923186e-05,
            1.3023119902898447e-05,
            1.628987892170124e-05,
            1.4711170790274322e-05,
            1.4010931073770686e-05,
            1.5093497950147139e-05,
            1.8810170594837184e-05,
            1.4806870730784507e-05,
            1.339298108560845e-05,
            1.5745050859550247e-05,
            1.2942920025843227e-05,
            1.3382086930696938e-05,
            1.4483574994684253e-05,
            1.4162996936456215e-05,
            1.215009882272218e-05,
            1.2993614650201236e-05,
            1.3006388778529454e-05,
            1.478174738765933e-05,
            1.2360068192145646e-05,
            1.2535731636824876e-05,
            1.5349580986654282e-05,
            1.5227620547432851e-05,
            1.335505364869804e-05,
            1.4335673504798538e-05,
            1.399443793783767e-05,
            1.2804606381235461e-05,
            1.3802143233701109e-05,
            1.2110536628920512e-05
          ],
          "prediction_variance": [
            1.7382166106472141e-06,
            1.636056367715355e-05,
            3.5295124689582735e-07
          ]
        },
        {
          "iteration": 3,
          "seed": 42,
          "total_samples_seen": 1277,
          "samples_added": 77,
          "mse_per_output": [
            5.0276668263086284e-08,
            1.5034234470811016e-05,
            7.096990125787181e-09
          ],
          "total_mse": 1.5091608129199889e-05,
          "window_size": 0.010000000000000002,
          "center_point": [
            0.5003664493560791,
            0.5146793127059937,
            0.49964410066604614
          ],
          "pools_used": [
            2,
            4,
            5
          ],
          "avg_train_loss": 1.129066530168643e-06,