{
  "pipeline_name": "sample_efficiency_800per_iter_shrink0.4",
  "timestamp": "2025-12-02 18:41:49",
  "config": {
    "model_type": "NeuralNetModel",
    "model_params": "{'input_size': 6, 'output_size': 3, 'hidden_sizes': (64, 32), 'activation': 'tanh', 'learning_rate': 0.001, 'model_name': 'adaptive_batch_sampling_nn', 'seed': 42}",
    "n_iterations": 1,
    "samples_per_iteration": 800,
    "n_epochs": 50,
    "batch_size": 16,
    "initial_window_size": 1.0,
    "shrink_rate": 0.4,
    "num_seeds": 5,
    "window_type": "output",
    "use_model_prediction": true,
    "remove_first_pool_each_iteration": true,
    "num_pool_datasets": 30,
    "pool_samples_per_dataset": [
      4000,
      2520,
      2520,
      1506,
      2520,
      2520,
      3000,
      1000,
      2500,
      2500,
      2500,
      500,
      2000,
      2500,
      2525,
      2550,
      2575,
      2000,
      2600,
      2550,
      2575,
      2600,
      2500,
      2525,
      1500,
      2700,
      2700,
      2000,
      2750,
      2750
    ],
    "total_pool_samples": 71486,
    "test_samples": 1
  },
  "data_info": {},
  "training_info": {},
  "evaluation": {},
  "raw_results": {
    "all_seed_results": [
      [
        {
          "iteration": 0,
          "seed": 42,
          "total_samples_seen": 0,
          "samples_added": 0,
          "mse_per_output": [
            0.5993477555736278,
            0.2971975857947789,
            0.34931573176184927
          ],
          "total_mse": 1.2458610731302562,
          "window_size": 1.0,
          "center_point": [
            0.5000038227775604,
            0.5003280052336098,
            0.500042579988823
          ],
          "pools_used": [],
          "avg_train_loss": null,
          "prediction_variance": [
            NaN,
            NaN,
            NaN
          ]
        },
        {
          "iteration": 1,
          "seed": 42,
          "total_samples_seen": 800,
          "samples_added": 800,
          "mse_per_output": [
            0.0001244676588417811,
            0.0011384006591152113,
            7.674278126000541e-05
          ],
          "total_mse": 0.0013396110992169978,
          "window_size": 1.0,
          "center_point": [
            0.5000038227775604,
            0.5003280052336098,
            0.500042579988823
          ],
          "pools_used": [
            0
          ],
          "avg_train_loss": 0.011209064911084712,
          "epoch_losses": [
            0.12697937492281197,
            0.028120070844888687,
            0.023302450384944676,
            0.020534036308526994,
            0.01871426923200488,
            0.01761653119698167,
            0.01717955296859145,
            0.016595380194485188,
            0.016271933149546385,
            0.01602303944528103,
            0.015524905482307077,
            0.01504682656377554,
            0.014937682030722498,
            0.01427565587684512,
            0.013207793869078159,
            0.012677041413262487,
            0.012283420320600272,
            0.011469000708311796,
            0.010352070899680257,
            0.0099058435857296,
            0.009293333943933248,
            0.008939816718921065,
            0.008395396410487593,
            0.008014868311583996,
            0.007955942917615175,
            0.007302248771302402,
            0.006701871976256371,
            0.006365606486797333,
            0.006075072814710438,
            0.006038675713352859,
            0.005854488434270024,
            0.004601576193235815,
            0.004192984723486007,
            0.003623388558626175,
            0.0036523312400095166,
            0.003791632587090135,
            0.003036659469362348,
            0.0025307448813691735,
            0.0025556185911409556,
            0.002333602277794853,
            0.0023803759447764607,
            0.0019665471592452376,
            0.002024662526091561,
            0.0018180314381606878,
            0.001738207465969026,
            0.0017363261058926582,
            0.00155169207660947,
            0.0017036181048024446,
            0.0016320210066623985,
            0.001629023306304589
          ],
          "prediction_variance": [
            NaN,
            NaN,
            NaN
          ],
          "test_predictions_scaled": [
            [
              0.4888473153114319,
              0.4665878117084503,
              0.49128228425979614
            ]
          ],
          "test_true_scaled": [
            [
              0.5000038227775604,
              0.5003280052336098,
              0.500042579988823
            ]
          ]
        }
      ],
      [
        {
          "iteration": 0,
          "seed": 43,
          "total_samples_seen": 0,
          "samples_added": 0,
          "mse_per_output": [
            0.5993477555736278,
            0.2971975857947789,
            0.34931573176184927
          ],
          "total_mse": 1.2458610731302562,
          "window_size": 1.0,
          "center_point": [
            0.5000038227775604,
            0.5003280052336098,
            0.500042579988823
          ],
          "pools_used": [],
          "avg_train_loss": null,
          "prediction_variance": [
            NaN,
            NaN,
            NaN
          ]
        },
        {
          "iteration": 1,
          "seed": 43,
          "total_samples_seen": 800,
          "samples_added": 800,
          "mse_per_output": [
            0.00014618874360681155,
            5.580235244506423e-06,
            2.556956094364306e-07
          ],
          "total_mse": 0.0001520246744607544,
          "window_size": 1.0,
          "center_point": [
            0.5000038227775604,
            0.5003280052336098,
            0.500042579988823
          ],
          "pools_used": [
            0
          ],
          "avg_train_loss": 0.011757176296249963,
          "epoch_losses": [
            0.13191670708358288,
            0.028275843262672424,
            0.023439079597592352,
            0.020546118523925544,
            0.018339585699141025,
            0.017237534038722514,
            0.01682223819196224,
            0.016592035703361034,
            0.01633754792623222,
            0.016057671699672937,
            0.015708867143839598,
            0.01530437521636486,
            0.014836666323244572,
            0.01455829992890358,
            0.01409739414229989,
            0.013422415191307664,
            0.012891465844586492,
            0.012363067641854287,
            0.012522004852071405,
            0.010993445683270693,
            0.010664429347962141,
            0.011136281713843345,
            0.009507340872660279,
            0.00953861752524972,
            0.00906199679709971,
            0.009287690157070755,
            0.007690848498605192,
            0.007040975289419294,
            0.006676944149658084,
            0.006224982645362615,
            0.005599336149170995,
            0.004773698793724179,
            0.004388024443760514,
            0.004262772165238857,
            0.0035991219780407845,
            0.0037424335768446327,
            0.0038955582724884154,
            0.002914377455599606,
            0.002591311540454626,
            0.0023522760393097997,
            0.002681510008405894,
            0.003078079459955916,
            0.0020861523458734154,
            0.002025551396654919,
            0.0017769503453746438,
            0.0017832616635132582,
            0.0017542579071596264,
            0.002029989503789693,
            0.001748749528778717,
            0.0016829315468203277
          ],
          "prediction_variance": [
            NaN,
            NaN,
            NaN
          ],
          "test_predictions_scaled": [
            [
              0.5120946764945984,
              0.4979657530784607,
              0.500548243522644
            ]
          ],