{
  "pipeline_name": "sample_efficiency_3000samples_3iters",
  "timestamp": "2025-11-10 10:58:34",
  "config": {
    "model_type": "NeuralNetModel",
    "model_params": "{'input_size': 6, 'output_size': 3, 'hidden_sizes': (64, 32), 'activation': 'tanh', 'learning_rate': 0.001, 'model_name': 'adaptive_batch_sampling_nn'}",
    "n_iterations": 3,
    "samples_per_iteration": 1000,
    "n_epochs": 50,
    "batch_size": 16,
    "initial_window_size": 1.0,
    "shrink_rate": 0.1,
    "num_seeds": 1,
    "window_type": "output",
    "use_model_prediction": true,
    "num_pool_datasets": 25,
    "pool_samples_per_dataset": [
      4000,
      3000,
      1000,
      2500,
      2500,
      2500,
      500,
      2000,
      2500,
      2525,
      2550,
      2575,
      2000,
      2600,
      2550,
      2575,
      2600,
      2500,
      2525,
      1500,
      2700,
      2700,
      2000,
      2750,
      2750
    ],
    "total_pool_samples": 59900,
    "test_samples": 1
  },
  "data_info": {},
  "training_info": {},
  "evaluation": {},
  "raw_results": {
    "all_seed_results": [
      [
        {
          "iteration": 0,
          "seed": 42,
          "total_samples_seen": 0,
          "samples_added": 0,
          "mse_per_output": [
            0.14548178061592137,
            0.15169520095065772,
            0.28861098532918494
          ],
          "total_mse": 0.5857879668957641,
          "window_size": 1.0,
          "center_point": [
            0.5000038227775604,
            0.5003280052336098,
            0.500042579988823
          ],
          "pools_used": [],
          "avg_train_loss": null,
          "prediction_variance": [
            NaN,
            NaN,
            NaN
          ]
        },
        {
          "iteration": 1,
          "seed": 42,
          "total_samples_seen": 1000,
          "samples_added": 1000,
          "mse_per_output": [
            0.0004597205096697364,
            0.0015350754941312803,
            7.649053005393502e-05
          ],
          "total_mse": 0.002071286533854952,
          "window_size": 1.0,
          "center_point": [
            0.5000038227775604,
            0.5003280052336098,
            0.500042579988823
          ],
          "pools_used": [
            0
          ],
          "avg_train_loss": 0.0071427327328285805,
          "epoch_losses": [
            0.057762785060774716,
            0.02161735107028295,
            0.016820281537042722,
            0.015282724392674273,
            0.014703773124705232,
            0.014422647462832549,
            0.013583456949582176,
            0.012963221630170232,
            0.011860144960265311,
            0.011415242705316771,
            0.010855951198628025,
            0.009708219281737767,
            0.00959617548459579,
            0.00987905214747621,
            0.008593175892851182,
            0.009165280457911274,
            0.00800161175281992,
            0.007679130941156357,
            0.00830097834668344,
            0.006935800536580029,
            0.00644529207299153,
            0.0059341120807128766,
            0.006155700810874502,
            0.005295113076470674,
            0.004217227183592816,
            0.00411940497043173,
            0.0035545676817289656,
            0.003213377721193764,
            0.0030947149821764063,
            0.0027654593226514638,
            0.002706376754397911,
            0.0023243797311027136,
            0.00219026806585062,
            0.0021317345164124928,
            0.002050583769145998,
            0.0018551547933990757,
            0.0017832539955316674,
            0.0017852588530836834,
            0.0017606305219011293,
            0.0014301023378114526,
            0.0015458479862741476,
            0.0016816823312731843,
            0.0013610558576941016,
            0.0014140400716791018,
            0.0013520895334381965,
            0.0011817161155502414,
            0.00120190742272248,
            0.0011955316008497325,
            0.001154646882140595,
            0.0010884006642588667
          ],
          "prediction_variance": [
            3.880870281136595e-05,
            0.0011229852680116892,
            1.7362497601425275e-05
          ]
        },
        {
          "iteration": 2,
          "seed": 42,
          "total_samples_seen": 2000,
          "samples_added": 1000,
          "mse_per_output": [
            6.896963592897473e-07,
            2.7026912284206577e-06,
            5.136166840219598e-09
          ],
          "total_mse": 3.3975237545506244e-06,
          "window_size": 0.1,
          "center_point": [
            0.5214449167251587,
            0.539508044719696,
            0.5087884664535522
          ],
          "pools_used": [
            0,
            1,
            2,
            3
          ],
          "avg_train_loss": 2.239591268562435e-06,
          "epoch_losses": [
            6.791962142949434e-05,
            4.048979516959489e-06,
            2.2087245861979365e-06,
            1.747297867423763e-06,
            1.3035843700154579e-06,
            1.062127837702151e-06,
            8.769730416566918e-07,
            8.731494763052315e-07,
            9.648284519121334e-07,
            7.637388724409296e-07,
            6.789067655850048e-07,
            7.232276528063107e-07,
            7.603997235470334e-07,
            6.415537870546518e-07,
            7.803642637056674e-07,
            7.230320022699743e-07,
            5.968937433491437e-07,
            5.714955994295769e-07,
            5.623314250225945e-07,
            6.189275075661903e-07,
            6.163256936061439e-07,
            5.48304073495346e-07,
            5.971213024424056e-07,
            6.019337199686128e-07,
            5.930511546257404e-07,
            6.382188050991549e-07,
            6.014489053815475e-07,
            5.896487836693383e-07,
            6.535636352675774e-07,
            6.489403960228759e-07,
            6.629559333673353e-07,
            6.415066688229368e-07,
            5.377734561577762e-07,
            6.091210110977074e-07,
            8.156940667605442e-07,
            7.437965479084596e-07,
            4.155527953629182e-07,
            7.229200169001435e-07,
            1.2642705382769048e-06,
            5.686406371383089e-07,
            6.53476765440549e-07,
            7.346953048053842e-07,
            1.0890229217033094e-06,
            1.1533092551944142e-06,
            1.536925514714644e-06,
            8.644956536168066e-07,
            8.086010928486253e-07,
            1.2140978236449508e-06,
            6.913655809400538e-07,
            1.7366274533969772e-06
          ],
          "prediction_variance": [
            2.4393929720645247e-07,
            3.7420529679366155e-06,
            4.3551345640935324e-08
          ]
        },
        {
          "iteration": 3,
          "seed": 42,
          "total_samples_seen": 3000,
          "samples_added": 1000,
          "mse_per_output": [
            9.768478582318745e-07,
            1.881018918766134e-05,
            7.604822087496379e-08
          ],
          "total_mse": 1.9863085266768177e-05,
          "window_size": 0.010000000000000002,
          "center_point": [
            0.4991733431816101,
            0.49868401885032654,
            0.4999709129333496
          ],
          "pools_used": [
            4,
            5,
            6,
            7
          ],
          "avg_train_loss": 8.084297678901933e-06,