{
  "pipeline_name": "sample_efficiency_1500samples_3iters",
  "timestamp": "2025-11-07 18:33:11",
  "config": {
    "model_type": "NeuralNetModel",
    "model_params": "{'input_size': 6, 'output_size': 3, 'hidden_sizes': (64, 32), 'activation': 'tanh', 'learning_rate': 0.001, 'model_name': 'adaptive_batch_sampling_nn'}",
    "n_iterations": 3,
    "samples_per_iteration": 500,
    "n_epochs": 50,
    "batch_size": 16,
    "initial_window_size": 1.0,
    "shrink_rate": 0.1,
    "num_seeds": 1,
    "window_type": "output",
    "use_model_prediction": true,
    "num_pool_datasets": 7,
    "pool_samples_per_dataset": [
      4000,
      1000,
      2500,
      500,
      2000,
      1500,
      2000
    ],
    "total_pool_samples": 13500,
    "test_samples": 1
  },
  "data_info": {},
  "training_info": {},
  "evaluation": {},
  "raw_results": {
    "all_seed_results": [
      [
        {
          "iteration": 0,
          "seed": 42,
          "total_samples_seen": 0,
          "samples_added": 0,
          "mse_per_output": [
            0.22588284411977372,
            0.3279034148763096,
            0.22464715443594116
          ],
          "total_mse": 0.7784334134320245,
          "window_size": 1.0,
          "center_point": [
            0.5000038227775604,
            0.5003280052336098,
            0.500042579988823
          ],
          "pool_idx": null,
          "avg_train_loss": null,
          "prediction_variance": [
            NaN,
            NaN,
            NaN
          ]
        },
        {
          "iteration": 1,
          "seed": 42,
          "total_samples_seen": 500,
          "samples_added": 500,
          "mse_per_output": [
            0.00015504187007739172,
            1.9348873500539658e-09,
            3.574057743182076e-06
          ],
          "total_mse": 0.00015861786270792385,
          "window_size": 1.0,
          "center_point": [
            0.5000038227775604,
            0.5003280052336098,
            0.500042579988823
          ],
          "pool_idx": 0,
          "avg_train_loss": 0.013876314393783104,
          "epoch_losses": [
            0.12750960642006248,
            0.03595257527194917,
            0.025675314071122557,
            0.020360685884952545,
            0.017119594296673313,
            0.015667130894144066,
            0.015226700546918437,
            0.01584195243776776,
            0.015175955937593244,
            0.014782906306209043,
            0.01505485744564794,
            0.015041442777146585,
            0.014574521337635815,
            0.014436478682910092,
            0.014592729829018936,
            0.013774658174952492,
            0.013464414078043774,
            0.013566865760367364,
            0.013018499812460504,
            0.013021897088037804,
            0.012619670349522494,
            0.012950858770636842,
            0.012055998435243964,
            0.011889330460689962,
            0.011303372579277493,
            0.010759094060631469,
            0.010302496026270092,
            0.009840326369157992,
            0.009281337945139967,
            0.009431479935301468,
            0.0091726757818833,
            0.008586671581724659,
            0.00852421460149344,
            0.007983185605553444,
            0.008639131723612081,
            0.009306486463174224,
            0.00748026289511472,
            0.007738537904515397,
            0.008135072843288071,
            0.007579731864097994,
            0.006422102902433835,
            0.006146781022835057,
            0.006128833287220914,
            0.00631320133106783,
            0.005890077976800967,
            0.005396158994699363,
            0.005547629847569624,
            0.005161833287274931,
            0.004781164454470854,
            0.00458921333483886
          ],
          "prediction_variance": [
            3.007696614076849e-05,
            0.002818610519170761,
            9.358693932881579e-05
          ]
        },
        {
          "iteration": 2,
          "seed": 42,
          "total_samples_seen": 1000,
          "samples_added": 500,
          "mse_per_output": [
            1.5640077001542542e-06,
            5.0337474791860724e-05,
            2.0595462138952742e-07
          ],
          "total_mse": 5.210743711340451e-05,
          "window_size": 0.1,
          "center_point": [
            0.512455403804779,
            0.5003719925880432,
            0.5019330978393555
          ],
          "pool_idx": 2,
          "avg_train_loss": 3.767313662962124e-05,
          "epoch_losses": [
            6.300257041402801e-05,
            5.054895825651329e-05,
            4.6111777351143246e-05,
            4.5638516610324587e-05,
            4.108597920549073e-05,
            4.663803747462225e-05,
            4.1461329374214984e-05,
            4.716589171493979e-05,
            4.834626616911919e-05,
            3.693026104656383e-05,
            4.053176752449872e-05,
            3.6422545349523716e-05,
            3.71574582231915e-05,
            3.34842300588889e-05,
            3.4364727625302294e-05,
            3.8571187815250596e-05,
            5.0158298904534604e-05,
            5.1131751718003216e-05,
            3.522698318647599e-05,
            3.365954222545042e-05,
            3.2260503019188036e-05,
            3.359901549515598e-05,
            3.24851137065707e-05,
            3.6848694833224727e-05,
            3.596157469587524e-05,
            3.140395386935779e-05,
            3.293204520105064e-05,
            3.7682566073726775e-05,
            3.588380877772579e-05,
            3.461215487732261e-05,
            3.2603060560632e-05,
            3.078507248233109e-05,
            5.014697461547257e-05,
            5.052280494055594e-05,
            2.979004057124257e-05,
            3.1757533577092545e-05,
            3.6062943578940576e-05,
            3.4344623884408065e-05,
            3.504612345750502e-05,
            3.228043303238337e-05,
            2.9087615672551692e-05,
            3.300959164675987e-05,
            2.9571237519121496e-05,
            3.4785594152708654e-05,
            3.530324150347042e-05,
            2.7518037938989437e-05,
            3.272802319997936e-05,
            2.7557419059576205e-05,
            2.79143976058549e-05,
            4.1534551684208054e-05
          ],
          "prediction_variance": [
            6.865583372928086e-07,
            2.7107362257083878e-05,
            9.051765204048934e-08
          ]
        },
        {
          "iteration": 3,
          "seed": 42,
          "total_samples_seen": 1131,
          "samples_added": 131,
          "mse_per_output": [
            1.6639073205664845e-08,
            1.3164360779836567e-06,
            2.450523527369939e-14
          ],
          "total_mse": 1.333075175694557e-06,
          "window_size": 0.010000000000000002,
          "center_point": [
            0.49875321984291077,
            0.4932331144809723,
            0.4995887577533722
          ],
          "pool_idx": 6,
          "avg_train_loss": 4.040341968211989e-07,