{
  "pipeline_name": "sample_efficiency_400samples_2iters",
  "timestamp": "2025-11-07 17:32:05",
  "config": {
    "model_type": "NeuralNetModel",
    "model_params": "{'input_size': 6, 'output_size': 3, 'hidden_sizes': (64, 32), 'activation': 'tanh', 'learning_rate': 0.001, 'model_name': 'adaptive_batch_sampling_nn'}",
    "n_iterations": 2,
    "samples_per_iteration": 200,
    "n_epochs": 50,
    "batch_size": 16,
    "initial_window_size": 1.0,
    "shrink_rate": 0.3,
    "num_seeds": 1,
    "window_type": "output",
    "use_model_prediction": true,
    "num_pool_datasets": 7,
    "pool_samples_per_dataset": [
      4000,
      1000,
      2500,
      500,
      2000,
      1500,
      2000
    ],
    "total_pool_samples": 13500,
    "test_samples": 1
  },
  "data_info": {},
  "training_info": {},
  "evaluation": {},
  "raw_results": {
    "all_seed_results": [
      [
        {
          "iteration": 0,
          "seed": 42,
          "total_samples_seen": 0,
          "samples_added": 0,
          "mse_per_output": [
            0.6507491177307035,
            0.5662765212355287,
            0.3299990781856732
          ],
          "total_mse": 1.5470247171519056,
          "window_size": 1.0,
          "center_point": [
            0.5000038227775604,
            0.5003280052336098,
            0.500042579988823
          ],
          "pool_idx": null,
          "avg_train_loss": null,
          "prediction_variance": [
            NaN,
            NaN,
            NaN
          ]
        },
        {
          "iteration": 1,
          "seed": 42,
          "total_samples_seen": 200,
          "samples_added": 200,
          "mse_per_output": [
            0.0005727278747374749,
            0.012889895312959317,
            8.056572496528682e-05
          ],
          "total_mse": 0.013543188912662079,
          "window_size": 1.0,
          "center_point": [
            0.5000038227775604,
            0.5003280052336098,
            0.500042579988823
          ],
          "pool_idx": 0,
          "avg_train_loss": 0.02856911114273736,
          "epoch_losses": [
            0.41208680203327763,
            0.0697905822442128,
            0.05838862348061342,
            0.0453719304731259,
            0.04141179328927627,
            0.0380642286573465,
            0.03603029423035108,
            0.032328322529792786,
            0.02969546286532512,
            0.02723523859794323,
            0.025168115129837625,
            0.023206937055175122,
            0.02188647796328251,
            0.02090093894646718,
            0.019621388628505744,
            0.018246028357400343,
            0.01773966383188963,
            0.016763891451633893,
            0.01645536033006815,
            0.015751215127798226,
            0.01585615834651085,
            0.015850943298293993,
            0.015307052275882317,
            0.015877764528760545,
            0.015438846742304472,
            0.015219074817231068,
            0.015464892610907555,
            0.0160013699474243,
            0.015660660341382027,
            0.014832097248962292,
            0.015053312867306747,
            0.01502833658686051,
            0.014571880563520469,
            0.01449274465155143,
            0.01490441638116653,
            0.014242405573335977,
            0.014878366536532458,
            0.015171627800625104,
            0.01455728322840654,
            0.01519079227000475,
            0.014148489285547,
            0.01395683427556203,
            0.014311849999313172,
            0.013559206747091733,
            0.013739953892162213,
            0.014302948561425392,
            0.014534143945918633,
            0.01348583410995511,
            0.013123769850398485,
            0.013549204629201155
          ],
          "prediction_variance": [
            0.0010203823912888765,
            0.000428738072514534,
            0.0006513685802929103
          ]
        },
        {
          "iteration": 2,
          "seed": 42,
          "total_samples_seen": 400,
          "samples_added": 200,
          "mse_per_output": [
            0.0009989210588225727,
            0.01636272604708464,
            0.00010134136024567879
          ],
          "total_mse": 0.01746298846615289,
          "window_size": 0.3,
          "center_point": [
            0.5239355564117432,
            0.6138616800308228,
            0.5090184211730957
          ],
          "pool_idx": 0,
          "avg_train_loss": 0.0026610585415843303,
          "epoch_losses": [
            0.002900167708643354,
            0.002829944177602346,
            0.0027886029834357593,
            0.002812489025438061,
            0.002822476779468931,
            0.002820258207905751,
            0.0027163055134364045,
            0.0028286688208866576,
            0.0028694808984605167,
            0.0026839254603076438,
            0.002741650454341792,
            0.0026715936210866156,
            0.002587078510819433,
            0.002896762453019619,
            0.002648815503702141,
            0.0026345268303814987,
            0.002718362330387418,
            0.0028263498545409394,
            0.002723117582858182,
            0.002665549677868302,
            0.002652604106025627,
            0.002596752279294798,
            0.002768974876604401,
            0.0026762591621193746,
            0.002646486901749785,
            0.002579788981865232,
            0.0025597067119983528,
            0.00265546551404091,
            0.0027290067742936886,
            0.00253073529053766,
            0.002808720867436093,
            0.0027002118026407864,
            0.0027848937584517095,
            0.0025281016535770437,
            0.0025219105972120394,
            0.0025580525398254395,
            0.002537209845076387,
            0.002599525059430072,
            0.0026198493925711284,
            0.0025211872819524547,
            0.002493141613040979,
            0.0025659648146337042,
            0.0024391069220235716,
            0.002348729857028677,
            0.002695963682176975,
            0.002689809824984807,
            0.0025977679492475893,
            0.0024291285349485967,
            0.002478797033500786,
            0.002552947056336472
          ],
          "prediction_variance": [
            3.2573552743997425e-05,
            0.00011799957428593189,
            2.6218467610306107e-05
          ]
        }
      ]
    ]
  },
  "aggregated_results": [
    {
      "iteration": 0,
      "total_samples_seen": 0.0,
      "samples_added": 0.0,
      "training_samples": 0,
      "mean_total_mse": 1.5470247171519056,
      "std_total_mse": 0.0,
      "mean_mse_per_output": [
        0.6507491177307035,
        0.5662765212355287,
        0.3299990781856732
      ],
      "std_mse_per_output": [
        0.0,
        0.0,
        0.0
      ],
      "mean_train_loss": null,
      "window_size": 1.0,
      "num_seeds": 1,
      "mean_prediction_variance_per_output": [
        NaN,
        NaN,
        NaN
      ],
      "std_prediction_variance_per_output": [
        NaN,
        NaN,
        NaN
      ]
    },
    {
      "iteration": 1,
      "total_samples_seen": 200.0,
      "samples_added": 200.0,
      "training_samples": 10000.0,
      "mean_total_mse": 0.013543188912662079,
      "std_total_mse": 0.0,
      "mean_mse_per_output": [
        0.0005727278747374749,
        0.012889895312959317,
        8.056572496528682e-05
      ],
      "std_mse_per_output": [
        0.0,
        0.0,
        0.0
      ],
      "mean_train_loss": 0.02856911114273736,
      "window_size": 1.0,
      "num_seeds": 1,
      "mean_prediction_variance_per_output": [
        0.0010203823912888765,
        0.000428738072514534,
        0.0006513685802929103
      ],
      "std_prediction_variance_per_output": [
        0.0,
        0.0,
        0.0
      ]
    },
    {
      "iteration": 2,
      "total_samples_seen": 400.0,
      "samples_added": 200.0,