{
  "pipeline_name": "sample_efficiency_1000samples_5iters",
  "timestamp": "2025-11-07 17:36:21",
  "config": {
    "model_type": "NeuralNetModel",
    "model_params": "{'input_size': 6, 'output_size': 3, 'hidden_sizes': (64, 32), 'activation': 'tanh', 'learning_rate': 0.001, 'model_name': 'adaptive_batch_sampling_nn'}",
    "n_iterations": 5,
    "samples_per_iteration": 200,
    "n_epochs": 50,
    "batch_size": 16,
    "initial_window_size": 1.0,
    "shrink_rate": 0.3,
    "num_seeds": 1,
    "window_type": "output",
    "use_model_prediction": true,
    "num_pool_datasets": 7,
    "pool_samples_per_dataset": [
      4000,
      1000,
      2500,
      500,
      2000,
      1500,
      2000
    ],
    "total_pool_samples": 13500,
    "test_samples": 1
  },
  "data_info": {},
  "training_info": {},
  "evaluation": {},
  "raw_results": {
    "all_seed_results": [
      [
        {
          "iteration": 0,
          "seed": 42,
          "total_samples_seen": 0,
          "samples_added": 0,
          "mse_per_output": [
            0.31770795523359713,
            0.025855646715065215,
            0.20175007530610917
          ],
          "total_mse": 0.5453136772547715,
          "window_size": 1.0,
          "center_point": [
            0.5000038227775604,
            0.5003280052336098,
            0.500042579988823
          ],
          "pool_idx": null,
          "avg_train_loss": null,
          "prediction_variance": [
            NaN,
            NaN,
            NaN
          ]
        },
        {
          "iteration": 1,
          "seed": 42,
          "total_samples_seen": 200,
          "samples_added": 200,
          "mse_per_output": [
            0.0017591907178446601,
            0.011682877388636461,
            3.661816423386259e-05
          ],
          "total_mse": 0.013478686270714984,
          "window_size": 1.0,
          "center_point": [
            0.5000038227775604,
            0.5003280052336098,
            0.500042579988823
          ],
          "pool_idx": 0,
          "avg_train_loss": 0.02036953286626018,
          "epoch_losses": [
            0.190195232629776,
            0.04695465186467537,
            0.04176208577477015,
            0.032092918713505454,
            0.029247315600514412,
            0.027439103963283393,
            0.024661712205180757,
            0.02364230378029438,
            0.022229412140754554,
            0.021733350693606414,
            0.0199455633902779,
            0.019401311301268064,
            0.01819902787414881,
            0.017163389863876197,
            0.016007431567861483,
            0.016379920550836966,
            0.015194043732033325,
            0.01474321332688515,
            0.01472147496847006,
            0.014317043268909821,
            0.014550792769743847,
            0.014101058674546389,
            0.014007107068139773,
            0.014301495125087408,
            0.01431009553086299,
            0.014432268109745704,
            0.01418719247270089,
            0.013501806399570061,
            0.013735818605010327,
            0.013760767375620512,
            0.013234700040461926,
            0.013388527987095026,
            0.013823425325636681,
            0.013211985835089134,
            0.013019598304079128,
            0.012704857839987828,
            0.012809311791967887,
            0.01341263738532479,
            0.012076213024556637,
            0.01260037043203528,
            0.013469736378353376,
            0.013029273885947008,
            0.01243925399075334,
            0.012182045047386335,
            0.012252241802903322,
            0.012312958805033794,
            0.011618325701699806,
            0.011599096433761029,
            0.011015201274019022,
            0.0113579726849611
          ],
          "prediction_variance": [
            0.0007109296275302768,
            0.0014637068379670382,
            0.0009242972591891885
          ]
        },
        {
          "iteration": 2,
          "seed": 42,
          "total_samples_seen": 400,
          "samples_added": 200,
          "mse_per_output": [
            0.00036531345633485156,
            0.0023471591773294893,
            0.00010449314895575321
          ],
          "total_mse": 0.0028169657826200944,
          "window_size": 0.3,
          "center_point": [
            0.541946530342102,
            0.6084153652191162,
            0.49399128556251526
          ],
          "pool_idx": 0,
          "avg_train_loss": 0.0018165711699447665,
          "epoch_losses": [
            0.002550261775748088,
            0.0021248457577222814,
            0.0021074865855133305,
            0.0020888971720034112,
            0.0020099898191312184,
            0.002015937692843951,
            0.0019948809371831324,
            0.0020698893886919203,
            0.0020068590708363513,
            0.0019089081414187183,
            0.002035718115691382,
            0.001951149552881431,
            0.0019952716449132333,
            0.0018534854932043415,
            0.0018662784087400024,
            0.0020495936937200334,
            0.001768897435305497,
            0.0019255508310519732,
            0.001806608078858027,
            0.001889234811712343,
            0.0017956339288502932,
            0.0019118459357951696,
            0.0018370756834673767,
            0.001841971489529197,
            0.0019008902600035071,
            0.002335080563520583,
            0.0018975753516245347,
            0.001659325238926193,
            0.0016652381208796913,
            0.0018359109616050352,
            0.0016711569534471403,
            0.001674842496868223,
            0.001636868530812745,
            0.0017029344587801741,
            0.0017928239674522327,
            0.0016940228300742232,
            0.0017507145933520335,
            0.001618925052193495,
            0.001545025129766705,
            0.0015305678378074216,
            0.0015078851003916217,
            0.0015786749830182928,
            0.0014871656133506733,
            0.0017567595395331199,
            0.0016203524294094397,
            0.001603209959844557,
            0.0015500458046937217,
            0.001529266323464421,
            0.001410990899715286,
            0.0014660340518905567
          ],
          "prediction_variance": [
            8.979670383268967e-06,
            0.00034105367376469076,
            2.416784263914451e-05
          ]
        },
        {
          "iteration": 3,
          "seed": 42,
          "total_samples_seen": 600,
          "samples_added": 200,
          "mse_per_output": [
            3.1528088849043445e-05,
            0.00032640577173681783,
            2.0530829887177224e-06
          ],
          "total_mse": 0.000359986943574579,
          "window_size": 0.09,
          "center_point": [
            0.519116997718811,
            0.5487754940986633,
            0.4898203909397125
          ],
          "pool_idx": 2,
          "avg_train_loss": 5.5072332222782566e-05,