{
  "pipeline_name": "sample_efficiency_2000samples_6iters",
  "timestamp": "2025-11-08 10:12:34",
  "config": {
    "model_type": "NeuralNetModel",
    "model_params": "{'input_size': 6, 'output_size': 3, 'hidden_sizes': (64, 32), 'activation': 'tanh', 'learning_rate': 0.001, 'model_name': 'adaptive_batch_sampling_nn'}",
    "n_iterations": 6,
    "samples_per_iteration": 333,
    "n_epochs": 50,
    "batch_size": 16,
    "initial_window_size": 1.0,
    "shrink_rate": 0.15,
    "num_seeds": 1,
    "window_type": "output",
    "use_model_prediction": true,
    "num_pool_datasets": 9,
    "pool_samples_per_dataset": [
      4000,
      3000,
      1000,
      2500,
      500,
      2000,
      2000,
      1500,
      2000
    ],
    "total_pool_samples": 18500,
    "test_samples": 1
  },
  "data_info": {},
  "training_info": {},
  "evaluation": {},
  "raw_results": {
    "all_seed_results": [
      [
        {
          "iteration": 0,
          "seed": 42,
          "total_samples_seen": 0,
          "samples_added": 0,
          "mse_per_output": [
            0.316966619278015,
            0.17037569941768538,
            0.7223420155136951
          ],
          "total_mse": 1.2096843342093955,
          "window_size": 1.0,
          "center_point": [
            0.5000038227775604,
            0.5003280052336098,
            0.500042579988823
          ],
          "pools_used": [],
          "avg_train_loss": null,
          "prediction_variance": [
            NaN,
            NaN,
            NaN
          ]
        },
        {
          "iteration": 1,
          "seed": 42,
          "total_samples_seen": 333,
          "samples_added": 333,
          "mse_per_output": [
            0.0004897793066996485,
            0.0017355663608401319,
            0.00018938375184926703
          ],
          "total_mse": 0.0024147294193890474,
          "window_size": 1.0,
          "center_point": [
            0.5000038227775604,
            0.5003280052336098,
            0.500042579988823
          ],
          "pools_used": [
            0
          ],
          "avg_train_loss": 0.019307564957333462,
          "epoch_losses": [
            0.23198826309470905,
            0.04871919077067148,
            0.0367145917954899,
            0.03196275163264502,
            0.027052732539318856,
            0.02346257466290678,
            0.020315403384821757,
            0.018018853673267932,
            0.01691504235246352,
            0.016190798376642522,
            0.015614657285844996,
            0.0164615727872366,
            0.01611707807474193,
            0.015019296180634271,
            0.014914452408750853,
            0.014948729159576553,
            0.01452656134608246,
            0.014464863398600192,
            0.014154201373457909,
            0.014284383150793258,
            0.014032402563662756,
            0.013800936618021556,
            0.013915827098701681,
            0.013679745695775463,
            0.014283449034250918,
            0.013130410530027888,
            0.013202004400747163,
            0.012847472425727617,
            0.012575424342815365,
            0.013476690366154625,
            0.011905741567413012,
            0.012149839795061521,
            0.011857692063564346,
            0.011422436285231794,
            0.011272734585439875,
            0.011065273057846796,
            0.011065256826224782,
            0.010869615046041352,
            0.010404290764459543,
            0.010923424136957951,
            0.010479607574996493,
            0.010680537559979018,
            0.009746650267126305,
            0.009575425292409602,
            0.0096791203333331,
            0.009299872443079948,
            0.00930728204548359,
            0.008923415094614029,
            0.009018363896757364,
            0.008941308706111852
          ],
          "prediction_variance": [
            0.00012100809544790536,
            0.0023973057977855206,
            2.780357317533344e-05
          ]
        },
        {
          "iteration": 2,
          "seed": 42,
          "total_samples_seen": 666,
          "samples_added": 333,
          "mse_per_output": [
            3.6429519024604076e-06,
            0.00011160373221731766,
            1.7104374929991062e-07
          ],
          "total_mse": 0.00011541772786907798,
          "window_size": 0.15,
          "center_point": [
            0.5221347808837891,
            0.5419881343841553,
            0.5138042569160461
          ],
          "pools_used": [
            0,
            1,
            2
          ],
          "avg_train_loss": 0.00020251376968753038,
          "epoch_losses": [
            0.00040087279575389055,
            0.00025662400141646645,
            0.0002208739855892158,
            0.00021834064128121273,
            0.00020778823887840624,
            0.00021351904572275955,
            0.0002036883060576483,
            0.00021355690530201952,
            0.00021882296728325032,
            0.00020761202350037084,
            0.00019854047041874203,
            0.00022779439002208943,
            0.00022016859501101344,
            0.00020449477666434611,
            0.00018508068716896342,
            0.00020324320593360988,
            0.00021017322225296603,
            0.00020986780734910142,
            0.00020191661037859463,
            0.0001967979392031252,
            0.00018359280095735033,
            0.00017953247152036056,
            0.00017428561287011863,
            0.00018858902850687237,
            0.00018659362484911633,
            0.00019500806437073543,
            0.0001824614841357938,
            0.0002792067091268975,
            0.0002702687069402254,
            0.00020904472884943797,
            0.00020550830785872503,
            0.00018043269006912376,
            0.0001849220432285663,
            0.00019535858536116955,
            0.00017258807479049123,
            0.00017335753467965072,
            0.00018998112188585634,
            0.00017920315786752673,
            0.0001772899496635156,
            0.00017879117339838384,
            0.00018352685479580292,
            0.00016722920000098558,
            0.00019500566053292935,
            0.00019202226567791687,
            0.00019361729868077893,
            0.00016175476290906468,
            0.00019131303235467168,
            0.00019435617702713768,
            0.0001718063157611704,
            0.00016926443051835078
          ],
          "prediction_variance": [
            3.521570079101366e-06,
            0.00014029158046469092,
            1.6412919023878203e-07
          ]
        },
        {
          "iteration": 3,
          "seed": 42,
          "total_samples_seen": 676,
          "samples_added": 10,
          "mse_per_output": [
            7.965774391118102e-07,
            2.072944041263287e-05,
            5.044758605239005e-09
          ],
          "total_mse": 2.153106261034992e-05,
          "window_size": 0.0225,
          "center_point": [
            0.5019124746322632,
            0.5108922719955444,
            0.5004561543464661
          ],
          "pools_used": [
            2,
            3
          ],
          "avg_train_loss": 7.209400819192524e-06,