{
  "pipeline_name": "sample_efficiency_3000samples_1iters",
  "timestamp": "2025-11-10 10:57:39",
  "config": {
    "model_type": "NeuralNetModel",
    "model_params": "{'input_size': 6, 'output_size': 3, 'hidden_sizes': (64, 32), 'activation': 'tanh', 'learning_rate': 0.001, 'model_name': 'adaptive_batch_sampling_nn'}",
    "n_iterations": 1,
    "samples_per_iteration": 3000,
    "n_epochs": 50,
    "batch_size": 16,
    "initial_window_size": 1.0,
    "shrink_rate": 0.1,
    "num_seeds": 1,
    "window_type": "output",
    "use_model_prediction": true,
    "num_pool_datasets": 25,
    "pool_samples_per_dataset": [
      4000,
      3000,
      1000,
      2500,
      2500,
      2500,
      500,
      2000,
      2500,
      2525,
      2550,
      2575,
      2000,
      2600,
      2550,
      2575,
      2600,
      2500,
      2525,
      1500,
      2700,
      2700,
      2000,
      2750,
      2750
    ],
    "total_pool_samples": 59900,
    "test_samples": 1
  },
  "data_info": {},
  "training_info": {},
  "evaluation": {},
  "raw_results": {
    "all_seed_results": [
      [
        {
          "iteration": 0,
          "seed": 42,
          "total_samples_seen": 0,
          "samples_added": 0,
          "mse_per_output": [
            0.2071713038963306,
            0.13052993202515878,
            0.36889452052505145
          ],
          "total_mse": 0.7065957564465408,
          "window_size": 1.0,
          "center_point": [
            0.5000038227775604,
            0.5003280052336098,
            0.500042579988823
          ],
          "pools_used": [],
          "avg_train_loss": null,
          "prediction_variance": [
            NaN,
            NaN,
            NaN
          ]
        },
        {
          "iteration": 1,
          "seed": 42,
          "total_samples_seen": 3000,
          "samples_added": 3000,
          "mse_per_output": [
            0.00010629089808839281,
            0.0009585931200491015,
            1.3435618484996815e-07
          ],
          "total_mse": 0.0010650183743223444,
          "window_size": 1.0,
          "center_point": [
            0.5000038227775604,
            0.5003280052336098,
            0.500042579988823
          ],
          "pools_used": [
            0
          ],
          "avg_train_loss": 0.0027449993338287894,
          "epoch_losses": [
            0.03821400294892807,
            0.015598895801033111,
            0.013526265980041724,
            0.010975037565197241,
            0.008984198037069291,
            0.007078228421766866,
            0.005281173360925366,
            0.0035392729351247485,
            0.0027684483518006595,
            0.002098423793869826,
            0.0018247071377427734,
            0.0016871487481539395,
            0.0015300506990009106,
            0.001624591733258406,
            0.0013508230733853626,
            0.0014140197971310624,
            0.0011982634266345523,
            0.001074071412229851,
            0.0011837474434906517,
            0.0009639732049842504,
            0.001145567478082004,
            0.0009159515028202688,
            0.0009190876361513956,
            0.0008725221431380673,
            0.0008339486546205119,
            0.0007099915064247127,
            0.0007889723878024403,
            0.0007568382539017315,
            0.0006438262953065048,
            0.0006689018693887579,
            0.0005663943521404748,
            0.0006128060585011708,
            0.000559636913710571,
            0.00045934569645899676,
            0.0004305196288964424,
            0.00039881420351330814,
            0.00036550198247107586,
            0.0004335033814602363,
            0.0003135348012832803,
            0.00030993406305261737,
            0.0002801939369051747,
            0.0002784678924805856,
            0.00027881682766979173,
            0.00027731299435780534,
            0.00029655124215307606,
            0.0002453002574103711,
            0.0002593560496647347,
            0.00023698019248648904,
            0.000208451242949021,
            0.00026759337446918
          ],
          "prediction_variance": [
            7.451716373907402e-05,
            0.0006714808405376971,
            3.74357114196755e-05
          ]
        }
      ]
    ]
  },
  "aggregated_results": [
    {
      "iteration": 0,
      "total_samples_seen": 0.0,
      "samples_added": 0.0,
      "training_samples": 0,
      "mean_total_mse": 0.7065957564465408,
      "std_total_mse": 0.0,
      "mean_mse_per_output": [
        0.2071713038963306,
        0.13052993202515878,
        0.36889452052505145
      ],
      "std_mse_per_output": [
        0.0,
        0.0,
        0.0
      ],
      "mean_train_loss": null,
      "window_size": 1.0,
      "num_seeds": 1,
      "mean_prediction_variance_per_output": [
        NaN,
        NaN,
        NaN
      ],
      "std_prediction_variance_per_output": [
        NaN,
        NaN,
        NaN
      ]
    },
    {
      "iteration": 1,
      "total_samples_seen": 3000.0,
      "samples_added": 3000.0,
      "training_samples": 150000.0,
      "mean_total_mse": 0.0010650183743223444,
      "std_total_mse": 0.0,
      "mean_mse_per_output": [
        0.00010629089808839281,
        0.0009585931200491015,
        1.3435618484996815e-07
      ],
      "std_mse_per_output": [
        0.0,
        0.0,
        0.0
      ],
      "mean_train_loss": 0.0027449993338287894,
      "window_size": 1.0,
      "num_seeds": 1,
      "mean_prediction_variance_per_output": [
        7.451716373907402e-05,
        0.0006714808405376971,
        3.74357114196755e-05
      ],
      "std_prediction_variance_per_output": [
        0.0,
        0.0,
        0.0
      ]
    }
  ],
  "execution_time_seconds": 54.778334
}