{
  "pipeline_name": "sample_efficiency_200samples_1iters",
  "timestamp": "2025-11-10 16:48:57",
  "config": {
    "model_type": "NeuralNetModel",
    "model_params": "{'input_size': 6, 'output_size': 3, 'hidden_sizes': (64, 32), 'activation': 'tanh', 'learning_rate': 0.001, 'model_name': 'adaptive_batch_sampling_nn'}",
    "n_iterations": 1,
    "samples_per_iteration": 200,
    "n_epochs": 50,
    "batch_size": 16,
    "initial_window_size": 1.0,
    "shrink_rate": 0.1,
    "num_seeds": 5,
    "window_type": "output",
    "use_model_prediction": true,
    "num_pool_datasets": 25,
    "pool_samples_per_dataset": [
      4000,
      3000,
      1000,
      2500,
      2500,
      2500,
      500,
      2000,
      2500,
      2525,
      2550,
      2575,
      2000,
      2600,
      2550,
      2575,
      2600,
      2500,
      2525,
      1500,
      2700,
      2700,
      2000,
      2750,
      2750
    ],
    "total_pool_samples": 59900,
    "test_samples": 1
  },
  "data_info": {},
  "training_info": {},
  "evaluation": {},
  "raw_results": {
    "all_seed_results": [
      [
        {
          "iteration": 0,
          "seed": 42,
          "total_samples_seen": 0,
          "samples_added": 0,
          "mse_per_output": [
            0.22795069683449878,
            0.10849499741676573,
            0.13398553158844048
          ],
          "total_mse": 0.470431225839705,
          "window_size": 1.0,
          "center_point": [
            0.5000038227775604,
            0.5003280052336098,
            0.500042579988823
          ],
          "pools_used": [],
          "avg_train_loss": null,
          "prediction_variance": [
            NaN,
            NaN,
            NaN
          ]
        },
        {
          "iteration": 1,
          "seed": 42,
          "total_samples_seen": 200,
          "samples_added": 200,
          "mse_per_output": [
            5.450576589567002e-05,
            0.0051583635341757314,
            0.001560243381035728
          ],
          "total_mse": 0.0067731126811071286,
          "window_size": 1.0,
          "center_point": [
            0.5000038227775604,
            0.5003280052336098,
            0.500042579988823
          ],
          "pools_used": [
            0
          ],
          "avg_train_loss": 0.01903489966303683,
          "epoch_losses": [
            0.11593765808412662,
            0.05401297715994028,
            0.03852284857286857,
            0.03168144506903795,
            0.027212063423716105,
            0.024818648870747823,
            0.022826173700965367,
            0.021354439453436777,
            0.020055539046342555,
            0.018740272650925014,
            0.018010213684577208,
            0.017357586238246698,
            0.016630881394331273,
            0.016041418322576925,
            0.01539838625691258,
            0.015523172843341645,
            0.015651497918252762,
            0.015432822231489878,
            0.015258594774282895,
            0.01568392477929592,
            0.01533601712435484,
            0.014920468012300821,
            0.015203640652963748,
            0.014809336871481858,
            0.014462200136711964,
            0.014581210982914154,
            0.014164904956347667,
            0.014538891326922636,
            0.014843265311076092,
            0.014321374921844555,
            0.014831479710455123,
            0.01459000066209298,
            0.013806093914004473,
            0.013683370242898282,
            0.014446430767957982,
            0.013936220489155788,
            0.014106426316385087,
            0.013863185922113748,
            0.013196410253070869,
            0.013313467900913496,
            0.012986019611931764,
            0.013035674292880755,
            0.012974008559607543,
            0.012847910491892925,
            0.01291731816644852,
            0.012458543006617289,
            0.01259344257414341,
            0.013473162499184791,
            0.01262624217913701,
            0.01272770081861661
          ],
          "prediction_variance": [
            0.0002388122520642355,
            0.0010049246484413743,
            0.000673639471642673
          ]
        }
      ],
      [
        {
          "iteration": 0,
          "seed": 43,
          "total_samples_seen": 0,
          "samples_added": 0,
          "mse_per_output": [
            0.16889704152953203,
            0.10961951530405852,
            0.2648312123346218
          ],
          "total_mse": 0.5433477691682124,
          "window_size": 1.0,
          "center_point": [
            0.5000038227775604,
            0.5003280052336098,
            0.500042579988823
          ],
          "pools_used": [],
          "avg_train_loss": null,
          "prediction_variance": [
            NaN,
            NaN,
            NaN
          ]
        },
        {
          "iteration": 1,
          "seed": 43,
          "total_samples_seen": 200,
          "samples_added": 200,
          "mse_per_output": [
            1.114603150221267e-05,
            0.005600045512517217,
            0.00017066821514702532
          ],
          "total_mse": 0.005781859759166454,
          "window_size": 1.0,
          "center_point": [
            0.5000038227775604,
            0.5003280052336098,
            0.500042579988823
          ],
          "pools_used": [
            0
          ],
          "avg_train_loss": 0.021655833646655083,
          "epoch_losses": [
            0.1639038774256523,
            0.054246934274068244,
            0.0420684080857497,
            0.03698979919919601,
            0.0321008378209976,
            0.028573227473176442,
            0.025363396136806562,
            0.023274003742979124,
            0.021434062876953527,
            0.020081037655472755,
            0.01915827988145443,
            0.018274967558681965,
            0.017798498416176207,
            0.017345905447235473,
            0.017224928220877282,
            0.017400199045928624,
            0.017215371848298952,
            0.016923008844829522,
            0.016897423909260675,
            0.016848627836085282,
            0.01663059275597334,
            0.016717412150823154,
            0.016466255228106793,
            0.016621463287335176,
            0.017585836350917816,
            0.016492953810554285,
            0.016411559656262398,
            0.016006219344070323,
            0.016050243105452795,
            0.01568778554120889,
            0.015918254637374327,
            0.016937170106057938,
            0.016270537645770952,
            0.01548953067797881,
            0.01542479358613491,
            0.015593319128339108,
            0.015315272845327854,
            0.014781249400514822,
            0.014606314066510934,
            0.014513682287472945,
            0.01521122412612805,
            0.015569224022328854,
            0.013836630834982945,
            0.013839061551082592,
            0.013943098198909026,
            0.014089324726508213,
            0.013508167404394884,
            0.013334302804791011,
            0.013884356102118125,
            0.012933051249442192
          ],
          "prediction_variance": [
            0.0005432196194306016,
            0.0008268813835456967,
            0.00013754559040535241
          ]
        }
      ],
      [
        {
          "iteration": 0,
          "seed": 44,
          "total_samples_seen": 0,
          "samples_added": 0,
          "mse_per_output": [
            0.12327747140980978,
            0.32421417768270644,
            0.12761927755933308
          ],
          "total_mse": 0.5751109266518493,
          "window_size": 1.0,
          "center_point": [
            0.5000038227775604,
            0.5003280052336098,
            0.500042579988823
          ],
          "pools_used": [],
          "avg_train_loss": null,