{
  "pipeline_name": "sample_efficiency_1000samples_3iters",
  "timestamp": "2025-11-10 17:06:21",
  "config": {
    "model_type": "NeuralNetModel",
    "model_params": "{'input_size': 6, 'output_size': 1, 'hidden_sizes': (64, 32), 'activation': 'tanh', 'learning_rate': 0.001, 'model_name': 'adaptive_batch_sampling_nn'}",
    "n_iterations": 3,
    "samples_per_iteration": 333,
    "n_epochs": 50,
    "batch_size": 16,
    "initial_window_size": 1.0,
    "shrink_rate": 0.1,
    "num_seeds": 1,
    "window_type": "output",
    "use_model_prediction": true,
    "num_pool_datasets": 25,
    "pool_samples_per_dataset": [
      4000,
      3000,
      1000,
      2500,
      2500,
      2500,
      500,
      2000,
      2500,
      2525,
      2550,
      2575,
      2000,
      2600,
      2550,
      2575,
      2600,
      2500,
      2525,
      1500,
      2700,
      2700,
      2000,
      2750,
      2750
    ],
    "total_pool_samples": 59900,
    "test_samples": 1
  },
  "data_info": {},
  "training_info": {},
  "evaluation": {},
  "raw_results": {
    "all_seed_results": [
      [
        {
          "iteration": 0,
          "seed": 42,
          "total_samples_seen": 0,
          "samples_added": 0,
          "mse_per_output": [
            0.3101847160373229
          ],
          "total_mse": 0.3101847160373229,
          "window_size": 1.0,
          "center_point": [
            0.500042579988823
          ],
          "pools_used": [],
          "avg_train_loss": null,
          "prediction_variance": [
            NaN
          ]
        },
        {
          "iteration": 1,
          "seed": 42,
          "total_samples_seen": 333,
          "samples_added": 333,
          "mse_per_output": [
            0.00023802821943264774
          ],
          "total_mse": 0.00023802821943264774,
          "window_size": 1.0,
          "center_point": [
            0.500042579988823
          ],
          "pools_used": [
            0
          ],
          "avg_train_loss": 0.004857111323030299,
          "epoch_losses": [
            0.14212588841716448,
            0.04085519169235513,
            0.023172371621642793,
            0.012273425990272136,
            0.005882420067098879,
            0.0024672472195345022,
            0.0012904518100965237,
            0.0007446275890937873,
            0.0005176063915271135,
            0.0004606168755951027,
            0.0004314614405822275,
            0.0004209576595929407,
            0.00041969809223831234,
            0.00042352648493501225,
            0.0004117139351798133,
            0.0004039666895377671,
            0.0004078539135488903,
            0.0003860272658390126,
            0.0003896986101088779,
            0.0003944987783186315,
            0.0004237005272270402,
            0.0004021073317354811,
            0.00036006876533584934,
            0.00035996579736959013,
            0.0003530915460682341,
            0.0003510433037133355,
            0.00034729968215937594,
            0.0003369630153645717,
            0.00033957745888203917,
            0.00031717472232966904,
            0.0003241118032573944,
            0.0003542171041425761,
            0.00032687606428572467,
            0.0003222074204434951,
            0.0002950702016408156,
            0.0002849803374071295,
            0.00028689664309023924,
            0.0002883206831202621,
            0.00025907449231627177,
            0.0002621332685174864,
            0.00027598148292218825,
            0.0002715822903112331,
            0.0002463811584415713,
            0.00024103223508323675,
            0.00022440071708323167,
            0.00024824780328864496,
            0.0002483016134993661,
            0.0002125647664624488,
            0.00021425366451564644,
            0.00019868970723889236
          ],
          "prediction_variance": [
            5.211681127548218e-05
          ]
        },
        {
          "iteration": 2,
          "seed": 42,
          "total_samples_seen": 666,
          "samples_added": 333,
          "mse_per_output": [
            1.398809316134197e-06
          ],
          "total_mse": 1.398809316134197e-06,
          "window_size": 0.1,
          "center_point": [
            0.5154707431793213
          ],
          "pools_used": [
            0
          ],
          "avg_train_loss": 5.936131659230645e-06,
          "epoch_losses": [
            7.481258706407278e-05,
            1.582039798060058e-05,
            8.637249829050797e-06,
            6.699184972430452e-06,
            6.446953821501839e-06,
            5.861462038107372e-06,
            6.53796744353756e-06,
            5.19291668188955e-06,
            4.997998324879085e-06,
            6.196688705780876e-06,
            5.376692158842204e-06,
            5.083040854342038e-06,
            4.2603403255184055e-06,
            4.725631610892292e-06,
            4.326888226084217e-06,
            4.111821973700509e-06,
            4.402818831295008e-06,
            4.2375705951209445e-06,
            3.956103249774537e-06,
            3.78009553428239e-06,
            4.18922132082246e-06,
            3.890713276719214e-06,
            3.912898553911266e-06,
            3.4363455532521973e-06,
            3.4280911309213568e-06,
            3.2772582666698976e-06,
            3.1994650163098757e-06,
            4.037726853312051e-06,
            4.4442828571586034e-06,
            4.8680485687804145e-06,
            3.336836969191652e-06,
            3.4811798849702992e-06,
            3.510840596867465e-06,
            3.4761362658606403e-06,
            4.272190548839544e-06,
            3.2144052208119924e-06,
            3.15111228268333e-06,
            3.92895352823481e-06,
            4.501994496985433e-06,
            3.998822708559774e-06,
            3.245148307195493e-06,
            3.2829752150237687e-06,
            4.652904819868993e-06,
            4.367831003210518e-06,
            4.037988435898331e-06,
            3.271260149111705e-06,
            4.100966867510925e-06,
            2.9547809336214586e-06,
            3.1451195625431e-06,
            2.726673544982207e-06
          ],
          "prediction_variance": [
            2.1995722363499226e-06
          ]
        },
        {
          "iteration": 3,
          "seed": 42,
          "total_samples_seen": 999,
          "samples_added": 333,
          "mse_per_output": [
            8.206706152913606e-07
          ],
          "total_mse": 8.206706152913606e-07,
          "window_size": 0.010000000000000002,
          "center_point": [
            0.5012252926826477
          ],
          "pools_used": [
            0,
            1,
            2,
            3
          ],
          "avg_train_loss": 9.543995665307562e-07,