{
  "pipeline_name": "sample_efficiency_400per_iter_shrink1.0",
  "timestamp": "2025-12-08 15:35:54",
  "config": {
    "model_type": "NeuralNetModel",
    "model_params": "{'input_size': 6, 'output_size': 3, 'hidden_sizes': (64, 32), 'activation': 'tanh', 'learning_rate': 0.001, 'model_name': 'adaptive_batch_sampling_nn', 'seed': 42}",
    "n_iterations": 10,
    "samples_per_iteration": 400,
    "n_epochs": 50,
    "batch_size": 16,
    "initial_window_size": 2.0,
    "shrink_rate": 1.0,
    "num_seeds": 1,
    "window_type": "output",
    "use_model_prediction": false,
    "remove_first_pool_each_iteration": false,
    "num_pool_datasets": 1,
    "pool_samples_per_dataset": [
      4000
    ],
    "total_pool_samples": 4000,
    "test_samples": 1
  },
  "data_info": {},
  "training_info": {},
  "evaluation": {},
  "raw_results": {
    "all_seed_results": [
      [
        {
          "iteration": 0,
          "seed": 42,
          "total_samples_seen": 0,
          "samples_added": 0,
          "mse_per_output": [
            0.5993477555736278,
            0.2971975857947789,
            0.34931573176184927
          ],
          "total_mse": 1.2458610731302562,
          "window_size": 2.0,
          "center_point": [
            0.5000038227775604,
            0.5003280052336098,
            0.500042579988823
          ],
          "pools_used": [],
          "avg_train_loss": null,
          "prediction_variance": [
            NaN,
            NaN,
            NaN
          ]
        },
        {
          "iteration": 1,
          "seed": 42,
          "total_samples_seen": 400,
          "samples_added": 400,
          "mse_per_output": [
            0.0006569880081958706,
            0.0001380998977499113,
            0.00016898112234062845
          ],
          "total_mse": 0.0009640690282864103,
          "window_size": 2.0,
          "center_point": [
            0.3332522288524732,
            0.3333525341748696,
            0.7500616981603151
          ],
          "pools_used": [
            0
          ],
          "avg_train_loss": 0.021912735749036072,
          "epoch_losses": [
            0.19980007469654082,
            0.04759457349777221,
            0.034927207753062246,
            0.029701603800058363,
            0.026764093488454817,
            0.024783379659056665,
            0.023630481362342835,
            0.02220152035355568,
            0.021398923173546792,
            0.021165361404418947,
            0.020947641469538213,
            0.020912020690739153,
            0.020875646583735943,
            0.020325861368328334,
            0.020265083089470864,
            0.01999521307647228,
            0.020188089348375796,
            0.02043370086699724,
            0.01953623253852129,
            0.01944463673979044,
            0.018958023749291897,
            0.019281944334506987,
            0.01857863400131464,
            0.018849226534366607,
            0.017962785623967647,
            0.01794575113803148,
            0.017336136624217034,
            0.01701798092573881,
            0.016983461305499076,
            0.01642282661050558,
            0.016093931943178177,
            0.01617256760597229,
            0.015601828731596469,
            0.014912391602993012,
            0.014260175116360187,
            0.013887132070958614,
            0.013374608829617501,
            0.013076126873493195,
            0.013529368471354246,
            0.01239376338198781,
            0.012789971195161343,
            0.012541427612304687,
            0.012167913950979709,
            0.011646129805594683,
            0.012468308098614217,
            0.012515543550252915,
            0.01122555261477828,
            0.011014354974031448,
            0.011017255540937186,
            0.010720319673418998
          ],
          "prediction_variance": [
            NaN,
            NaN,
            NaN
          ],
          "test_predictions_scaled": [
            [
              0.5256356000900269,
              0.5120795965194702,
              0.5130418539047241
            ]
          ],
          "test_true_scaled": [
            [
              0.5000038227775604,
              0.5003280052336098,
              0.500042579988823
            ]
          ]
        },
        {
          "iteration": 2,
          "seed": 42,
          "total_samples_seen": 800,
          "samples_added": 400,
          "mse_per_output": [
            0.0008934900573342869,
            0.0015439578221824748,
            4.6860212683307505e-05
          ],
          "total_mse": 0.002484308092200069,
          "window_size": 2.0,
          "center_point": [
            0.3332522288524732,
            0.3333525341748696,
            0.7500616981603151
          ],
          "pools_used": [
            0
          ],
          "avg_train_loss": 0.005204927402501926,
          "epoch_losses": [
            0.01019542770460248,
            0.009709175564348698,
            0.009506094418466091,
            0.008944563008844853,
            0.009612197503447533,
            0.009000886445865035,
            0.008582542985677719,
            0.008157774861901999,
            0.008037548866122962,
            0.007457153033465147,
            0.007436075396835804,
            0.007334222234785557,
            0.006615916937589645,
            0.006698756460100413,
            0.006196226011961698,
            0.006375322490930558,
            0.005934312650933862,
            0.005540792662650347,
            0.005187074709683656,
            0.0053119690343737605,
            0.005479221758432687,
            0.005012765782885254,
            0.004717773618176579,
            0.004450532821938396,
            0.0045022743428125974,
            0.004454096429981291,
            0.004301725141704083,
            0.004084465773776174,
            0.004006968187168241,
            0.0038940061442553995,
            0.003679606351070106,
            0.0035966385807842016,
            0.003517137821763754,
            0.004024616582319141,
            0.0036293683759868146,
            0.003579444335773587,
            0.0030359356827102603,
            0.003895480637438595,
            0.0033319197222590447,
            0.002995243212208152,
            0.0028622847562655806,
            0.0028749851044267416,
            0.003099453402683139,
            0.002890602955594659,
            0.0028471463685855267,
            0.002714757025241852,
            0.002815814074128866,
            0.002665612711571157,
            0.0027573845302686097,
            0.0026950749102979898
          ],
          "prediction_variance": [
            NaN,
            NaN,
            NaN
          ],
          "test_predictions_scaled": [
            [
              0.5298951268196106,
              0.5396212339401245,
              0.5068880319595337
            ]
          ],
          "test_true_scaled": [
            [
              0.5000038227775604,
              0.5003280052336098,
              0.500042579988823
            ]
          ]
        },
        {
          "iteration": 3,
          "seed": 42,
          "total_samples_seen": 1200,
          "samples_added": 400,
          "mse_per_output": [
            6.564709842490957e-05,
            6.253246813467212e-05,
            4.0855120270647155e-05
          ],
          "total_mse": 0.00016903468683022885,
          "window_size": 2.0,
          "center_point": [
            0.3332522288524732,
            0.3333525341748696,
            0.7500616981603151
          ],
          "pools_used": [
            0
          ],
          "avg_train_loss": 0.0022389511819928885,