{
  "pipeline_name": "sample_efficiency_800per_iter_shrink0.4",
  "timestamp": "2025-11-21 13:06:20",
  "config": {
    "model_type": "NeuralNetModel",
    "model_params": "{'input_size': 6, 'output_size': 3, 'hidden_sizes': (64, 32), 'activation': 'tanh', 'learning_rate': 0.001, 'model_name': 'adaptive_batch_sampling_nn', 'seed': 42}",
    "n_iterations": 2,
    "samples_per_iteration": 800,
    "n_epochs": 50,
    "batch_size": 16,
    "initial_window_size": 1.0,
    "shrink_rate": 0.4,
    "num_seeds": 1,
    "window_type": "output",
    "use_model_prediction": true,
    "num_pool_datasets": 25,
    "pool_samples_per_dataset": [
      4000,
      3000,
      1000,
      2500,
      2500,
      2500,
      500,
      2000,
      2500,
      2525,
      2550,
      2575,
      2000,
      2600,
      2550,
      2575,
      2600,
      2500,
      2525,
      1500,
      2700,
      2700,
      2000,
      2750,
      2750
    ],
    "total_pool_samples": 59900,
    "test_samples": 1
  },
  "data_info": {},
  "training_info": {},
  "evaluation": {},
  "raw_results": {
    "all_seed_results": [
      [
        {
          "iteration": 0,
          "seed": 42,
          "total_samples_seen": 0,
          "samples_added": 0,
          "mse_per_output": [
            0.5993477555736278,
            0.2971975857947789,
            0.34931573176184927
          ],
          "total_mse": 1.2458610731302562,
          "window_size": 1.0,
          "center_point": [
            0.5000038227775604,
            0.5003280052336098,
            0.500042579988823
          ],
          "pools_used": [],
          "avg_train_loss": null,
          "prediction_variance": [
            NaN,
            NaN,
            NaN
          ]
        },
        {
          "iteration": 1,
          "seed": 42,
          "total_samples_seen": 800,
          "samples_added": 800,
          "mse_per_output": [
            0.000505280857602339,
            0.001468313079301254,
            9.431403470781248e-05
          ],
          "total_mse": 0.0020679079716114054,
          "window_size": 1.0,
          "center_point": [
            0.5000038227775604,
            0.5003280052336098,
            0.500042579988823
          ],
          "pools_used": [
            0
          ],
          "avg_train_loss": 0.011830764029035346,
          "epoch_losses": [
            0.1335962189733982,
            0.02774522241204977,
            0.02304373640567064,
            0.019915230870246887,
            0.01783974777907133,
            0.016644298173487185,
            0.016323780678212642,
            0.01588903322815895,
            0.01572972696274519,
            0.015582616059109568,
            0.015118330661207437,
            0.014926573652774095,
            0.01446359720081091,
            0.014096770100295544,
            0.013473973739892245,
            0.013035342236980796,
            0.012605843534693122,
            0.011930683692917228,
            0.01122022575698793,
            0.010942121297121047,
            0.010505431313067675,
            0.009680303186178208,
            0.00926950597204268,
            0.009290214702486992,
            0.010493549583479762,
            0.008654547883197665,
            0.008161413753405213,
            0.008283147532492876,
            0.007524315696209669,
            0.007023903452791274,
            0.006405595587566495,
            0.006229952457360923,
            0.005627744942903519,
            0.004938303302042186,
            0.004774345550686121,
            0.004314427366480232,
            0.0036464758776128293,
            0.0032931568543426693,
            0.00318219831911847,
            0.0029552203859202564,
            0.002886681049130857,
            0.002625690995482728,
            0.0025642261281609534,
            0.0025344184448476883,
            0.0025376254273578526,
            0.002077151860576123,
            0.0018878635484725237,
            0.0020831924700178204,
            0.0019081007991917432,
            0.002056423593312502
          ],
          "prediction_variance": [
            0.00010417058365419507,
            0.0016087070107460022,
            3.229977301089093e-05
          ],
          "test_predictions_scaled": [
            [
              0.5224822759628296,
              0.5386465787887573,
              0.5097541213035583
            ]
          ],
          "test_true_scaled": [
            [
              0.5000038227775604,
              0.5003280052336098,
              0.500042579988823
            ]
          ]
        },
        {
          "iteration": 2,
          "seed": 42,
          "total_samples_seen": 1600,
          "samples_added": 800,
          "mse_per_output": [
            2.3436643984073093e-05,
            1.7587385852093214e-06,
            2.6837122539804652e-05
          ],
          "total_mse": 5.203250510908706e-05,
          "window_size": 0.4,
          "center_point": [
            0.5224822759628296,
            0.5386465787887573,
            0.5097541213035583
          ],
          "pools_used": [
            0,
            1
          ],
          "avg_train_loss": 8.922861968967484e-05,
          "epoch_losses": [
            0.00026489521173061803,
            0.00010616929903335403,
            9.249253693269566e-05,
            9.874067807686516e-05,
            9.92041359859286e-05,
            9.06979000865249e-05,
            8.595129947934766e-05,
            8.895275437680539e-05,
            8.251719678810332e-05,
            8.338891308085295e-05,
            9.267679262848106e-05,
            8.862419308570679e-05,
            8.329230164235923e-05,
            7.678651956666727e-05,
            8.989826110337163e-05,
            7.522710846387782e-05,
            8.603816364484373e-05,
            7.927142964035738e-05,
            8.519681963662152e-05,
            7.415365231281611e-05,
            7.680731810978614e-05,
            8.02468945767032e-05,
            0.00010627580915752333,
            8.78780850325711e-05,
            7.972440107550938e-05,
            8.240801016654587e-05,
            7.755391932732891e-05,
            8.666989713674412e-05,
            7.939076789625687e-05,
            9.480159547820222e-05,
            9.063881232577842e-05,
            9.346324055513833e-05,
            7.113100964488695e-05,
            0.00010931425240414682,
            8.199031821277458e-05,
            8.169619548425544e-05,
            9.162013011518866e-05,
            8.15365803282475e-05,
            7.458081254299031e-05,
            7.718149445281596e-05,
            6.958620811928994e-05,
            8.892186502635014e-05,
            8.643586126709124e-05,
            8.60171740714577e-05,
            8.210453932406381e-05,
            8.772582878009416e-05,
            0.00010557210152910557,
            6.710333720548078e-05,
            8.132909151754575e-05,
            7.755026632366935e-05
          ],
          "prediction_variance": [
            6.970077720325207e-06,
            7.250632916111499e-05,
            4.863540652877418e-06
          ],
          "test_predictions_scaled": [
            [
              0.5048449635505676,
              0.4990018308162689,
              0.5052230358123779
            ]
          ],
          "test_true_scaled": [
            [
              0.5000038227775604,
              0.5003280052336098,
              0.500042579988823
            ]
          ]
        }
      ]
    ]
  },
  "aggregated_results": [
    {
      "iteration": 0,
      "total_samples_seen": 0.0,
      "samples_added": 0.0,
      "training_samples": 0,
      "mean_total_mse": 1.2458610731302562,
      "std_total_mse": 0.0,
      "mean_mse_per_output": [
        0.5993477555736278,
        0.2971975857947789,
        0.34931573176184927
      ],
      "std_mse_per_output": [
        0.0,
        0.0,
        0.0
      ],
      "mean_train_loss": null,