{
  "pipeline_name": "sample_efficiency_1000samples_3iters",
  "timestamp": "2025-11-10 17:00:11",
  "config": {
    "model_type": "NeuralNetModel",
    "model_params": "{'input_size': 6, 'output_size': 3, 'hidden_sizes': (64, 32), 'activation': 'tanh', 'learning_rate': 0.001, 'model_name': 'adaptive_batch_sampling_nn'}",
    "n_iterations": 3,
    "samples_per_iteration": 333,
    "n_epochs": 50,
    "batch_size": 16,
    "initial_window_size": 1.0,
    "shrink_rate": 0.1,
    "num_seeds": 1,
    "window_type": "output",
    "use_model_prediction": true,
    "num_pool_datasets": 25,
    "pool_samples_per_dataset": [
      4000,
      3000,
      1000,
      2500,
      2500,
      2500,
      500,
      2000,
      2500,
      2525,
      2550,
      2575,
      2000,
      2600,
      2550,
      2575,
      2600,
      2500,
      2525,
      1500,
      2700,
      2700,
      2000,
      2750,
      2750
    ],
    "total_pool_samples": 59900,
    "test_samples": 1
  },
  "data_info": {},
  "training_info": {},
  "evaluation": {},
  "raw_results": {
    "all_seed_results": [
      [
        {
          "iteration": 0,
          "seed": 42,
          "total_samples_seen": 0,
          "samples_added": 0,
          "mse_per_output": [
            0.1993300092963298,
            0.4141667029753284,
            0.10930209487073271
          ],
          "total_mse": 0.722798807142391,
          "window_size": 1.0,
          "center_point": [
            0.5000038227775604,
            0.5003280052336098,
            0.500042579988823
          ],
          "pools_used": [],
          "avg_train_loss": null,
          "prediction_variance": [
            NaN,
            NaN,
            NaN
          ]
        },
        {
          "iteration": 1,
          "seed": 42,
          "total_samples_seen": 333,
          "samples_added": 333,
          "mse_per_output": [
            0.0005719378981985457,
            0.008654565161760674,
            0.0005130702493214312
          ],
          "total_mse": 0.00973957330928065,
          "window_size": 1.0,
          "center_point": [
            0.5000038227775604,
            0.5003280052336098,
            0.500042579988823
          ],
          "pools_used": [
            0
          ],
          "avg_train_loss": 0.01707888085594667,
          "epoch_losses": [
            0.14754045754671097,
            0.04255563020706177,
            0.029985330732805387,
            0.023356256385644276,
            0.01944679766893387,
            0.017464641969473588,
            0.016297665956829275,
            0.015750527293199583,
            0.016026225739291737,
            0.015555474153232007,
            0.015409380507965883,
            0.015111321672087624,
            0.015265757040608497,
            0.01498535412940241,
            0.015059506964115869,
            0.015100779677076,
            0.014927077506269728,
            0.01480319763400725,
            0.014585578126744145,
            0.014170956864420856,
            0.014372797217220068,
            0.014036337711981364,
            0.014089386888025772,
            0.014753041478494803,
            0.013653828629425593,
            0.013479632635911306,
            0.013568562211557514,
            0.014074821402097032,
            0.013123163931249153,
            0.012818902487023956,
            0.012556246592707578,
            0.012568308217894463,
            0.012632796806948525,
            0.01267221084396754,
            0.012805948521764506,
            0.012566928796115377,
            0.012309222681713956,
            0.011405992898203078,
            0.012040586388182072,
            0.011588981330749534,
            0.010320850803206364,
            0.010534708698590597,
            0.01069965842179954,
            0.01053772975380222,
            0.009772872995762598,
            0.009730823493252197,
            0.009697002225688525,
            0.009261190270384153,
            0.009415404316747472,
            0.009458186370985848
          ],
          "prediction_variance": [
            4.170762622379698e-05,
            0.0018042328301817179,
            2.8047594241797924e-05
          ]
        },
        {
          "iteration": 2,
          "seed": 42,
          "total_samples_seen": 375,
          "samples_added": 42,
          "mse_per_output": [
            0.00011826386246530251,
            0.003581370475559131,
            1.2427303044653584e-06
          ],
          "total_mse": 0.003700877068328899,
          "window_size": 0.1,
          "center_point": [
            0.5239190459251404,
            0.5933579206466675,
            0.5226936340332031
          ],
          "pools_used": [
            0,
            1
          ],
          "avg_train_loss": 0.00026204330128772805,
          "epoch_losses": [
            0.0006449146506687006,
            0.001709925204825898,
            0.0004800450212011735,
            0.0009343114797957242,
            0.0003197542391717434,
            0.000705067184753716,
            0.00034319386274243396,
            0.0004114405116221557,
            0.00030753653845749795,
            0.0002217333142956098,
            0.00026394895879396546,
            0.00019862257371035716,
            0.00023517476802226156,
            0.000188817415619269,
            0.00021874682958393046,
            0.00017116091961118704,
            0.0001974105010352408,
            0.00015978147227239484,
            0.00015995316546953595,
            0.00017964780514982218,
            0.000174792468897067,
            0.00016550794195306176,
            0.00017801294840561846,
            0.0001603158792325606,
            0.0001794207152367259,
            0.00017661012437505028,
            0.0001666337144949163,
            0.00017333072901237756,
            0.00017438726596689472,
            0.00017076074921836457,
            0.00016788209419852743,
            0.00016854246496222913,
            0.00015713719524986422,
            0.0001629407051950693,
            0.00016885773705629012,
            0.00016740824503358454,
            0.00015861079009482637,
            0.00016764150253341845,
            0.00016118081596990427,
            0.00017458128180199614,
            0.00017249424126930535,
            0.00015563627190810317,
            0.00018336542416363955,
            0.00016497575658528754,
            0.00017459949352390444,
            0.00016538357886020094,
            0.00017463361048915735,
            0.00016465240817827484,
            0.00016455039682720476,
            0.00015613209689036012
          ],
          "prediction_variance": [
            9.70057385529799e-07,
            6.758800736861303e-05,
            1.6683632111380575e-06
          ]
        }
      ]
    ]
  },
  "aggregated_results": [
    {
      "iteration": 0,
      "total_samples_seen": 0.0,
      "samples_added": 0.0,
      "training_samples": 0,
      "mean_total_mse": 0.722798807142391,
      "std_total_mse": 0.0,
      "mean_mse_per_output": [
        0.1993300092963298,
        0.4141667029753284,
        0.10930209487073271
      ],
      "std_mse_per_output": [
        0.0,
        0.0,
        0.0
      ],
      "mean_train_loss": null,
      "window_size": 1.0,
      "num_seeds": 1,
      "mean_prediction_variance_per_output": [
        NaN,
        NaN,
        NaN
      ],
      "std_prediction_variance_per_output": [
        NaN,
        NaN,
        NaN
      ]
    },
    {
      "iteration": 1,
      "total_samples_seen": 333.0,
      "samples_added": 333.0,
      "training_samples": 16650.0,
      "mean_total_mse": 0.00973957330928065,
      "std_total_mse": 0.0,
      "mean_mse_per_output": [
        0.0005719378981985457,
        0.008654565161760674,
        0.0005130702493214312
      ],
      "std_mse_per_output": [
        0.0,
        0.0,
        0.0
      ],
      "mean_train_loss": 0.01707888085594667,
      "window_size": 1.0,