{
  "pipeline_name": "sample_efficiency_800per_iter_shrink0.4",
  "timestamp": "2025-11-21 19:08:09",
  "config": {
    "model_type": "NeuralNetModel",
    "model_params": "{'input_size': 6, 'output_size': 3, 'hidden_sizes': (64, 32), 'activation': 'tanh', 'learning_rate': 0.001, 'model_name': 'adaptive_batch_sampling_nn', 'seed': 42}",
    "n_iterations": 3,
    "samples_per_iteration": 800,
    "n_epochs": 50,
    "batch_size": 16,
    "initial_window_size": 1.0,
    "shrink_rate": 0.4,
    "num_seeds": 1,
    "window_type": "output",
    "use_model_prediction": true,
    "remove_first_pool_each_iteration": true,
    "num_pool_datasets": 27,
    "pool_samples_per_dataset": [
      4000,
      4000,
      4000,
      3000,
      1000,
      2500,
      2500,
      2500,
      500,
      2000,
      2500,
      2525,
      2550,
      2575,
      2000,
      2600,
      2550,
      2575,
      2600,
      2500,
      2525,
      1500,
      2700,
      2700,
      2000,
      2750,
      2750
    ],
    "total_pool_samples": 67900,
    "test_samples": 1
  },
  "data_info": {},
  "training_info": {},
  "evaluation": {},
  "raw_results": {
    "all_seed_results": [
      [
        {
          "iteration": 0,
          "seed": 42,
          "total_samples_seen": 0,
          "samples_added": 0,
          "mse_per_output": [
            0.5993477555736278,
            0.2971975857947789,
            0.34931573176184927
          ],
          "total_mse": 1.2458610731302562,
          "window_size": 1.0,
          "center_point": [
            0.5000038227775604,
            0.5003280052336098,
            0.500042579988823
          ],
          "pools_used": [],
          "avg_train_loss": null,
          "prediction_variance": [
            NaN,
            NaN,
            NaN
          ]
        },
        {
          "iteration": 1,
          "seed": 42,
          "total_samples_seen": 800,
          "samples_added": 800,
          "mse_per_output": [
            0.000505280857602339,
            0.001468313079301254,
            9.431403470781248e-05
          ],
          "total_mse": 0.0020679079716114054,
          "window_size": 1.0,
          "center_point": [
            0.5000038227775604,
            0.5003280052336098,
            0.500042579988823
          ],
          "pools_used": [
            0
          ],
          "avg_train_loss": 0.011830764029035346,
          "epoch_losses": [
            0.1335962189733982,
            0.02774522241204977,
            0.02304373640567064,
            0.019915230870246887,
            0.01783974777907133,
            0.016644298173487185,
            0.016323780678212642,
            0.01588903322815895,
            0.01572972696274519,
            0.015582616059109568,
            0.015118330661207437,
            0.014926573652774095,
            0.01446359720081091,
            0.014096770100295544,
            0.013473973739892245,
            0.013035342236980796,
            0.012605843534693122,
            0.011930683692917228,
            0.01122022575698793,
            0.010942121297121047,
            0.010505431313067675,
            0.009680303186178208,
            0.00926950597204268,
            0.009290214702486992,
            0.010493549583479762,
            0.008654547883197665,
            0.008161413753405213,
            0.008283147532492876,
            0.007524315696209669,
            0.007023903452791274,
            0.006405595587566495,
            0.006229952457360923,
            0.005627744942903519,
            0.004938303302042186,
            0.004774345550686121,
            0.004314427366480232,
            0.0036464758776128293,
            0.0032931568543426693,
            0.00318219831911847,
            0.0029552203859202564,
            0.002886681049130857,
            0.002625690995482728,
            0.0025642261281609534,
            0.0025344184448476883,
            0.0025376254273578526,
            0.002077151860576123,
            0.0018878635484725237,
            0.0020831924700178204,
            0.0019081007991917432,
            0.002056423593312502
          ],
          "prediction_variance": [
            0.00010417058365419507,
            0.0016087070107460022,
            3.229977301089093e-05
          ],
          "test_predictions_scaled": [
            [
              0.5224822759628296,
              0.5386465787887573,
              0.5097541213035583
            ]
          ],
          "test_true_scaled": [
            [
              0.5000038227775604,
              0.5003280052336098,
              0.500042579988823
            ]
          ]
        },
        {
          "iteration": 2,
          "seed": 42,
          "total_samples_seen": 1600,
          "samples_added": 800,
          "mse_per_output": [
            3.9587896040378345e-06,
            4.6732498199115275e-05,
            4.646458943561712e-06
          ],
          "total_mse": 5.533774674671482e-05,
          "window_size": 0.4,
          "center_point": [
            0.5224822759628296,
            0.5386465787887573,
            0.5097541213035583
          ],
          "pools_used": [
            0
          ],
          "avg_train_loss": 9.316715379973174e-05,
          "epoch_losses": [
            0.00023739984280837234,
            0.00010938042199995835,
            0.00010544432378083002,
            9.260100527171745e-05,
            9.220262494636699e-05,
            0.00010512924316572026,
            8.202599485230167e-05,
            8.790420142759103e-05,
            7.921487329440424e-05,
            8.101417406578549e-05,
            9.939216892234981e-05,
            8.466034960292745e-05,
            9.846459368418437e-05,
            8.056666654738365e-05,
            8.902880548703252e-05,
            9.663933735282626e-05,
            8.257176559709479e-05,
            7.511332711146679e-05,
            9.944841636752244e-05,
            7.418882010824745e-05,
            8.192987770598848e-05,
            7.789809838868677e-05,
            9.905948565574362e-05,
            0.00011180442954355385,
            9.517778489680495e-05,
            8.673561686009634e-05,
            7.732193531410302e-05,
            7.695961845456622e-05,
            8.115621014439966e-05,
            8.704782660061027e-05,
            8.252166284364648e-05,
            8.991039598186035e-05,
            0.00010965075292915572,
            0.00010870844453165773,
            0.0001007043201389024,
            8.339514082763345e-05,
            8.041437933570706e-05,
            0.0001125680922268657,
            8.216051930503453e-05,
            6.96391075689462e-05,
            8.859163008310134e-05,
            8.662517073389609e-05,
            7.327543484279886e-05,
            0.00010733865390648134,
            9.285778702178505e-05,
            8.105840286589228e-05,
            8.825660293950932e-05,
            0.00012778161799360533,
            7.369409420789453e-05,
            9.172363974357722e-05
          ],
          "prediction_variance": [
            1.4150110473565292e-05,
            3.641616422100924e-05,
            3.733192443178268e-06
          ],
          "test_predictions_scaled": [
            [
              0.4980141520500183,
              0.49349188804626465,
              0.4978870153427124
            ]
          ],
          "test_true_scaled": [
            [
              0.5000038227775604,
              0.5003280052336098,
              0.500042579988823
            ]
          ]
        },
        {
          "iteration": 3,
          "seed": 42,
          "total_samples_seen": 2400,
          "samples_added": 800,
          "mse_per_output": [
            1.399298478044903e-05,
            3.5352547884775014e-05,
            6.715507295800205e-07
          ],
          "total_mse": 5.001708339480407e-05,
          "window_size": 0.16000000000000003,