{
  "pipeline_name": "sample_efficiency_3000samples_1iters",
  "timestamp": "2025-11-09 11:24:38",
  "config": {
    "model_type": "NeuralNetModel",
    "model_params": "{'input_size': 6, 'output_size': 3, 'hidden_sizes': (64, 32), 'activation': 'tanh', 'learning_rate': 0.001, 'model_name': 'adaptive_batch_sampling_nn'}",
    "n_iterations": 1,
    "samples_per_iteration": 3000,
    "n_epochs": 50,
    "batch_size": 16,
    "initial_window_size": 1.0,
    "shrink_rate": 0.15,
    "num_seeds": 1,
    "window_type": "output",
    "use_model_prediction": true,
    "num_pool_datasets": 17,
    "pool_samples_per_dataset": [
      4000,
      3000,
      1000,
      2500,
      2500,
      2500,
      500,
      2000,
      2000,
      2600,
      2600,
      1500,
      2700,
      2700,
      2000,
      2750,
      2750
    ],
    "total_pool_samples": 39600,
    "test_samples": 1
  },
  "data_info": {},
  "training_info": {},
  "evaluation": {},
  "raw_results": {
    "all_seed_results": [
      [
        {
          "iteration": 0,
          "seed": 42,
          "total_samples_seen": 0,
          "samples_added": 0,
          "mse_per_output": [
            0.1336193651834647,
            0.2878918922193241,
            0.4776111070927124
          ],
          "total_mse": 0.8991223644955012,
          "window_size": 1.0,
          "center_point": [
            0.5000038227775604,
            0.5003280052336098,
            0.500042579988823
          ],
          "pools_used": [],
          "avg_train_loss": null,
          "prediction_variance": [
            NaN,
            NaN,
            NaN
          ]
        },
        {
          "iteration": 1,
          "seed": 42,
          "total_samples_seen": 3000,
          "samples_added": 3000,
          "mse_per_output": [
            1.2622714563513686e-05,
            0.00038097166578048464,
            0.00018592709578473692
          ],
          "total_mse": 0.0005795214761287352,
          "window_size": 1.0,
          "center_point": [
            0.5000038227775604,
            0.5003280052336098,
            0.500042579988823
          ],
          "pools_used": [
            0
          ],
          "avg_train_loss": 0.0028736358106331693,
          "epoch_losses": [
            0.03610441302434799,
            0.015063307074671413,
            0.01385789380676331,
            0.011513177347567646,
            0.010170897392139949,
            0.008695755194763633,
            0.007237723837804763,
            0.0054670222031765,
            0.0038620108389295638,
            0.002851539175645349,
            0.0021477267687937166,
            0.0020098788428437363,
            0.0016777415286459802,
            0.001486692265817955,
            0.0014427838019749268,
            0.0012835445878853864,
            0.0012826615442308854,
            0.0011281336572868353,
            0.0010556687727543287,
            0.0009513351093467444,
            0.000940559706848828,
            0.0009467406432141867,
            0.0009963946194670341,
            0.0007863197840398495,
            0.0007781025426006539,
            0.0007387999515018198,
            0.000690112303926342,
            0.0007145521282856204,
            0.0005886688663753026,
            0.0005149026641292755,
            0.0005161434012908548,
            0.0005406303046177701,
            0.0004620730248868138,
            0.00041809595704569107,
            0.0004180194448557078,
            0.00038601892551827055,
            0.000448275047830898,
            0.0003501415507189256,
            0.0004032384879386147,
            0.00033319411913714463,
            0.0002984932201836776,
            0.00024670399808259235,
            0.00028336209126133866,
            0.00024270576292845827,
            0.00024368176088907428,
            0.00023863370271546376,
            0.00021846042305851562,
            0.0002059682355080595,
            0.00019951134494321912,
            0.0002433797424678329
          ],
          "prediction_variance": [
            2.5014243874466047e-05,
            0.0006827879697084427,
            6.0418482462409884e-05
          ]
        }
      ]
    ]
  },
  "aggregated_results": [
    {
      "iteration": 0,
      "total_samples_seen": 0.0,
      "samples_added": 0.0,
      "training_samples": 0,
      "mean_total_mse": 0.8991223644955012,
      "std_total_mse": 0.0,
      "mean_mse_per_output": [
        0.1336193651834647,
        0.2878918922193241,
        0.4776111070927124
      ],
      "std_mse_per_output": [
        0.0,
        0.0,
        0.0
      ],
      "mean_train_loss": null,
      "window_size": 1.0,
      "num_seeds": 1,
      "mean_prediction_variance_per_output": [
        NaN,
        NaN,
        NaN
      ],
      "std_prediction_variance_per_output": [
        NaN,
        NaN,
        NaN
      ]
    },
    {
      "iteration": 1,
      "total_samples_seen": 3000.0,
      "samples_added": 3000.0,
      "training_samples": 150000.0,
      "mean_total_mse": 0.0005795214761287352,
      "std_total_mse": 0.0,
      "mean_mse_per_output": [
        1.2622714563513686e-05,
        0.00038097166578048464,
        0.00018592709578473692
      ],
      "std_mse_per_output": [
        0.0,
        0.0,
        0.0
      ],
      "mean_train_loss": 0.0028736358106331693,
      "window_size": 1.0,
      "num_seeds": 1,
      "mean_prediction_variance_per_output": [
        2.5014243874466047e-05,
        0.0006827879697084427,
        6.0418482462409884e-05
      ],
      "std_prediction_variance_per_output": [
        0.0,
        0.0,
        0.0
      ]
    }
  ],
  "execution_time_seconds": 78.110981
}