{
  "pipeline_name": "sample_efficiency_3000samples_3iters",
  "timestamp": "2025-11-10 12:37:53",
  "config": {
    "model_type": "NeuralNetModel",
    "model_params": "{'input_size': 6, 'output_size': 1, 'hidden_sizes': (64, 32), 'activation': 'tanh', 'learning_rate': 0.001, 'model_name': 'adaptive_batch_sampling_nn'}",
    "n_iterations": 3,
    "samples_per_iteration": 1000,
    "n_epochs": 50,
    "batch_size": 16,
    "initial_window_size": 1.0,
    "shrink_rate": 0.2,
    "num_seeds": 1,
    "window_type": "output",
    "use_model_prediction": true,
    "num_pool_datasets": 25,
    "pool_samples_per_dataset": [
      4000,
      3000,
      1000,
      2500,
      2500,
      2500,
      500,
      2000,
      2500,
      2525,
      2550,
      2575,
      2000,
      2600,
      2550,
      2575,
      2600,
      2500,
      2525,
      1500,
      2700,
      2700,
      2000,
      2750,
      2750
    ],
    "total_pool_samples": 59900,
    "test_samples": 1
  },
  "data_info": {},
  "training_info": {},
  "evaluation": {},
  "raw_results": {
    "all_seed_results": [
      [
        {
          "iteration": 0,
          "seed": 42,
          "total_samples_seen": 0,
          "samples_added": 0,
          "mse_per_output": [
            0.32490832489959
          ],
          "total_mse": 0.32490832489959,
          "window_size": 1.0,
          "center_point": [
            0.5000038227775604
          ],
          "pools_used": [],
          "avg_train_loss": null,
          "prediction_variance": [
            NaN
          ]
        },
        {
          "iteration": 1,
          "seed": 42,
          "total_samples_seen": 1000,
          "samples_added": 1000,
          "mse_per_output": [
            3.100950343659587e-06
          ],
          "total_mse": 3.100950343659587e-06,
          "window_size": 1.0,
          "center_point": [
            0.5000038227775604
          ],
          "pools_used": [
            0
          ],
          "avg_train_loss": 0.002719890263699257,
          "epoch_losses": [
            0.06545305541819996,
            0.009635407995018695,
            0.0025537711704918553,
            0.002471628269025435,
            0.002347989083592972,
            0.0024300163356764685,
            0.002399577068105813,
            0.0023695044127100755,
            0.0022304424238095565,
            0.002248395186301971,
            0.002169039101332485,
            0.0022410527684740603,
            0.0021893949283006055,
            0.0021168144682185753,
            0.0021778670183959462,
            0.0022219030883177996,
            0.0020658201778248424,
            0.001963776798682317,
            0.0020814843730823625,
            0.0018370059653303572,
            0.002012964759376787,
            0.0017341290811254155,
            0.0016436593880551674,
            0.001522513556419798,
            0.001382019184160209,
            0.0013867238543868539,
            0.0011924862240751584,
            0.0012604799029225157,
            0.0010166222641673234,
            0.0009101132810529736,
            0.0009101346307914586,
            0.0007269114601455392,
            0.000759240119747581,
            0.000649253549497752,
            0.0006036831274820817,
            0.00044970060324495923,
            0.0004103445658868637,
            0.0003747895918047381,
            0.00028275097833506554,
            0.00025521016920850215,
            0.0002499777575495601,
            0.0001909288764600494,
            0.00016141668934973756,
            0.000123692899554347,
            0.0001143308203147229,
            0.00011332596379419094,
            9.933488671242866e-05,
            0.00010098374159064232,
            8.553790931251743e-05,
            6.730729754573466e-05
          ],
          "prediction_variance": [
            0.0001694027887424454
          ]
        },
        {
          "iteration": 2,
          "seed": 42,
          "total_samples_seen": 2000,
          "samples_added": 1000,
          "mse_per_output": [
            1.4181350387488047e-05
          ],
          "total_mse": 1.4181350387488047e-05,
          "window_size": 0.2,
          "center_point": [
            0.5017647743225098
          ],
          "pools_used": [
            0,
            1
          ],
          "avg_train_loss": 1.3577029941614686e-05,
          "epoch_losses": [
            2.5289894232455047e-05,
            9.36184802585991e-06,
            8.156180337252972e-06,
            1.2358488090415318e-05,
            1.0395851068963003e-05,
            8.703238664667071e-06,
            1.0519256070510315e-05,
            9.155140024371836e-06,
            8.771484866133144e-06,
            1.0878022796157258e-05,
            1.334949497360203e-05,
            1.0393437674244364e-05,
            1.0581239112503854e-05,
            8.981602565062719e-06,
            8.388491356267228e-06,
            9.630890998677285e-06,
            1.0310523142228098e-05,
            1.0010295142588831e-05,
            1.063380006367908e-05,
            1.2114245450108668e-05,
            8.653302735356625e-06,
            3.310906287431805e-05,
            8.491565554755826e-06,
            8.17654411851739e-06,
            9.37858884941624e-06,
            1.3934092312266576e-05,
            1.0182411159124939e-05,
            2.7904120532271226e-05,
            1.0466452166953771e-05,
            9.993189674816446e-06,
            1.65723819561338e-05,
            9.420405308085879e-06,
            1.0871264676675237e-05,
            1.2686162319498959e-05,
            1.5641480066127162e-05,
            1.7309222574199556e-05,
            2.0231765428694155e-05,
            1.4073886577967815e-05,
            1.0735856297590848e-05,
            1.0237734989185276e-05,
            8.408407011085642e-06,
            1.460309289223727e-05,
            4.848594247931263e-05,
            1.63699446367958e-05,
            1.2698283395395034e-05,
            9.982955928549812e-06,
            2.0996293068535687e-05,
            1.746816797419472e-05,
            2.5210464952708988e-05,
            8.575029914214928e-06
          ],
          "prediction_variance": [
            6.021557965141255e-06
          ]
        },
        {
          "iteration": 3,
          "seed": 42,
          "total_samples_seen": 3000,
          "samples_added": 1000,
          "mse_per_output": [
            9.397403092303275e-06
          ],
          "total_mse": 9.397403092303275e-06,
          "window_size": 0.04000000000000001,
          "center_point": [
            0.5037696361541748
          ],
          "pools_used": [
            0,
            1,
            2,
            3
          ],
          "avg_train_loss": 7.106867333965464e-06,