{
  "pipeline_name": "sample_efficiency_400samples_1iters",
  "timestamp": "2025-11-07 17:42:33",
  "config": {
    "model_type": "NeuralNetModel",
    "model_params": "{'input_size': 6, 'output_size': 3, 'hidden_sizes': (64, 32), 'activation': 'tanh', 'learning_rate': 0.001, 'model_name': 'adaptive_batch_sampling_nn'}",
    "n_iterations": 1,
    "samples_per_iteration": 400,
    "n_epochs": 50,
    "batch_size": 16,
    "initial_window_size": 1.0,
    "shrink_rate": 0.3,
    "num_seeds": 5,
    "window_type": "output",
    "use_model_prediction": true,
    "num_pool_datasets": 7,
    "pool_samples_per_dataset": [
      4000,
      1000,
      2500,
      500,
      2000,
      1500,
      2000
    ],
    "total_pool_samples": 13500,
    "test_samples": 1
  },
  "data_info": {},
  "training_info": {},
  "evaluation": {},
  "raw_results": {
    "all_seed_results": [
      [
        {
          "iteration": 0,
          "seed": 42,
          "total_samples_seen": 0,
          "samples_added": 0,
          "mse_per_output": [
            0.37891952026334025,
            0.21402655559163006,
            0.19584800624206747
          ],
          "total_mse": 0.7887940820970377,
          "window_size": 1.0,
          "center_point": [
            0.5000038227775604,
            0.5003280052336098,
            0.500042579988823
          ],
          "pool_idx": null,
          "avg_train_loss": null,
          "prediction_variance": [
            NaN,
            NaN,
            NaN
          ]
        },
        {
          "iteration": 1,
          "seed": 42,
          "total_samples_seen": 400,
          "samples_added": 400,
          "mse_per_output": [
            0.0003303652131776325,
            0.0001898209711255633,
            0.00022952575794698155
          ],
          "total_mse": 0.0007497119422501773,
          "window_size": 1.0,
          "center_point": [
            0.5000038227775604,
            0.5003280052336098,
            0.500042579988823
          ],
          "pool_idx": 0,
          "avg_train_loss": 0.016080812916904687,
          "epoch_losses": [
            0.13133046209812163,
            0.04118238888680935,
            0.030833136811852454,
            0.024065956845879553,
            0.01994163151830435,
            0.017593235298991202,
            0.016117675267159938,
            0.015634015295654537,
            0.015391141660511493,
            0.015377048328518867,
            0.01563931388780475,
            0.015309219025075435,
            0.014892800487577915,
            0.01488716047257185,
            0.014797161221504212,
            0.014522837921977044,
            0.014501932971179486,
            0.014420182537287473,
            0.014194809459149837,
            0.014168502129614353,
            0.0140067327208817,
            0.013783672396093606,
            0.01355465492233634,
            0.013723585903644562,
            0.013512836731970311,
            0.013983501121401787,
            0.013391374573111535,
            0.012543801758438349,
            0.012180879116058349,
            0.012300508618354798,
            0.011913206446915865,
            0.011565360724925994,
            0.01144079428166151,
            0.01098500931635499,
            0.010911058858036995,
            0.011000200845301152,
            0.010351674929261208,
            0.010100492890924215,
            0.010478794742375612,
            0.009700914453715086,
            0.009256291333585978,
            0.008843051940202714,
            0.00908169286325574,
            0.009140495005995035,
            0.011245340015739203,
            0.008747352845966816,
            0.007975543821230531,
            0.008249741960316897,
            0.007769711362197995,
            0.007501757219433785
          ],
          "prediction_variance": [
            9.367459279019386e-05,
            0.003360456321388483,
            5.8877507399301976e-05
          ]
        }
      ],
      [
        {
          "iteration": 0,
          "seed": 43,
          "total_samples_seen": 0,
          "samples_added": 0,
          "mse_per_output": [
            0.21969103573445223,
            0.1442218889451632,
            0.26235078021246466
          ],
          "total_mse": 0.62626370489208,
          "window_size": 1.0,
          "center_point": [
            0.5000038227775604,
            0.5003280052336098,
            0.500042579988823
          ],
          "pool_idx": null,
          "avg_train_loss": null,
          "prediction_variance": [
            NaN,
            NaN,
            NaN
          ]
        },
        {
          "iteration": 1,
          "seed": 43,
          "total_samples_seen": 400,
          "samples_added": 400,
          "mse_per_output": [
            0.0003986458443495009,
            0.003947837376313995,
            1.4328516340357454e-06
          ],
          "total_mse": 0.004347916072297532,
          "window_size": 1.0,
          "center_point": [
            0.5000038227775604,
            0.5003280052336098,
            0.500042579988823
          ],
          "pool_idx": 0,
          "avg_train_loss": 0.01705902233198285,
          "epoch_losses": [
            0.11002917528152466,
            0.03864488422870636,
            0.030247258618474007,
            0.027067816406488417,
            0.024192190021276472,
            0.02209082081913948,
            0.020487971045076846,
            0.018973718993365765,
            0.017703772261738776,
            0.017729538567364214,
            0.017060063779354095,
            0.016996718607842923,
            0.01671594649553299,
            0.01687402531504631,
            0.01640503704547882,
            0.01633122716099024,
            0.016075018979609012,
            0.016037483438849448,
            0.015538285188376903,
            0.015678663067519666,
            0.015400247350335121,
            0.015473885275423527,
            0.015058876015245914,
            0.014844824150204659,
            0.014670147895812988,
            0.014315476380288602,
            0.01459389004856348,
            0.01375241193920374,
            0.013955514617264271,
            0.01312746861949563,
            0.013124994337558746,
            0.012533405814319849,
            0.012887077555060387,
            0.012256880644708873,
            0.011807839702814817,
            0.012091893628239632,
            0.0111653152666986,
            0.010898069459944964,
            0.012255082987248898,
            0.011958255246281625,
            0.0104754776135087,
            0.010169744025915861,
            0.009668507408350705,
            0.009456723518669606,
            0.009432737939059735,
            0.01037315022200346,
            0.009343070667237044,
            0.0097849066182971,
            0.00887586809694767,
            0.008319758232682944
          ],
          "prediction_variance": [
            0.00018858612747862935,
            0.0022446298971772194,
            0.00022992235608398914
          ]
        }
      ],
      [
        {
          "iteration": 0,
          "seed": 44,
          "total_samples_seen": 0,
          "samples_added": 0,
          "mse_per_output": [
            0.2382544041775102,
            0.3163028351308168,
            0.9063064106601547
          ],
          "total_mse": 1.4608636499684817,
          "window_size": 1.0,
          "center_point": [
            0.5000038227775604,
            0.5003280052336098,
            0.500042579988823
          ],
          "pool_idx": null,
          "avg_train_loss": null,
          "prediction_variance": [
            NaN,
            NaN,
            NaN
          ]
        },
        {
          "iteration": 1,
          "seed": 44,
          "total_samples_seen": 400,
          "samples_added": 400,