{
  "pipeline_name": "sample_efficiency_1000samples_10iters",
  "timestamp": "2025-11-07 17:36:35",
  "config": {
    "model_type": "NeuralNetModel",
    "model_params": "{'input_size': 6, 'output_size': 3, 'hidden_sizes': (64, 32), 'activation': 'tanh', 'learning_rate': 0.001, 'model_name': 'adaptive_batch_sampling_nn'}",
    "n_iterations": 10,
    "samples_per_iteration": 100,
    "n_epochs": 50,
    "batch_size": 16,
    "initial_window_size": 1.0,
    "shrink_rate": 0.3,
    "num_seeds": 1,
    "window_type": "output",
    "use_model_prediction": true,
    "num_pool_datasets": 7,
    "pool_samples_per_dataset": [
      4000,
      1000,
      2500,
      500,
      2000,
      1500,
      2000
    ],
    "total_pool_samples": 13500,
    "test_samples": 1
  },
  "data_info": {},
  "training_info": {},
  "evaluation": {},
  "raw_results": {
    "all_seed_results": [
      [
        {
          "iteration": 0,
          "seed": 42,
          "total_samples_seen": 0,
          "samples_added": 0,
          "mse_per_output": [
            0.2610114014532678,
            0.47508954567038414,
            0.08300257830549097
          ],
          "total_mse": 0.8191035254291429,
          "window_size": 1.0,
          "center_point": [
            0.5000038227775604,
            0.5003280052336098,
            0.500042579988823
          ],
          "pool_idx": null,
          "avg_train_loss": null,
          "prediction_variance": [
            NaN,
            NaN,
            NaN
          ]
        },
        {
          "iteration": 1,
          "seed": 42,
          "total_samples_seen": 100,
          "samples_added": 100,
          "mse_per_output": [
            0.00011344600624676558,
            0.01607787717213628,
            0.0009512022366058924
          ],
          "total_mse": 0.017142525414988938,
          "window_size": 1.0,
          "center_point": [
            0.5000038227775604,
            0.5003280052336098,
            0.500042579988823
          ],
          "pool_idx": 0,
          "avg_train_loss": 0.031676675813006504,
          "epoch_losses": [
            0.3294517568179539,
            0.12357453150408608,
            0.05414973997644016,
            0.05722581488745553,
            0.05360876662390573,
            0.044258570564644675,
            0.04024799647075789,
            0.03823254576751164,
            0.03755653223821095,
            0.03463575935789517,
            0.03301914355584553,
            0.030455331983310834,
            0.02860506304672786,
            0.02699363391314234,
            0.026492117238896235,
            0.026185260021260807,
            0.024404502074633325,
            0.023140243653740202,
            0.023642877648983682,
            0.021504816998328482,
            0.0228352639824152,
            0.019764107252870287,
            0.019167447462677956,
            0.01780773446496044,
            0.01888536528817245,
            0.016961797140538692,
            0.017420574889651368,
            0.018219472308244024,
            0.01734019403478929,
            0.017058523105723516,
            0.01636726489024503,
            0.017710401809641292,
            0.01606639474630356,
            0.016754253767430782,
            0.01570087218923228,
            0.01605237421712705,
            0.016164017175989493,
            0.015421605003731591,
            0.015212266439838069,
            0.015690441376396587,
            0.017106632036822184,
            0.015896957367658615,
            0.01690561364271811,
            0.01579899899661541,
            0.016237507042075907,
            0.015441096387803555,
            0.01632539076464517,
            0.015538789731051241,
            0.015496981729354178,
            0.015100447061870779
          ],
          "prediction_variance": [
            0.0014890439342707396,
            0.0005090493359602988,
            0.0006366294110193849
          ]
        },
        {
          "iteration": 2,
          "seed": 42,
          "total_samples_seen": 200,
          "samples_added": 100,
          "mse_per_output": [
            0.0007425518725129125,
            0.01931556475188565,
            0.0002672058505047331
          ],
          "total_mse": 0.020325322474903297,
          "window_size": 0.3,
          "center_point": [
            0.5106549263000488,
            0.6271265745162964,
            0.5308841466903687
          ],
          "pool_idx": 0,
          "avg_train_loss": 0.0026865397720497895,
          "epoch_losses": [
            0.0034603113641164134,
            0.002966385501037751,
            0.0029670402873307467,
            0.002920761953906289,
            0.002719676367373073,
            0.0026950983530176537,
            0.003198000436116542,
            0.002806183749011585,
            0.002733411799584116,
            0.002917409176006913,
            0.002871700030352388,
            0.0028048043438632575,
            0.002787556266412139,
            0.0027558171256844488,
            0.0027150120918772052,
            0.002976352016308478,
            0.0028919729603720562,
            0.002742005977779627,
            0.0026275510899722576,
            0.0025731807607891305,
            0.0029559635191357563,
            0.0026834634066160235,
            0.0024848159768485595,
            0.0026681828977806227,
            0.0027480334309594972,
            0.0027148593217134476,
            0.0031387961602636744,
            0.00300939883371549,
            0.0025469985058797257,
            0.002757630610306348,
            0.002561353047245315,
            0.0025066205499959843,
            0.002703659685461649,
            0.00248484020786626,
            0.0024561110684382065,
            0.002449220063031784,
            0.002508937431100224,
            0.0024625207630119155,
            0.0022799185161212726,
            0.0024282117041626145,
            0.0024728168001664536,
            0.002526826940343848,
            0.002425311299573098,
            0.0024372675688937306,
            0.0025718463584780693,
            0.0026130914754633394,
            0.002327329296219562,
            0.0024293502626408425,
            0.002343539464553552,
            0.0024998417855905636
          ],
          "prediction_variance": [
            1.0079408639285248e-05,
            6.694677722407505e-06,
            3.854209717246704e-05
          ]
        },
        {
          "iteration": 3,
          "seed": 42,
          "total_samples_seen": 204,
          "samples_added": 4,
          "mse_per_output": [
            0.0006822885971981916,
            0.022011153319171986,
            3.603099893758542e-05
          ],
          "total_mse": 0.02272947291530776,
          "window_size": 0.09,
          "center_point": [
            0.5272536277770996,
            0.6393084526062012,
            0.516389012336731
          ],
          "pool_idx": 6,
          "avg_train_loss": 0.00011012942515662871,