{
  "pipeline_name": "sample_efficiency_400per_iter_shrink1",
  "timestamp": "2025-12-01 20:55:41",
  "config": {
    "model_type": "NeuralNetModel",
    "model_params": "{'input_size': 6, 'output_size': 3, 'hidden_sizes': (64, 32), 'activation': 'tanh', 'learning_rate': 0.001, 'model_name': 'adaptive_batch_sampling_nn', 'seed': 42}",
    "n_iterations": 3,
    "samples_per_iteration": 400,
    "n_epochs": 50,
    "batch_size": 16,
    "initial_window_size": 1.0,
    "shrink_rate": 1,
    "num_seeds": 1,
    "window_type": "output",
    "use_model_prediction": false,
    "remove_first_pool_each_iteration": false,
    "num_pool_datasets": 25,
    "pool_samples_per_dataset": [
      4000,
      3000,
      1000,
      2500,
      2500,
      2500,
      500,
      2000,
      2500,
      2525,
      2550,
      2575,
      2000,
      2600,
      2550,
      2575,
      2600,
      2500,
      2525,
      1500,
      2700,
      2700,
      2000,
      2750,
      2750
    ],
    "total_pool_samples": 59900,
    "test_samples": 1
  },
  "data_info": {},
  "training_info": {},
  "evaluation": {},
  "raw_results": {
    "all_seed_results": [
      [
        {
          "iteration": 0,
          "seed": 42,
          "total_samples_seen": 0,
          "samples_added": 0,
          "mse_per_output": [
            0.5993477555736278,
            0.2971975857947789,
            0.34931573176184927
          ],
          "total_mse": 1.2458610731302562,
          "window_size": 1.0,
          "center_point": [
            0.5000038227775604,
            0.5003280052336098,
            0.500042579988823
          ],
          "pools_used": [],
          "avg_train_loss": null,
          "prediction_variance": [
            NaN,
            NaN,
            NaN
          ]
        },
        {
          "iteration": 1,
          "seed": 42,
          "total_samples_seen": 400,
          "samples_added": 400,
          "mse_per_output": [
            0.0005404283411446543,
            4.5859854658465286e-07,
            4.490859501874663e-05
          ],
          "total_mse": 0.0005857955347099856,
          "window_size": 1.0,
          "center_point": [
            0.5000038227775604,
            0.5003280052336098,
            0.500042579988823
          ],
          "pools_used": [
            0
          ],
          "avg_train_loss": 0.01879766475185752,
          "epoch_losses": [
            0.21681486189365387,
            0.03966641217470169,
            0.02997974753379822,
            0.025209701582789422,
            0.023349258527159692,
            0.021344042867422103,
            0.019611902162432672,
            0.0186458233371377,
            0.017522226944565775,
            0.01675114706158638,
            0.016333645135164263,
            0.016035161055624483,
            0.016022309213876724,
            0.01587599564343691,
            0.01642943825572729,
            0.01581716276705265,
            0.015381338223814964,
            0.01563307236880064,
            0.01534534316509962,
            0.015692475475370882,
            0.016827117726206778,
            0.01493640897795558,
            0.014836782217025756,
            0.01497397806495428,
            0.014575499929487706,
            0.014137312099337577,
            0.013922833167016506,
            0.0137687236815691,
            0.013522307686507702,
            0.013439813815057277,
            0.012830263562500476,
            0.01274109747260809,
            0.012532527968287467,
            0.012489355392754078,
            0.012108564563095569,
            0.012311947233974933,
            0.011440816968679428,
            0.010640444662421943,
            0.010473857298493386,
            0.010364240128546953,
            0.01040263345465064,
            0.009568026755005121,
            0.009416573010385036,
            0.009126656837761402,
            0.008463612366467714,
            0.008904439713805914,
            0.008698007315397263,
            0.008675627168267966,
            0.007959356158971786,
            0.00833334680646658
          ],
          "prediction_variance": [
            NaN,
            NaN,
            NaN
          ],
          "test_predictions_scaled": [
            [
              0.523250937461853,
              0.4996508061885834,
              0.5067439675331116
            ]
          ],
          "test_true_scaled": [
            [
              0.5000038227775604,
              0.5003280052336098,
              0.500042579988823
            ]
          ]
        },
        {
          "iteration": 2,
          "seed": 42,
          "total_samples_seen": 800,
          "samples_added": 400,
          "mse_per_output": [
            0.0006146791002656674,
            0.005080498761436136,
            0.0001591037088056723
          ],
          "total_mse": 0.005854281570507475,
          "window_size": 1.0,
          "center_point": [
            0.5000038227775604,
            0.5003280052336098,
            0.500042579988823
          ],
          "pools_used": [
            0
          ],
          "avg_train_loss": 0.0036376129442593085,
          "epoch_losses": [
            0.007342247031629085,
            0.006894701309502125,
            0.006622084006667137,
            0.006442062659189105,
            0.006311648469418288,
            0.0067711690813303,
            0.006193760484457016,
            0.006112142009660601,
            0.007116287872195244,
            0.0070432514138519765,
            0.005497959218919277,
            0.005388891082257033,
            0.005026744175702333,
            0.004994528703391552,
            0.004776554023846984,
            0.004691201830282808,
            0.0049736328329890965,
            0.0039043207233771682,
            0.004033738784492016,
            0.0038026415184140207,
            0.003839087742380798,
            0.0037009850051254035,
            0.0033864101208746435,
            0.0033248925721272825,
            0.0028203200921416284,
            0.002758629582822323,
            0.0029912652028724553,
            0.0033923309948295354,
            0.0026739093009382486,
            0.002372698369435966,
            0.0024273386551067234,
            0.0025765873910859227,
            0.001972086860332638,
            0.0020609015645459295,
            0.0019367679953575135,
            0.0018484502099454403,
            0.0017550806887447834,
            0.001996825160458684,
            0.001956391395069659,
            0.0018537332210689782,
            0.0016518532671034336,
            0.0015314113185741008,
            0.001594175335485488,
            0.0017162871989421546,
            0.001837247423827648,
            0.0015686680166982114,
            0.0017175008938647806,
            0.00170088168582879,
            0.001667544215451926,
            0.0013108185003511607
          ],
          "prediction_variance": [
            NaN,
            NaN,
            NaN
          ],
          "test_predictions_scaled": [
            [
              0.5247965455055237,
              0.5716056227684021,
              0.5126562118530273
            ]
          ],
          "test_true_scaled": [
            [
              0.5000038227775604,
              0.5003280052336098,
              0.500042579988823
            ]
          ]
        },
        {
          "iteration": 3,
          "seed": 42,
          "total_samples_seen": 1200,
          "samples_added": 400,
          "mse_per_output": [
            0.0003513637416221563,
            5.5872324227661676e-05,
            5.654767661514992e-05
          ],
          "total_mse": 0.0004637837424649679,
          "window_size": 1.0,
          "center_point": [
            0.5000038227775604,
            0.5003280052336098,
            0.500042579988823
          ],
          "pools_used": [
            0
          ],
          "avg_train_loss": 0.001384379851468839,