{
  "pipeline_name": "sample_efficiency_400samples_2iters",
  "timestamp": "2025-11-07 17:34:49",
  "config": {
    "model_type": "NeuralNetModel",
    "model_params": "{'input_size': 6, 'output_size': 3, 'hidden_sizes': (64, 32), 'activation': 'tanh', 'learning_rate': 0.001, 'model_name': 'adaptive_batch_sampling_nn'}",
    "n_iterations": 2,
    "samples_per_iteration": 200,
    "n_epochs": 50,
    "batch_size": 16,
    "initial_window_size": 1.0,
    "shrink_rate": 0.3,
    "num_seeds": 1,
    "window_type": "output",
    "use_model_prediction": true,
    "num_pool_datasets": 7,
    "pool_samples_per_dataset": [
      4000,
      1000,
      2500,
      500,
      2000,
      1500,
      2000
    ],
    "total_pool_samples": 13500,
    "test_samples": 1
  },
  "data_info": {},
  "training_info": {},
  "evaluation": {},
  "raw_results": {
    "all_seed_results": [
      [
        {
          "iteration": 0,
          "seed": 42,
          "total_samples_seen": 0,
          "samples_added": 0,
          "mse_per_output": [
            0.04208293425644115,
            0.37395364036781564,
            0.13448811465897414
          ],
          "total_mse": 0.550524689283231,
          "window_size": 1.0,
          "center_point": [
            0.5000038227775604,
            0.5003280052336098,
            0.500042579988823
          ],
          "pool_idx": null,
          "avg_train_loss": null,
          "prediction_variance": [
            NaN,
            NaN,
            NaN
          ]
        },
        {
          "iteration": 1,
          "seed": 42,
          "total_samples_seen": 200,
          "samples_added": 200,
          "mse_per_output": [
            0.0006313354507839423,
            0.01504177159467144,
            0.0008120256820139279
          ],
          "total_mse": 0.01648513272746931,
          "window_size": 1.0,
          "center_point": [
            0.5000038227775604,
            0.5003280052336098,
            0.500042579988823
          ],
          "pool_idx": 0,
          "avg_train_loss": 0.019646248196323334,
          "epoch_losses": [
            0.1387302388365452,
            0.05450505705980154,
            0.040252520774419494,
            0.035026121454743236,
            0.030896498176913995,
            0.027652201600945912,
            0.02448434611925712,
            0.02224444769895994,
            0.02054926072462247,
            0.01935687310133989,
            0.017724659795371387,
            0.01702370960265398,
            0.016871674845998105,
            0.015653098431917336,
            0.01586999300007637,
            0.015370172090255298,
            0.01502866756457549,
            0.015145028475672007,
            0.015098069579555439,
            0.015133974608033895,
            0.014571683338055244,
            0.015049770402793702,
            0.014662712812423706,
            0.01472097971978096,
            0.014204149349377705,
            0.014252219564066483,
            0.015014697081194473,
            0.01454938855022192,
            0.01373361018844522,
            0.014253206443614684,
            0.014461980559504949,
            0.014350136383794822,
            0.013765606885919204,
            0.014194422043286838,
            0.014040803680053124,
            0.01352223388564128,
            0.013941736748585334,
            0.014307932570003547,
            0.01369109395175026,
            0.012900484869113335,
            0.0133130604831072,
            0.013013245430416785,
            0.01234890097895494,
            0.01259152447948089,
            0.012391310579215106,
            0.012361055669876246,
            0.0125846780406741,
            0.012277058504808407,
            0.012893937563953491,
            0.011732175516394468
          ],
          "prediction_variance": [
            0.00029268572689034045,
            0.0007087994599714875,
            1.5073545910126995e-05
          ]
        },
        {
          "iteration": 2,
          "seed": 42,
          "total_samples_seen": 400,
          "samples_added": 200,
          "mse_per_output": [
            0.0004458078568520079,
            0.011256835211248713,
            0.00033025853550779224
          ],
          "total_mse": 0.012032901603608512,
          "window_size": 0.3,
          "center_point": [
            0.5251302123069763,
            0.6229729056358337,
            0.5285386443138123
          ],
          "pool_idx": 0,
          "avg_train_loss": 0.002166702349562771,
          "epoch_losses": [
            0.002680208390721908,
            0.0024262496556800147,
            0.002457820801422573,
            0.002536081216441324,
            0.002412173753747573,
            0.002423778991214931,
            0.002442157487026774,
            0.0021702397901278278,
            0.002232848872573903,
            0.0021541078503315267,
            0.0021613726052097403,
            0.0022230244850596557,
            0.0022158045679903948,
            0.0022321023996202992,
            0.0022177504769598064,
            0.002153006221096103,
            0.002568127354606986,
            0.0024312945673815333,
            0.002229264176164109,
            0.002153799869120121,
            0.0023278585957506527,
            0.002333889097476808,
            0.0021534952012678753,
            0.002013742905826523,
            0.002345222245471982,
            0.002297764438061187,
            0.0022670818098749104,
            0.0021841934559723507,
            0.0020201314294424197,
            0.0019352604867890477,
            0.0019580917791105234,
            0.00211097330499727,
            0.002011581619556707,
            0.0020160242431582166,
            0.0020771755908544245,
            0.0023922469252004074,
            0.0023017751697737435,
            0.0020731723813626627,
            0.001881000415708583,
            0.0019219092075498058,
            0.0020060569065837907,
            0.0022213508357078983,
            0.002117414985640118,
            0.0018632646847086458,
            0.001963131237201966,
            0.0018470460871377816,
            0.0018136619249931895,
            0.0017951629482782804,
            0.0018621944428349917,
            0.0017020295893486876
          ],
          "prediction_variance": [
            6.521775503642857e-06,
            0.0002654003328643739,
            3.784121872740798e-05
          ]
        }
      ]
    ]
  },
  "aggregated_results": [
    {
      "iteration": 0,
      "total_samples_seen": 0.0,
      "samples_added": 0.0,
      "training_samples": 0,
      "mean_total_mse": 0.550524689283231,
      "std_total_mse": 0.0,
      "mean_mse_per_output": [
        0.04208293425644115,
        0.37395364036781564,
        0.13448811465897414
      ],
      "std_mse_per_output": [
        0.0,
        0.0,
        0.0
      ],
      "mean_train_loss": null,
      "window_size": 1.0,
      "num_seeds": 1,
      "mean_prediction_variance_per_output": [
        NaN,
        NaN,
        NaN
      ],
      "std_prediction_variance_per_output": [
        NaN,
        NaN,
        NaN
      ]
    },
    {
      "iteration": 1,
      "total_samples_seen": 200.0,
      "samples_added": 200.0,
      "training_samples": 10000.0,
      "mean_total_mse": 0.01648513272746931,
      "std_total_mse": 0.0,
      "mean_mse_per_output": [
        0.0006313354507839423,
        0.01504177159467144,
        0.0008120256820139279
      ],
      "std_mse_per_output": [
        0.0,
        0.0,
        0.0
      ],
      "mean_train_loss": 0.019646248196323334,
      "window_size": 1.0,
      "num_seeds": 1,
      "mean_prediction_variance_per_output": [
        0.00029268572689034045,
        0.0007087994599714875,
        1.5073545910126995e-05
      ],
      "std_prediction_variance_per_output": [
        0.0,
        0.0,
        0.0
      ]
    },
    {
      "iteration": 2,
      "total_samples_seen": 400.0,