{
  "pipeline_name": "sample_efficiency_1500samples_8iters",
  "timestamp": "2025-11-07 18:33:42",
  "config": {
    "model_type": "NeuralNetModel",
    "model_params": "{'input_size': 6, 'output_size': 3, 'hidden_sizes': (64, 32), 'activation': 'tanh', 'learning_rate': 0.001, 'model_name': 'adaptive_batch_sampling_nn'}",
    "n_iterations": 8,
    "samples_per_iteration": 187,
    "n_epochs": 50,
    "batch_size": 16,
    "initial_window_size": 1.0,
    "shrink_rate": 0.1,
    "num_seeds": 1,
    "window_type": "output",
    "use_model_prediction": true,
    "num_pool_datasets": 7,
    "pool_samples_per_dataset": [
      4000,
      1000,
      2500,
      500,
      2000,
      1500,
      2000
    ],
    "total_pool_samples": 13500,
    "test_samples": 1
  },
  "data_info": {},
  "training_info": {},
  "evaluation": {},
  "raw_results": {
    "all_seed_results": [
      [
        {
          "iteration": 0,
          "seed": 42,
          "total_samples_seen": 0,
          "samples_added": 0,
          "mse_per_output": [
            0.06386617400309424,
            0.32823794441878984,
            0.2449312268248927
          ],
          "total_mse": 0.6370353452467767,
          "window_size": 1.0,
          "center_point": [
            0.5000038227775604,
            0.5003280052336098,
            0.500042579988823
          ],
          "pool_idx": null,
          "avg_train_loss": null,
          "prediction_variance": [
            NaN,
            NaN,
            NaN
          ]
        },
        {
          "iteration": 1,
          "seed": 42,
          "total_samples_seen": 187,
          "samples_added": 187,
          "mse_per_output": [
            0.0005511587944575328,
            0.029888151482727537,
            0.001270029669240582
          ],
          "total_mse": 0.03170933994642565,
          "window_size": 1.0,
          "center_point": [
            0.5000038227775604,
            0.5003280052336098,
            0.500042579988823
          ],
          "pool_idx": 0,
          "avg_train_loss": 0.0219632443281201,
          "epoch_losses": [
            0.20906617181996504,
            0.04371917434036732,
            0.041614086056749024,
            0.031559463745603956,
            0.02928017343704899,
            0.026972551519672077,
            0.024924868096907932,
            0.023790083592757583,
            0.02174943933884303,
            0.020485691182936232,
            0.019014537800103426,
            0.01812522447047134,
            0.017574369984989364,
            0.01747147257750233,
            0.017045846364150446,
            0.016400599425348144,
            0.016128243568042915,
            0.01619379160304864,
            0.016352643258869648,
            0.01656033533314864,
            0.015695106859008472,
            0.016174354823306203,
            0.01614414566817383,
            0.015709217948218186,
            0.01582168919655184,
            0.015699560133119423,
            0.015432930629079541,
            0.0159510497469455,
            0.016015156948318083,
            0.015925231816557545,
            0.01607186463661492,
            0.015994901691252988,
            0.015467305667698383,
            0.015521869839479526,
            0.014878066722303629,
            0.015285709717621406,
            0.01504382467828691,
            0.015193928265944123,
            0.014791934207702676,
            0.014575307412693897,
            0.014435328853627047,
            0.014813349504644671,
            0.014640814391896129,
            0.014120471004086236,
            0.014041132759302855,
            0.014031442115083337,
            0.014110415941104293,
            0.014767724477375547,
            0.013733719941228628,
            0.014045893292253217
          ],
          "prediction_variance": [
            0.0001746176421875134,
            0.0006849506753496826,
            0.0003320164396427572
          ]
        },
        {
          "iteration": 2,
          "seed": 42,
          "total_samples_seen": 193,
          "samples_added": 6,
          "mse_per_output": [
            0.0009328215313569852,
            0.02998129476208413,
            5.707060358638014e-05
          ],
          "total_mse": 0.0309711868970275,
          "window_size": 0.1,
          "center_point": [
            0.5234805941581726,
            0.6732099056243896,
            0.5356800556182861
          ],
          "pool_idx": 6,
          "avg_train_loss": 0.00013248024086351507,
          "epoch_losses": [
            0.00037503207568079233,
            0.00034898839658126235,
            0.00029064909904263914,
            0.00023020907246973366,
            0.00018925553013104945,
            0.00017281988402828574,
            0.000172307642060332,
            0.0001747654314385727,
            0.00017171086801681668,
            0.0001626719458727166,
            0.00015280711522791535,
            0.00014756014570593834,
            0.00014832431043032557,
            0.00015165252261795104,
            0.00015190968406386673,
            0.00014518237730953842,
            0.00013186501746531576,
            0.00011644313053693622,
            0.00010486604151083156,
            0.0001012050561257638,
            0.00010553543688729405,
            0.00011410509614506736,
            0.00012148184760008007,
            0.00012338893429841846,
            0.00011867091961903498,
            0.00010950826981570572,
            9.99645417323336e-05,
            9.378843969898298e-05,
            9.267933637602255e-05,
            9.578447497915477e-05,
            0.00010050176933873445,
            0.00010399754683021456,
            0.00010456977179273963,
            0.00010222461423836648,
            9.833282820181921e-05,
            9.469810902373865e-05,
            9.262096136808395e-05,
            9.24025007407181e-05,
            9.344286809209734e-05,
            9.473990212427452e-05,
            9.54682327574119e-05,
            9.531389514449984e-05,
            9.447928459849209e-05,
            9.343227429781109e-05,
            9.259807120542973e-05,
            9.21591927180998e-05,
            9.204244270222262e-05,
            9.204493107972667e-05,
            9.198924817610532e-05,
            9.182095527648926e-05
          ],
          "prediction_variance": [
            1.1530424899319769e-06,
            1.2264485121704638e-05,
            3.3186457585543394e-05
          ]
        }
      ]
    ]
  },
  "aggregated_results": [
    {
      "iteration": 0,
      "total_samples_seen": 0.0,
      "samples_added": 0.0,
      "training_samples": 0,
      "mean_total_mse": 0.6370353452467767,
      "std_total_mse": 0.0,
      "mean_mse_per_output": [
        0.06386617400309424,
        0.32823794441878984,
        0.2449312268248927
      ],
      "std_mse_per_output": [
        0.0,
        0.0,
        0.0
      ],
      "mean_train_loss": null,
      "window_size": 1.0,
      "num_seeds": 1,
      "mean_prediction_variance_per_output": [
        NaN,
        NaN,
        NaN
      ],
      "std_prediction_variance_per_output": [
        NaN,
        NaN,
        NaN
      ]
    },
    {
      "iteration": 1,
      "total_samples_seen": 187.0,
      "samples_added": 187.0,
      "training_samples": 9350.0,
      "mean_total_mse": 0.03170933994642565,
      "std_total_mse": 0.0,
      "mean_mse_per_output": [
        0.0005511587944575328,
        0.029888151482727537,
        0.001270029669240582
      ],
      "std_mse_per_output": [
        0.0,
        0.0,
        0.0
      ],
      "mean_train_loss": 0.0219632443281201,
      "window_size": 1.0,
      "num_seeds": 1,
      "mean_prediction_variance_per_output": [
        0.0001746176421875134,
        0.0006849506753496826,
        0.0003320164396427572
      ],
      "std_prediction_variance_per_output": [
        0.0,
        0.0,
        0.0
      ]
    },
    {
      "iteration": 2,