{
  "pipeline_name": "sample_efficiency_400per_iter_shrink1",
  "timestamp": "2025-12-01 22:26:09",
  "config": {
    "model_type": "NeuralNetModel",
    "model_params": "{'input_size': 6, 'output_size': 3, 'hidden_sizes': (64, 32), 'activation': 'tanh', 'learning_rate': 0.001, 'model_name': 'adaptive_batch_sampling_nn', 'seed': 42}",
    "n_iterations": 3,
    "samples_per_iteration": 400,
    "n_epochs": 50,
    "batch_size": 16,
    "initial_window_size": 1.0,
    "shrink_rate": 1,
    "num_seeds": 1,
    "window_type": "output",
    "use_model_prediction": false,
    "remove_first_pool_each_iteration": false,
    "num_pool_datasets": 25,
    "pool_samples_per_dataset": [
      4000,
      3000,
      1000,
      2500,
      2500,
      2500,
      500,
      2000,
      2500,
      2525,
      2550,
      2575,
      2000,
      2600,
      2550,
      2575,
      2600,
      2500,
      2525,
      1500,
      2700,
      2700,
      2000,
      2750,
      2750
    ],
    "total_pool_samples": 59900,
    "test_samples": 1
  },
  "data_info": {},
  "training_info": {},
  "evaluation": {},
  "raw_results": {
    "all_seed_results": [
      [
        {
          "iteration": 0,
          "seed": 42,
          "total_samples_seen": 0,
          "samples_added": 0,
          "mse_per_output": [
            0.5993477555736278,
            0.2971975857947789,
            0.34931573176184927
          ],
          "total_mse": 1.2458610731302562,
          "window_size": 1.0,
          "center_point": [
            0.5000038227775604,
            0.5003280052336098,
            0.500042579988823
          ],
          "pools_used": [],
          "avg_train_loss": null,
          "prediction_variance": [
            NaN,
            NaN,
            NaN
          ]
        },
        {
          "iteration": 1,
          "seed": 42,
          "total_samples_seen": 400,
          "samples_added": 400,
          "mse_per_output": [
            0.0002319726260068509,
            7.984440842712162e-05,
            1.5107765864191824e-05
          ],
          "total_mse": 0.00032692480029816436,
          "window_size": 1.0,
          "center_point": [
            0.5000038227775604,
            0.5003280052336098,
            0.500042579988823
          ],
          "pools_used": [
            0
          ],
          "avg_train_loss": 0.01887467315997928,
          "epoch_losses": [
            0.2237475983798504,
            0.040773176774382594,
            0.028997571766376497,
            0.025134884119033814,
            0.023227502480149268,
            0.022077146470546722,
            0.020648848302662372,
            0.019223233573138713,
            0.01832419741898775,
            0.01801772590726614,
            0.017037562169134615,
            0.016757759228348733,
            0.016351109854876995,
            0.016086982563138008,
            0.01608690232038498,
            0.01601472169160843,
            0.01558259166777134,
            0.015737436916679143,
            0.015616402514278888,
            0.01525524541735649,
            0.015059136971831321,
            0.014860744215548038,
            0.015193904116749764,
            0.015045210346579551,
            0.015081932432949544,
            0.014095154218375682,
            0.013946760464459657,
            0.013918583132326603,
            0.014485983550548554,
            0.013086291626095772,
            0.012830012701451779,
            0.012358828075230121,
            0.011844128519296646,
            0.011675347331911326,
            0.01149334955960512,
            0.011695447079837322,
            0.011244096085429192,
            0.010112545769661665,
            0.009766149949282408,
            0.009611018430441619,
            0.00993505960330367,
            0.009480055663734674,
            0.00945073826238513,
            0.008757175533100963,
            0.008502993704751135,
            0.008592481315135956,
            0.00798251822590828,
            0.007723533576354385,
            0.007768697831779719,
            0.007437180168926716
          ],
          "prediction_variance": [
            NaN,
            NaN,
            NaN
          ],
          "test_predictions_scaled": [
            [
              0.5152344703674316,
              0.5092635750770569,
              0.496155709028244
            ]
          ],
          "test_true_scaled": [
            [
              0.5000038227775604,
              0.5003280052336098,
              0.500042579988823
            ]
          ]
        },
        {
          "iteration": 2,
          "seed": 42,
          "total_samples_seen": 800,
          "samples_added": 400,
          "mse_per_output": [
            0.0005519062870732784,
            0.0012196878316655237,
            3.076022267193408e-05
          ],
          "total_mse": 0.0018023543414107362,
          "window_size": 1.0,
          "center_point": [
            0.5000038227775604,
            0.5003280052336098,
            0.500042579988823
          ],
          "pools_used": [
            0
          ],
          "avg_train_loss": 0.0036368676456157117,
          "epoch_losses": [
            0.007898941915482283,
            0.007787822149693966,
            0.007612409014254809,
            0.007471545990556478,
            0.00718847312964499,
            0.00686175343580544,
            0.007836185712367296,
            0.006455664723180234,
            0.005993248224258423,
            0.00635793392546475,
            0.0058829599432647225,
            0.005255386689677835,
            0.005452678548172116,
            0.0050255730375647545,
            0.004913773024454713,
            0.004554264862090349,
            0.004402502868324518,
            0.0040341231692582365,
            0.004016462154686451,
            0.00385959611274302,
            0.003199701327830553,
            0.003504335852339864,
            0.003622876154258847,
            0.003024665950797498,
            0.0026824279967695474,
            0.002515225554816425,
            0.0023938229912891986,
            0.0023720536381006243,
            0.0024890389014035463,
            0.00210355726769194,
            0.0020735011366195977,
            0.0019958036206662653,
            0.002059472657274455,
            0.001961419680155814,
            0.00186515964102,
            0.0017976380744948984,
            0.0018863506219349803,
            0.0019184340559877456,
            0.0018972504185512662,
            0.001664921792689711,
            0.0020161721878685056,
            0.001741742305457592,
            0.001560489134863019,
            0.001759545635432005,
            0.0014132255548611283,
            0.0014504995080642403,
            0.00143183222040534,
            0.0018154020002111792,
            0.0014223985699936747,
            0.0013431191979907454
          ],
          "prediction_variance": [
            NaN,
            NaN,
            NaN
          ],
          "test_predictions_scaled": [
            [
              0.5234965085983276,
              0.535252034664154,
              0.5055887699127197
            ]
          ],
          "test_true_scaled": [
            [
              0.5000038227775604,
              0.5003280052336098,
              0.500042579988823
            ]
          ]
        },
        {
          "iteration": 3,
          "seed": 42,
          "total_samples_seen": 1200,
          "samples_added": 400,
          "mse_per_output": [
            0.000909205099815724,
            0.0026891230740728033,
            1.5605618833512202e-05
          ],
          "total_mse": 0.0036139337927220396,
          "window_size": 1.0,
          "center_point": [
            0.5000038227775604,
            0.5003280052336098,
            0.500042579988823
          ],
          "pools_used": [
            0
          ],
          "avg_train_loss": 0.0012491048783063888,