{
  "pipeline_name": "sample_efficiency_1500samples_6iters",
  "timestamp": "2025-11-07 18:33:32",
  "config": {
    "model_type": "NeuralNetModel",
    "model_params": "{'input_size': 6, 'output_size': 3, 'hidden_sizes': (64, 32), 'activation': 'tanh', 'learning_rate': 0.001, 'model_name': 'adaptive_batch_sampling_nn'}",
    "n_iterations": 6,
    "samples_per_iteration": 250,
    "n_epochs": 50,
    "batch_size": 16,
    "initial_window_size": 1.0,
    "shrink_rate": 0.1,
    "num_seeds": 1,
    "window_type": "output",
    "use_model_prediction": true,
    "num_pool_datasets": 7,
    "pool_samples_per_dataset": [
      4000,
      1000,
      2500,
      500,
      2000,
      1500,
      2000
    ],
    "total_pool_samples": 13500,
    "test_samples": 1
  },
  "data_info": {},
  "training_info": {},
  "evaluation": {},
  "raw_results": {
    "all_seed_results": [
      [
        {
          "iteration": 0,
          "seed": 42,
          "total_samples_seen": 0,
          "samples_added": 0,
          "mse_per_output": [
            0.2747838048964353,
            0.19764087366759658,
            0.08245430264584867
          ],
          "total_mse": 0.5548789812098806,
          "window_size": 1.0,
          "center_point": [
            0.5000038227775604,
            0.5003280052336098,
            0.500042579988823
          ],
          "pool_idx": null,
          "avg_train_loss": null,
          "prediction_variance": [
            NaN,
            NaN,
            NaN
          ]
        },
        {
          "iteration": 1,
          "seed": 42,
          "total_samples_seen": 250,
          "samples_added": 250,
          "mse_per_output": [
            0.0011509210399717601,
            0.005511218907011458,
            0.0005371349005920192
          ],
          "total_mse": 0.007199274847575238,
          "window_size": 1.0,
          "center_point": [
            0.5000038227775604,
            0.5003280052336098,
            0.500042579988823
          ],
          "pool_idx": 0,
          "avg_train_loss": 0.018298170329653658,
          "epoch_losses": [
            0.12725745770148933,
            0.048011595383286476,
            0.03462821140419692,
            0.029179859207943082,
            0.025366845540702343,
            0.022716127277817577,
            0.021074238349683583,
            0.019978149619419128,
            0.018595954461488873,
            0.017310752300545573,
            0.016512254485860467,
            0.016862872114870697,
            0.01622163876891136,
            0.015434922883287072,
            0.01548512073350139,
            0.015276131394784898,
            0.015069479821249843,
            0.0150198659976013,
            0.0155992730287835,
            0.015515772043727338,
            0.015032119525130838,
            0.014755077892914414,
            0.014414874953217804,
            0.014500516117550433,
            0.01457640848821029,
            0.014707434515003115,
            0.014476948912488297,
            0.014134309138171375,
            0.013751222111750394,
            0.01397318096132949,
            0.013704673881875351,
            0.014476126409135759,
            0.01326115895062685,
            0.014098205196205527,
            0.012868619582150131,
            0.013247923809103668,
            0.01249476324301213,
            0.012670786119997501,
            0.012247422710061073,
            0.013675612164661288,
            0.013220127060776576,
            0.013187561591621488,
            0.011925392871489748,
            0.011354563874192536,
            0.01153047545813024,
            0.011705809156410396,
            0.010940864071017131,
            0.011379445000784472,
            0.010960815590806305,
            0.010519554605707526
          ],
          "prediction_variance": [
            0.00015077140415087342,
            0.001285703619942069,
            0.0003397758409846574
          ]
        },
        {
          "iteration": 2,
          "seed": 42,
          "total_samples_seen": 500,
          "samples_added": 250,
          "mse_per_output": [
            1.5625987326105632e-05,
            0.0008813030132317033,
            3.890947917533275e-06
          ],
          "total_mse": 0.0009008199484753423,
          "window_size": 0.1,
          "center_point": [
            0.5339290499687195,
            0.574565589427948,
            0.5232187509536743
          ],
          "pool_idx": 2,
          "avg_train_loss": 6.830163825270574e-05,
          "epoch_losses": [
            0.00044707734377880115,
            0.00016425347052972938,
            8.531528669664112e-05,
            7.252502382470993e-05,
            6.309577247520792e-05,
            6.123602815932827e-05,
            6.47281574401859e-05,
            6.029313283306692e-05,
            6.186545488162665e-05,
            5.6804588666636846e-05,
            7.044774440601032e-05,
            6.64608191982552e-05,
            5.748196053900756e-05,
            5.9202073543929146e-05,
            5.707281616196269e-05,
            5.6548946758994134e-05,
            5.6618909184180666e-05,
            5.736408729717368e-05,
            5.4449851518256764e-05,
            5.4873314411452156e-05,
            5.407160335835215e-05,
            6.121553337834484e-05,
            5.895172944292426e-05,
            6.0051366290281294e-05,
            5.3838455642107874e-05,
            5.257476016140572e-05,
            5.313606061463361e-05,
            5.3595896361002815e-05,
            5.384259895890864e-05,
            6.194201739617711e-05,
            5.833364161844656e-05,
            5.36766831373825e-05,
            5.2669890010292875e-05,
            5.144321050920553e-05,
            5.422488413842075e-05,
            5.1363105399104825e-05,
            5.44592264759558e-05,
            6.336070487122925e-05,
            6.126662037786446e-05,
            5.840821393121587e-05,
            5.467585879159742e-05,
            5.1111125458191964e-05,
            4.919482319110102e-05,
            5.0645263968363e-05,
            5.2081772537349025e-05,
            5.6183633432738134e-05,
            5.105731418098003e-05,
            5.2077537702643895e-05,
            7.212380137389118e-05,
            7.578979762001836e-05
          ],
          "prediction_variance": [
            9.882445510811522e-07,
            2.171039886889048e-05,
            5.805784439871786e-07
          ]
        }
      ]
    ]
  },
  "aggregated_results": [
    {
      "iteration": 0,
      "total_samples_seen": 0.0,
      "samples_added": 0.0,
      "training_samples": 0,
      "mean_total_mse": 0.5548789812098806,
      "std_total_mse": 0.0,
      "mean_mse_per_output": [
        0.2747838048964353,
        0.19764087366759658,
        0.08245430264584867
      ],
      "std_mse_per_output": [
        0.0,
        0.0,
        0.0
      ],
      "mean_train_loss": null,
      "window_size": 1.0,
      "num_seeds": 1,
      "mean_prediction_variance_per_output": [
        NaN,
        NaN,
        NaN
      ],
      "std_prediction_variance_per_output": [
        NaN,
        NaN,
        NaN
      ]
    },
    {
      "iteration": 1,
      "total_samples_seen": 250.0,
      "samples_added": 250.0,
      "training_samples": 12500.0,
      "mean_total_mse": 0.007199274847575238,
      "std_total_mse": 0.0,
      "mean_mse_per_output": [
        0.0011509210399717601,
        0.005511218907011458,
        0.0005371349005920192
      ],
      "std_mse_per_output": [
        0.0,
        0.0,
        0.0
      ],
      "mean_train_loss": 0.018298170329653658,
      "window_size": 1.0,
      "num_seeds": 1,
      "mean_prediction_variance_per_output": [
        0.00015077140415087342,
        0.001285703619942069,
        0.0003397758409846574
      ],
      "std_prediction_variance_per_output": [
        0.0,
        0.0,
        0.0
      ]
    },
    {
      "iteration": 2,