{
  "pipeline_name": "sample_efficiency_400samples_4iters",
  "timestamp": "2025-11-07 17:35:01",
  "config": {
    "model_type": "NeuralNetModel",
    "model_params": "{'input_size': 6, 'output_size': 3, 'hidden_sizes': (64, 32), 'activation': 'tanh', 'learning_rate': 0.001, 'model_name': 'adaptive_batch_sampling_nn'}",
    "n_iterations": 4,
    "samples_per_iteration": 100,
    "n_epochs": 50,
    "batch_size": 16,
    "initial_window_size": 1.0,
    "shrink_rate": 0.3,
    "num_seeds": 1,
    "window_type": "output",
    "use_model_prediction": true,
    "num_pool_datasets": 7,
    "pool_samples_per_dataset": [
      4000,
      1000,
      2500,
      500,
      2000,
      1500,
      2000
    ],
    "total_pool_samples": 13500,
    "test_samples": 1
  },
  "data_info": {},
  "training_info": {},
  "evaluation": {},
  "raw_results": {
    "all_seed_results": [
      [
        {
          "iteration": 0,
          "seed": 42,
          "total_samples_seen": 0,
          "samples_added": 0,
          "mse_per_output": [
            0.20552344666956882,
            0.5273867196394445,
            0.3493489966838153
          ],
          "total_mse": 1.0822591629928286,
          "window_size": 1.0,
          "center_point": [
            0.5000038227775604,
            0.5003280052336098,
            0.500042579988823
          ],
          "pool_idx": null,
          "avg_train_loss": null,
          "prediction_variance": [
            NaN,
            NaN,
            NaN
          ]
        },
        {
          "iteration": 1,
          "seed": 42,
          "total_samples_seen": 100,
          "samples_added": 100,
          "mse_per_output": [
            0.0007350314053422767,
            0.03575954127596901,
            0.0007622386797966232
          ],
          "total_mse": 0.03725681136110791,
          "window_size": 1.0,
          "center_point": [
            0.5000038227775604,
            0.5003280052336098,
            0.500042579988823
          ],
          "pool_idx": 0,
          "avg_train_loss": 0.03464338893203863,
          "epoch_losses": [
            0.4505945827279772,
            0.17971471058470861,
            0.06340324719037328,
            0.046854689717292786,
            0.05172796281320708,
            0.04206957508410726,
            0.035500463364379745,
            0.03626169690064022,
            0.03285273031464645,
            0.030359981847660884,
            0.028704389663679258,
            0.0278928955750806,
            0.026078058938894953,
            0.02390369081071445,
            0.023996710245098387,
            0.02289202463413988,
            0.022255604288407733,
            0.02157227668379034,
            0.020847814423697337,
            0.021009170583316257,
            0.019944003650120327,
            0.01895035563835076,
            0.01844899675675801,
            0.01848665970776762,
            0.02002191516969885,
            0.01771612837910652,
            0.017328657742057527,
            0.017508309866700853,
            0.016408181017530814,
            0.018940230033227375,
            0.01772896240332297,
            0.017680375836789608,
            0.01609444259000676,
            0.017210757359862328,
            0.017181402471448694,
            0.017595107134963785,
            0.017214300776166574,
            0.016685531607695987,
            0.017181622529668466,
            0.016769617396805967,
            0.016460759166095938,
            0.016738204950732843,
            0.01565512003643172,
            0.01842488375093256,
            0.016789929675204412,
            0.01654897164553404,
            0.01643016122813736,
            0.016863495244511535,
            0.017322470167917863,
            0.017347616276570728
          ],
          "prediction_variance": [
            0.000919098500162363,
            0.00012880188296549022,
            0.00022189963783603162
          ]
        },
        {
          "iteration": 2,
          "seed": 42,
          "total_samples_seen": 200,
          "samples_added": 100,
          "mse_per_output": [
            0.001147902003351181,
            0.04465308675243431,
            0.0003283311003039226
          ],
          "total_mse": 0.04612931985608942,
          "window_size": 0.3,
          "center_point": [
            0.5271152853965759,
            0.6894299387931824,
            0.5276512503623962
          ],
          "pool_idx": 0,
          "avg_train_loss": 0.003433361491354715,
          "epoch_losses": [
            0.0042050305221761975,
            0.0035260694567114115,
            0.0038274388228143963,
            0.0034647471537547453,
            0.0034471364758376566,
            0.003484099404886365,
            0.0035712304525077343,
            0.003526022591228996,
            0.0033848844801208804,
            0.0035765152757189105,
            0.0033835746414427248,
            0.0035015415134174483,
            0.0034132926126143764,
            0.0038113920683307306,
            0.0033732409522469553,
            0.00368309164020632,
            0.003163520812190005,
            0.003392913844436407,
            0.00313675802733217,
            0.0034987820378903833,
            0.0034532964429152863,
            0.003205210136781846,
            0.003502876963466406,
            0.003087527842061328,
            0.0032583377157737103,
            0.003460659146574991,
            0.0036238339796130148,
            0.0033628730702080895,
            0.0033128236952636924,
            0.0033582330215722322,
            0.003372562284182225,
            0.0034420459664293696,
            0.003517324504043375,
            0.003341722335400326,
            0.0033808687169636998,
            0.003173796543186264,
            0.0033303259073623587,
            0.0032163249062640326,
            0.0034574029767619713,
            0.0033039632585964034,
            0.003660694629486118,
            0.00327305994661791,
            0.0038032158211405787,
            0.003370417281985283,
            0.003380518572937165,
            0.003433155727439693,
            0.0034881337279719965,
            0.0032107323640957475,
            0.0032447982645992723,
            0.0032700560321765287
          ],
          "prediction_variance": [
            3.1345280149253085e-06,
            6.363623106153682e-05,
            4.2604446207406e-05
          ]
        },
        {
          "iteration": 3,
          "seed": 42,
          "total_samples_seen": 209,
          "samples_added": 9,
          "mse_per_output": [
            0.0011437739323190313,
            0.04228725281345987,
            0.00011366419893837424
          ],
          "total_mse": 0.043544690944717274,
          "window_size": 0.09,
          "center_point": [
            0.5338845252990723,
            0.7116407752037048,
            0.5181624889373779
          ],
          "pool_idx": 6,
          "avg_train_loss": 0.0004669907287461683,