{
  "pipeline_name": "sample_efficiency_400per_iter_shrink1",
  "timestamp": "2025-12-08 10:45:11",
  "config": {
    "model_type": "NeuralNetModel",
    "model_params": "{'input_size': 6, 'output_size': 3, 'hidden_sizes': (64, 32), 'activation': 'tanh', 'learning_rate': 0.001, 'model_name': 'adaptive_batch_sampling_nn', 'seed': 42}",
    "n_iterations": 2,
    "samples_per_iteration": 400,
    "n_epochs": 50,
    "batch_size": 16,
    "initial_window_size": 2.0,
    "shrink_rate": 1,
    "num_seeds": 1,
    "window_type": "output",
    "use_model_prediction": false,
    "remove_first_pool_each_iteration": false,
    "num_pool_datasets": 1,
    "pool_samples_per_dataset": [
      4000
    ],
    "total_pool_samples": 4000,
    "test_samples": 1
  },
  "data_info": {},
  "training_info": {},
  "evaluation": {},
  "raw_results": {
    "all_seed_results": [
      [
        {
          "iteration": 0,
          "seed": 42,
          "total_samples_seen": 0,
          "samples_added": 0,
          "mse_per_output": [
            0.5993477555736278,
            0.2971975857947789,
            0.34931573176184927
          ],
          "total_mse": 1.2458610731302562,
          "window_size": 2.0,
          "center_point": [
            0.5000038227775604,
            0.5003280052336098,
            0.500042579988823
          ],
          "pools_used": [],
          "avg_train_loss": null,
          "prediction_variance": [
            NaN,
            NaN,
            NaN
          ]
        },
        {
          "iteration": 1,
          "seed": 42,
          "total_samples_seen": 400,
          "samples_added": 400,
          "mse_per_output": [
            0.0006569880081958706,
            0.0001380998977499113,
            0.00016898112234062845
          ],
          "total_mse": 0.0009640690282864103,
          "window_size": 2.0,
          "center_point": [
            0.3332522288524732,
            0.3333525341748696,
            0.7500616981603151
          ],
          "pools_used": [
            0
          ],
          "avg_train_loss": 0.021912735749036072,
          "epoch_losses": [
            0.19980007469654082,
            0.04759457349777221,
            0.034927207753062246,
            0.029701603800058363,
            0.026764093488454817,
            0.024783379659056665,
            0.023630481362342835,
            0.02220152035355568,
            0.021398923173546792,
            0.021165361404418947,
            0.020947641469538213,
            0.020912020690739153,
            0.020875646583735943,
            0.020325861368328334,
            0.020265083089470864,
            0.01999521307647228,
            0.020188089348375796,
            0.02043370086699724,
            0.01953623253852129,
            0.01944463673979044,
            0.018958023749291897,
            0.019281944334506987,
            0.01857863400131464,
            0.018849226534366607,
            0.017962785623967647,
            0.01794575113803148,
            0.017336136624217034,
            0.01701798092573881,
            0.016983461305499076,
            0.01642282661050558,
            0.016093931943178177,
            0.01617256760597229,
            0.015601828731596469,
            0.014912391602993012,
            0.014260175116360187,
            0.013887132070958614,
            0.013374608829617501,
            0.013076126873493195,
            0.013529368471354246,
            0.01239376338198781,
            0.012789971195161343,
            0.012541427612304687,
            0.012167913950979709,
            0.011646129805594683,
            0.012468308098614217,
            0.012515543550252915,
            0.01122555261477828,
            0.011014354974031448,
            0.011017255540937186,
            0.010720319673418998
          ],
          "prediction_variance": [
            NaN,
            NaN,
            NaN
          ],
          "test_predictions_scaled": [
            [
              0.5256356000900269,
              0.5120795965194702,
              0.5130418539047241
            ]
          ],
          "test_true_scaled": [
            [
              0.5000038227775604,
              0.5003280052336098,
              0.500042579988823
            ]
          ]
        },
        {
          "iteration": 2,
          "seed": 42,
          "total_samples_seen": 800,
          "samples_added": 400,
          "mse_per_output": [
            0.0007996983794409852,
            0.0004660531866787919,
            9.020252591641671e-05
          ],
          "total_mse": 0.001355954092036194,
          "window_size": 2.0,
          "center_point": [
            0.5000038227775604,
            0.5003280052336098,
            0.500042579988823
          ],
          "pools_used": [
            0
          ],
          "avg_train_loss": 0.004426385318441316,
          "epoch_losses": [
            0.008543790206313134,
            0.008762504942715167,
            0.008955265879631042,
            0.0082508909329772,
            0.007473150650039315,
            0.007267392668873072,
            0.006967526413500309,
            0.0068509859777987,
            0.0067489098571240904,
            0.006686130063608289,
            0.0060351195372641084,
            0.006616696882992983,
            0.005900890436023474,
            0.005513607067987323,
            0.005515614235773683,
            0.005136953927576542,
            0.004918515002354979,
            0.004636834226548672,
            0.00451658702455461,
            0.004634467288851738,
            0.004122409392148256,
            0.003943892121315002,
            0.0038243715139105916,
            0.0036336927721276877,
            0.0038651929423213004,
            0.003543074047192931,
            0.0037310002744197846,
            0.004070428439881653,
            0.003354621068574488,
            0.0033272298239171503,
            0.003328258735127747,
            0.0029277367237955333,
            0.002804350615479052,
            0.003981107128784061,
            0.0027528406493365766,
            0.002852281490340829,
            0.0024781653308309616,
            0.0025470600579865278,
            0.0033686628798022867,
            0.0030908697098493577,
            0.0025744854472577574,
            0.0026127929519861935,
            0.0024082518299110233,
            0.0022380102099850774,
            0.0024006333178840577,
            0.0022781451791524885,
            0.0025046164006926118,
            0.002411473039537668,
            0.0023371723620221017,
            0.0020746062439866366
          ],
          "prediction_variance": [
            NaN,
            NaN,
            NaN
          ],
          "test_predictions_scaled": [
            [
              0.5282827615737915,
              0.5219162702560425,
              0.5095400810241699
            ]
          ],
          "test_true_scaled": [
            [
              0.5000038227775604,
              0.5003280052336098,
              0.500042579988823
            ]
          ]
        }
      ]
    ]
  },
  "aggregated_results": [
    {
      "iteration": 0,
      "total_samples_seen": 0.0,
      "samples_added": 0.0,
      "training_samples": 0,
      "mean_total_mse": 1.2458610731302562,
      "std_total_mse": 0.0,
      "mean_mse_per_output": [
        0.5993477555736278,
        0.2971975857947789,
        0.34931573176184927
      ],
      "std_mse_per_output": [
        0.0,
        0.0,
        0.0
      ],
      "mean_train_loss": null,
      "window_size": 2.0,
      "num_seeds": 1,
      "mean_prediction_variance_per_output": [
        NaN,
        NaN,
        NaN
      ],
      "std_prediction_variance_per_output": [
        NaN,
        NaN,
        NaN
      ]
    },
    {
      "iteration": 1,
      "total_samples_seen": 400.0,
      "samples_added": 400.0,
      "training_samples": 20000.0,
      "mean_total_mse": 0.0009640690282864103,