{
  "pipeline_name": "sample_efficiency_2000samples_1iters",
  "timestamp": "2025-11-08 10:14:16",
  "config": {
    "model_type": "NeuralNetModel",
    "model_params": "{'input_size': 6, 'output_size': 3, 'hidden_sizes': (64, 32), 'activation': 'tanh', 'learning_rate': 0.001, 'model_name': 'adaptive_batch_sampling_nn'}",
    "n_iterations": 1,
    "samples_per_iteration": 2000,
    "n_epochs": 50,
    "batch_size": 16,
    "initial_window_size": 1.0,
    "shrink_rate": 0.2,
    "num_seeds": 5,
    "window_type": "output",
    "use_model_prediction": true,
    "num_pool_datasets": 9,
    "pool_samples_per_dataset": [
      4000,
      3000,
      1000,
      2500,
      500,
      2000,
      2000,
      1500,
      2000
    ],
    "total_pool_samples": 18500,
    "test_samples": 1
  },
  "data_info": {},
  "training_info": {},
  "evaluation": {},
  "raw_results": {
    "all_seed_results": [
      [
        {
          "iteration": 0,
          "seed": 42,
          "total_samples_seen": 0,
          "samples_added": 0,
          "mse_per_output": [
            0.4838859108189745,
            0.10562510904819865,
            0.27470909546148015
          ],
          "total_mse": 0.8642201153286533,
          "window_size": 1.0,
          "center_point": [
            0.5000038227775604,
            0.5003280052336098,
            0.500042579988823
          ],
          "pools_used": [],
          "avg_train_loss": null,
          "prediction_variance": [
            NaN,
            NaN,
            NaN
          ]
        },
        {
          "iteration": 1,
          "seed": 42,
          "total_samples_seen": 2000,
          "samples_added": 2000,
          "mse_per_output": [
            3.8463208479782185e-05,
            0.0002658733924638429,
            0.00037383969492529927
          ],
          "total_mse": 0.0006781762958689244,
          "window_size": 1.0,
          "center_point": [
            0.5000038227775604,
            0.5003280052336098,
            0.500042579988823
          ],
          "pools_used": [
            0
          ],
          "avg_train_loss": 0.004464865331621841,
          "epoch_losses": [
            0.05445656076073647,
            0.017890014082193376,
            0.015239784650504589,
            0.01444104914367199,
            0.013388100046664476,
            0.0116185841858387,
            0.010628292188048363,
            0.00917452346533537,
            0.008521440763026475,
            0.007293461380526423,
            0.006983110529370606,
            0.005508068073540926,
            0.004141821829602123,
            0.0034594825012609362,
            0.0025917210262268783,
            0.0020980902016162874,
            0.0021781864650547503,
            0.0017371875355020165,
            0.0019109213040210307,
            0.0015095727059524506,
            0.0016604333873838186,
            0.001436951217474416,
            0.0014704537759535014,
            0.0012982996755745262,
            0.00129814670025371,
            0.0011985641825012863,
            0.0011640267472248524,
            0.0010661250825505703,
            0.0011960218187887222,
            0.0011355769409565255,
            0.0010415153305511921,
            0.0010737565651070327,
            0.0010262693640543147,
            0.000974323551170528,
            0.0010379425010178238,
            0.0010455877808853984,
            0.0009421975931618363,
            0.0007597573234234005,
            0.0007047141771763563,
            0.0008244813204510138,
            0.0006853233590954915,
            0.00077913117792923,
            0.0007121698298724368,
            0.000627180133247748,
            0.0005689458360429853,
            0.0005273996733594686,
            0.000503787292749621,
            0.0006198727646842599,
            0.0005809850479708984,
            0.0005133535917848348
          ],
          "prediction_variance": [
            3.8026115362299606e-05,
            0.001690952107310295,
            7.945097604533657e-05
          ]
        }
      ],
      [
        {
          "iteration": 0,
          "seed": 43,
          "total_samples_seen": 0,
          "samples_added": 0,
          "mse_per_output": [
            0.627026766664093,
            0.14880854362266635,
            0.20471510137670948
          ],
          "total_mse": 0.9805504116634688,
          "window_size": 1.0,
          "center_point": [
            0.5000038227775604,
            0.5003280052336098,
            0.500042579988823
          ],
          "pools_used": [],
          "avg_train_loss": null,
          "prediction_variance": [
            NaN,
            NaN,
            NaN
          ]
        },
        {
          "iteration": 1,
          "seed": 43,
          "total_samples_seen": 2000,
          "samples_added": 2000,
          "mse_per_output": [
            5.4637860619560045e-05,
            0.0013889513588037211,
            5.464221484804733e-06
          ],
          "total_mse": 0.001449053440908086,
          "window_size": 1.0,
          "center_point": [
            0.5000038227775604,
            0.5003280052336098,
            0.500042579988823
          ],
          "pools_used": [
            0
          ],
          "avg_train_loss": 0.0050394746382487945,
          "epoch_losses": [
            0.05772240650653839,
            0.019521411061286926,
            0.016105856329202653,
            0.015219179160892963,
            0.01439932955056429,
            0.013649876821786165,
            0.012247812665998935,
            0.0109509391002357,
            0.009409010719507933,
            0.008927774898707866,
            0.008124565158039332,
            0.007276523448526859,
            0.006709652492776513,
            0.005202054439112544,
            0.0040259929802268744,
            0.0032869751770049334,
            0.002923860950395465,
            0.0025225712591782213,
            0.0021059057880192995,
            0.0020135841011069714,
            0.001813881132286042,
            0.00173144142748788,
            0.0015478868195787073,
            0.0015216685205232353,
            0.001432572541758418,
            0.0013945104333106429,
            0.0012985131402965635,
            0.001250645348103717,
            0.0012613612040877342,
            0.0010929578363429754,
            0.0011563660292886197,
            0.0010499431481584907,
            0.0009332026867195964,
            0.0009395195082761347,
            0.0009309578344691545,
            0.0009024380319751799,
            0.0008935886687831953,
            0.0008399492562748492,
            0.0008243168438784778,
            0.0007735072686336934,
            0.0006965494642499835,
            0.0007574235107749701,
            0.0006248819056199863,
            0.0005923986334819347,
            0.0005335210958728567,
            0.0005702616677153856,
            0.0007067417840007692,
            0.0004986086712451651,
            0.0005207071332260966,
            0.0005381277569103986
          ],
          "prediction_variance": [
            4.7006607928778976e-05,
            0.0008075692458078265,
            2.9374403311521746e-05
          ]
        }
      ],
      [
        {
          "iteration": 0,
          "seed": 44,
          "total_samples_seen": 0,
          "samples_added": 0,
          "mse_per_output": [
            0.2763400485577582,
            0.39038942132260623,
            0.49268557133399443
          ],
          "total_mse": 1.159415041214359,
          "window_size": 1.0,
          "center_point": [
            0.5000038227775604,
            0.5003280052336098,
            0.500042579988823
          ],
          "pools_used": [],
          "avg_train_loss": null,
          "prediction_variance": [
            NaN,
            NaN,
            NaN
          ]
        },
        {
          "iteration": 1,
          "seed": 44,
          "total_samples_seen": 2000,