{
  "pipeline_name": "sample_efficiency_1000samples_10iters",
  "timestamp": "2025-11-09 11:16:20",
  "config": {
    "model_type": "NeuralNetModel",
    "model_params": "{'input_size': 6, 'output_size': 3, 'hidden_sizes': (64, 32), 'activation': 'tanh', 'learning_rate': 0.001, 'model_name': 'adaptive_batch_sampling_nn'}",
    "n_iterations": 10,
    "samples_per_iteration": 100,
    "n_epochs": 50,
    "batch_size": 16,
    "initial_window_size": 1.0,
    "shrink_rate": 0.2,
    "num_seeds": 1,
    "window_type": "output",
    "use_model_prediction": true,
    "num_pool_datasets": 17,
    "pool_samples_per_dataset": [
      4000,
      3000,
      1000,
      2500,
      2500,
      2500,
      500,
      2000,
      2000,
      2600,
      2600,
      1500,
      2700,
      2700,
      2000,
      2750,
      2750
    ],
    "total_pool_samples": 39600,
    "test_samples": 1
  },
  "data_info": {},
  "training_info": {},
  "evaluation": {},
  "raw_results": {
    "all_seed_results": [
      [
        {
          "iteration": 0,
          "seed": 42,
          "total_samples_seen": 0,
          "samples_added": 0,
          "mse_per_output": [
            0.11750126605610434,
            0.23926789354162667,
            0.1523469420129551
          ],
          "total_mse": 0.5091161016106861,
          "window_size": 1.0,
          "center_point": [
            0.5000038227775604,
            0.5003280052336098,
            0.500042579988823
          ],
          "pools_used": [],
          "avg_train_loss": null,
          "prediction_variance": [
            NaN,
            NaN,
            NaN
          ]
        },
        {
          "iteration": 1,
          "seed": 42,
          "total_samples_seen": 100,
          "samples_added": 100,
          "mse_per_output": [
            0.00021044058375875238,
            0.017466425018808022,
            0.0003405058606721648
          ],
          "total_mse": 0.018017371463238938,
          "window_size": 1.0,
          "center_point": [
            0.5000038227775604,
            0.5003280052336098,
            0.500042579988823
          ],
          "pools_used": [
            0
          ],
          "avg_train_loss": 0.02722500271962157,
          "epoch_losses": [
            0.24362882652453013,
            0.08816606657845634,
            0.048358959811074395,
            0.052955073437520435,
            0.046343639492988586,
            0.03707108593412808,
            0.03359286540320942,
            0.032719674919332774,
            0.030351184042436734,
            0.027622596759881293,
            0.024941141850181987,
            0.023169559559651783,
            0.02135436928697995,
            0.021267930045723915,
            0.021515049040317535,
            0.018787684717348645,
            0.019620024732181003,
            0.017760306862848147,
            0.01874697208404541,
            0.01751560079199927,
            0.0185999884935362,
            0.017245685814746788,
            0.018550704499440535,
            0.017921057928885733,
            0.017764583895249025,
            0.018607556553823606,
            0.01641539065167308,
            0.01770306644695146,
            0.017187710319246565,
            0.017303272017410824,
            0.018388492055237293,
            0.017242797384304658,
            0.01618785916694573,
            0.01827114594302007,
            0.017349352927080224,
            0.016661130557102815,
            0.01612574008426496,
            0.016454258667571203,
            0.01618458516895771,
            0.01577623255018677,
            0.01678363819207464,
            0.017492817315672125,
            0.01587623025157622,
            0.016810803807207515,
            0.01836010747190033,
            0.016486992793423787,
            0.01719112760786499,
            0.01623211388609239,
            0.017378503855850016,
            0.01720857779894556
          ],
          "prediction_variance": [
            0.000747952435631305,
            0.0005320492200553417,
            0.00023156186216510832
          ]
        },
        {
          "iteration": 2,
          "seed": 42,
          "total_samples_seen": 200,
          "samples_added": 100,
          "mse_per_output": [
            0.0005447128723549955,
            0.020246900739401958,
            2.2881828890064758e-07
          ],
          "total_mse": 0.020791842430045854,
          "window_size": 0.2,
          "center_point": [
            0.5145103931427002,
            0.6324886083602905,
            0.5184953808784485
          ],
          "pools_used": [
            0,
            1
          ],
          "avg_train_loss": 0.00138091212737241,
          "epoch_losses": [
            0.001564145287764924,
            0.001584619641237493,
            0.001397914668944265,
            0.0013734287432661013,
            0.0013361101072015508,
            0.0013750745482476695,
            0.0016128148417919874,
            0.0013588535865502699,
            0.0014728562008323415,
            0.001268927606620959,
            0.0014731363127274172,
            0.0013971591667671288,
            0.0014186041496161903,
            0.0013357530032018466,
            0.001311535614409617,
            0.0013679495813058956,
            0.0013548963220923074,
            0.0012627397663891315,
            0.0013799142824219806,
            0.0014292679095108593,
            0.0013377311739272305,
            0.0013283414300531149,
            0.0013831219569380795,
            0.0014460344765601413,
            0.0014128193059670074,
            0.001288418924169881,
            0.0014886143783639585,
            0.001449034283203738,
            0.0013740015482263906,
            0.0013547919973331904,
            0.0013511154517930532,
            0.0013236447453631886,
            0.0013064422944028462,
            0.0013289842255679624,
            0.0012916117889939674,
            0.0014183931052684784,
            0.001413233345374465,
            0.0012858816854921834,
            0.001332373682609094,
            0.0014326225833169051,
            0.0013039151672273874,
            0.0013666846623112047,
            0.0013716330452423011,
            0.0013781306001224688,
            0.0013294668003384555,
            0.0013399655664605753,
            0.001376908937735217,
            0.001474297106532114,
            0.0013535380962171725,
            0.0013281526626087725
          ],
          "prediction_variance": [
            2.626597279231646e-06,
            3.249062137911096e-05,
            8.770404065217008e-07
          ]
        },
        {
          "iteration": 3,
          "seed": 42,
          "total_samples_seen": 204,
          "samples_added": 4,
          "mse_per_output": [
            0.0007309229052924103,
            0.017583742329355587,
            7.648067882401762e-06
          ],
          "total_mse": 0.018322313302530396,
          "window_size": 0.04000000000000001,
          "center_point": [
            0.5233429074287415,
            0.6426196098327637,
            0.4995642304420471
          ],
          "pools_used": [
            0,
            1
          ],
          "avg_train_loss": 3.93756409175694e-05,