{
  "pipeline_name": "sample_efficiency_400per_iter_shrink1",
  "timestamp": "2025-12-07 17:06:03",
  "config": {
    "model_type": "NeuralNetModel",
    "model_params": "{'input_size': 6, 'output_size': 3, 'hidden_sizes': (64, 32), 'activation': 'tanh', 'learning_rate': 0.001, 'model_name': 'adaptive_batch_sampling_nn', 'seed': 42}",
    "n_iterations": 5,
    "samples_per_iteration": 400,
    "n_epochs": 50,
    "batch_size": 16,
    "initial_window_size": 1,
    "shrink_rate": 1,
    "num_seeds": 1,
    "window_type": "output",
    "use_model_prediction": false,
    "remove_first_pool_each_iteration": false,
    "num_pool_datasets": 1,
    "pool_samples_per_dataset": [
      2000
    ],
    "total_pool_samples": 2000,
    "test_samples": 1
  },
  "data_info": {},
  "training_info": {},
  "evaluation": {},
  "raw_results": {
    "all_seed_results": [
      [
        {
          "iteration": 0,
          "seed": 42,
          "total_samples_seen": 0,
          "samples_added": 0,
          "mse_per_output": [
            0.5993477555736278,
            0.2971975857947789,
            0.34931573176184927
          ],
          "total_mse": 1.2458610731302562,
          "window_size": 1.0,
          "center_point": [
            0.5000038227775604,
            0.5003280052336098,
            0.500042579988823
          ],
          "pools_used": [],
          "avg_train_loss": null,
          "prediction_variance": [
            NaN,
            NaN,
            NaN
          ]
        },
        {
          "iteration": 1,
          "seed": 42,
          "total_samples_seen": 400,
          "samples_added": 400,
          "mse_per_output": [
            0.0002319726260068509,
            1.824873520884416e-06,
            0.00014386418255978562
          ],
          "total_mse": 0.00037766168208752096,
          "window_size": 1.0,
          "center_point": [
            0.5000038227775604,
            0.5003280052336098,
            0.500042579988823
          ],
          "pools_used": [
            0
          ],
          "avg_train_loss": 0.018180694240890444,
          "epoch_losses": [
            0.22383784770965576,
            0.0400634527951479,
            0.02896713972091675,
            0.02453246809542179,
            0.0221682932972908,
            0.020571886003017424,
            0.019010630249977113,
            0.01772454708814621,
            0.01672995921224356,
            0.01593623448163271,
            0.015690512508153915,
            0.015964298360049724,
            0.01519002389162779,
            0.015054957829415799,
            0.015319556146860123,
            0.014816541522741318,
            0.014901125729084015,
            0.014678630717098714,
            0.014671776220202446,
            0.01448391105979681,
            0.015282051041722297,
            0.01452590063214302,
            0.01395949611440301,
            0.01354547679424286,
            0.014067606367170811,
            0.013464847318828107,
            0.013222505934536458,
            0.013057134672999382,
            0.012492342721670865,
            0.012328732907772064,
            0.012083158735185862,
            0.013066876400262117,
            0.012044910360127687,
            0.011238058637827635,
            0.011356607284396887,
            0.010850005969405174,
            0.010365777555853129,
            0.010048041120171547,
            0.009968118891119957,
            0.009499679785221815,
            0.00932771949097514,
            0.008941830229014158,
            0.00831113563850522,
            0.008743550404906273,
            0.00795724768191576,
            0.008166829720139504,
            0.007771904543042183,
            0.007362711792811751,
            0.007584406957030296,
            0.008086253702640534
          ],
          "prediction_variance": [
            NaN,
            NaN,
            NaN
          ],
          "test_predictions_scaled": [
            [
              0.5152344703674316,
              0.5016788840293884,
              0.512036919593811
            ]
          ],
          "test_true_scaled": [
            [
              0.5000038227775604,
              0.5003280052336098,
              0.500042579988823
            ]
          ]
        },
        {
          "iteration": 2,
          "seed": 42,
          "total_samples_seen": 800,
          "samples_added": 400,
          "mse_per_output": [
            0.0008538767189445278,
            0.004078784555926728,
            0.00014633978032598763
          ],
          "total_mse": 0.005079001055197243,
          "window_size": 1.0,
          "center_point": [
            0.5000038227775604,
            0.5003280052336098,
            0.500042579988823
          ],
          "pools_used": [
            0
          ],
          "avg_train_loss": 0.0038180016411002732,
          "epoch_losses": [
            0.007645709253847599,
            0.007996489722281695,
            0.008098914176225663,
            0.007894174484536052,
            0.008750166073441505,
            0.007586421072483062,
            0.007802045913413167,
            0.006552527379244566,
            0.006984171066433191,
            0.006566357258707285,
            0.006083910120651126,
            0.0056460817623883485,
            0.005648443391546607,
            0.005267328387126327,
            0.004946150043979287,
            0.004890651041641832,
            0.00505219773389399,
            0.004719070894643664,
            0.004112789477221668,
            0.0038303380832076074,
            0.003686554031446576,
            0.0033834817074239252,
            0.003360259663313627,
            0.0032663179002702237,
            0.003296722872182727,
            0.0032228976115584373,
            0.0029379079630598424,
            0.002501508272252977,
            0.0023312531923875214,
            0.0022173614241182806,
            0.0020810913317836823,
            0.0022414163360372184,
            0.002468454670161009,
            0.0019362867926247418,
            0.0019353766529820859,
            0.0019220909476280212,
            0.00183016799390316,
            0.0017104489263147116,
            0.0015841870824806392,
            0.0015279996045865119,
            0.0015681087598204612,
            0.0015467386646196247,
            0.0021353416983038187,
            0.0019164035911671817,
            0.0013393718004226685,
            0.0014791793725453318,
            0.001378614748828113,
            0.0012613382958807052,
            0.001316938423551619,
            0.0014423243864439429
          ],
          "prediction_variance": [
            NaN,
            NaN,
            NaN
          ],
          "test_predictions_scaled": [
            [
              0.5292249917984009,
              0.5641933679580688,
              0.5121396780014038
            ]
          ],
          "test_true_scaled": [
            [
              0.5000038227775604,
              0.5003280052336098,
              0.500042579988823
            ]
          ]
        },
        {
          "iteration": 3,
          "seed": 42,
          "total_samples_seen": 1200,
          "samples_added": 400,
          "mse_per_output": [
            0.0009137686646456021,
            0.004124393467720396,
            8.591172154254472e-05
          ],
          "total_mse": 0.005124073853908543,
          "window_size": 1.0,
          "center_point": [
            0.5000038227775604,
            0.5003280052336098,
            0.500042579988823
          ],
          "pools_used": [
            0
          ],
          "avg_train_loss": 0.001225440803472884,