{
  "pipeline_name": "sample_efficiency_400samples_8iters",
  "timestamp": "2025-11-07 17:24:03",
  "config": {
    "model_type": "NeuralNetModel",
    "model_params": "{'input_size': 6, 'output_size': 3, 'hidden_sizes': (64, 32), 'activation': 'tanh', 'learning_rate': 0.001, 'model_name': 'adaptive_batch_sampling_nn'}",
    "n_iterations": 8,
    "samples_per_iteration": 50,
    "n_epochs": 50,
    "batch_size": 16,
    "initial_window_size": 1.0,
    "shrink_rate": 0.3,
    "num_seeds": 1,
    "window_type": "output",
    "use_model_prediction": true,
    "num_pool_datasets": 7,
    "pool_samples_per_dataset": [
      4000,
      1000,
      2500,
      500,
      2000,
      1500,
      2000
    ],
    "total_pool_samples": 13500,
    "test_samples": 1
  },
  "data_info": {},
  "training_info": {},
  "evaluation": {},
  "raw_results": {
    "all_seed_results": [
      [
        {
          "iteration": 0,
          "seed": 42,
          "total_samples_seen": 0,
          "samples_added": 0,
          "mse_per_output": [
            0.08652371577624611,
            0.13902665787573154,
            0.041495656320860386
          ],
          "total_mse": 0.26704602997283805,
          "window_size": 1.0,
          "center_point": [
            0.5000038227775604,
            0.5003280052336098,
            0.500042579988823
          ],
          "pool_idx": null,
          "avg_train_loss": null,
          "prediction_variance": [
            NaN,
            NaN,
            NaN
          ]
        },
        {
          "iteration": 1,
          "seed": 42,
          "total_samples_seen": 50,
          "samples_added": 50,
          "mse_per_output": [
            0.0014261155516780697,
            0.021894403579034116,
            0.00039613106101662364
          ],
          "total_mse": 0.02371665019172881,
          "window_size": 1.0,
          "center_point": [
            0.5000038227775604,
            0.5003280052336098,
            0.500042579988823
          ],
          "pool_idx": 0,
          "avg_train_loss": 0.027041084463708103,
          "epoch_losses": [
            0.17769896239042282,
            0.0728825549595058,
            0.041804739739745855,
            0.04822312481701374,
            0.048219598829746246,
            0.0458882600069046,
            0.035635530948638916,
            0.033961673732846975,
            0.03236550511792302,
            0.03280927939340472,
            0.025843776296824217,
            0.02976862248033285,
            0.026735900901257992,
            0.03406172525137663,
            0.025890388060361147,
            0.023609639145433903,
            0.026847657281905413,
            0.025717365089803934,
            0.025059054605662823,
            0.02347446884959936,
            0.019366227090358734,
            0.01871869876049459,
            0.02112900000065565,
            0.019347927998751402,
            0.01883558975532651,
            0.02676858752965927,
            0.02057926682755351,
            0.017612002789974213,
            0.019776748027652502,
            0.01775599247775972,
            0.016792516224086285,
            0.014624883886426687,
            0.01961653307080269,
            0.018502119928598404,
            0.01818349864333868,
            0.015550745883956552,
            0.014976116362959146,
            0.01835420122370124,
            0.015629864996299148,
            0.01418008771724999,
            0.015732501400634646,
            0.013485426781699061,
            0.015454452950507402,
            0.015610804548487067,
            0.013871393632143736,
            0.01604320853948593,
            0.016903097042813897,
            0.01467730849981308,
            0.013290302129462361,
            0.014187290566042066
          ],
          "prediction_variance": [
            0.0011747792595997453,
            0.0005302781937643886,
            0.00024833547649905086
          ]
        },
        {
          "iteration": 2,
          "seed": 42,
          "total_samples_seen": 100,
          "samples_added": 50,
          "mse_per_output": [
            0.0005849341053524393,
            0.028121787909336025,
            3.392600266627119e-05
          ],
          "total_mse": 0.028740648017354736,
          "window_size": 0.3,
          "center_point": [
            0.537767767906189,
            0.6482955813407898,
            0.5199456214904785
          ],
          "pool_idx": 0,
          "avg_train_loss": 0.003654971029477565,
          "epoch_losses": [
            0.0037813646194990724,
            0.004026785725727677,
            0.0033558152936166152,
            0.004416651790961623,
            0.0038377492455765605,
            0.003984196693636477,
            0.005367772013414651,
            0.004007099894806743,
            0.003847133950330317,
            0.004551994381472468,
            0.005007420666515827,
            0.0037420567241497338,
            0.003286832943558693,
            0.003775215183850378,
            0.003912643122021109,
            0.003221868653781712,
            0.004010747012216598,
            0.0034020773018710315,
            0.0037069074460305274,
            0.003067401237785816,
            0.0035596900270320475,
            0.0042527507757768035,
            0.003188541712006554,
            0.004053806245792657,
            0.003179496561642736,
            0.0028266363915463444,
            0.002907528236391954,
            0.003631260304246098,
            0.00298605440184474,
            0.0032000571954995394,
            0.0030889177578501403,
            0.003701999899931252,
            0.004575417144224048,
            0.003926972392946482,
            0.003698691027238965,
            0.004387331136967987,
            0.0026510836585202924,
            0.002937813726020977,
            0.004575118771754205,
            0.0031149693531915545,
            0.0034769217600114644,
            0.0033759339130483568,
            0.003694973769597709,
            0.0030452795908786356,
            0.003669757628813386,
            0.0032564199063926935,
            0.0036011170595884323,
            0.004007573123089969,
            0.003051870211493224,
            0.0028148338897153735
          ],
          "prediction_variance": [
            5.782306470791809e-05,
            0.0005391258746385574,
            1.894727574835997e-06
          ]
        },
        {
          "iteration": 3,
          "seed": 42,
          "total_samples_seen": 108,
          "samples_added": 8,
          "mse_per_output": [
            0.000883452028049847,
            0.03328371633391769,
            2.156852708412132e-05
          ],
          "total_mse": 0.034188736889051656,
          "window_size": 0.09,
          "center_point": [
            0.5241892337799072,
            0.6680235266685486,
            0.5058671832084656
          ],
          "pool_idx": 6,
          "avg_train_loss": 0.00022302191995549948,