{
  "pipeline_name": "sample_efficiency_600samples_4iters",
  "timestamp": "2025-11-07 17:32:57",
  "config": {
    "model_type": "NeuralNetModel",
    "model_params": "{'input_size': 6, 'output_size': 3, 'hidden_sizes': (64, 32), 'activation': 'tanh', 'learning_rate': 0.001, 'model_name': 'adaptive_batch_sampling_nn'}",
    "n_iterations": 4,
    "samples_per_iteration": 150,
    "n_epochs": 50,
    "batch_size": 16,
    "initial_window_size": 1.0,
    "shrink_rate": 0.3,
    "num_seeds": 1,
    "window_type": "output",
    "use_model_prediction": true,
    "num_pool_datasets": 7,
    "pool_samples_per_dataset": [
      4000,
      1000,
      2500,
      500,
      2000,
      1500,
      2000
    ],
    "total_pool_samples": 13500,
    "test_samples": 1
  },
  "data_info": {},
  "training_info": {},
  "evaluation": {},
  "raw_results": {
    "all_seed_results": [
      [
        {
          "iteration": 0,
          "seed": 42,
          "total_samples_seen": 0,
          "samples_added": 0,
          "mse_per_output": [
            0.07323934417041976,
            0.12405319691406223,
            0.4753270882485639
          ],
          "total_mse": 0.6726196293330459,
          "window_size": 1.0,
          "center_point": [
            0.5000038227775604,
            0.5003280052336098,
            0.500042579988823
          ],
          "pool_idx": null,
          "avg_train_loss": null,
          "prediction_variance": [
            NaN,
            NaN,
            NaN
          ]
        },
        {
          "iteration": 1,
          "seed": 42,
          "total_samples_seen": 150,
          "samples_added": 150,
          "mse_per_output": [
            0.0001845593265142166,
            0.016356992970703078,
            0.0007079490700299816
          ],
          "total_mse": 0.017249501367247275,
          "window_size": 1.0,
          "center_point": [
            0.5000038227775604,
            0.5003280052336098,
            0.500042579988823
          ],
          "pool_idx": 0,
          "avg_train_loss": 0.0238499540342018,
          "epoch_losses": [
            0.21837447881698607,
            0.052405306696891786,
            0.05083220452070236,
            0.03782346062362194,
            0.03418687433004379,
            0.030816076137125493,
            0.028143168799579142,
            0.02592084165662527,
            0.02495815698057413,
            0.023907579854130744,
            0.0222946684807539,
            0.021609744150191547,
            0.020591899193823336,
            0.0199069794267416,
            0.018756833951920272,
            0.01778061520308256,
            0.01802974855527282,
            0.017387306317687035,
            0.017146833706647158,
            0.017318835947662592,
            0.016244147066026927,
            0.01643375288695097,
            0.017092244885861873,
            0.016908540017902852,
            0.016858867555856704,
            0.016411231830716133,
            0.0165061729028821,
            0.017157820891588925,
            0.01626905696466565,
            0.015577047877013684,
            0.01589393289759755,
            0.01654852880164981,
            0.014993597567081452,
            0.01505895247682929,
            0.016464591305702925,
            0.015617239009588956,
            0.01676888270303607,
            0.01562012666836381,
            0.015425116987898946,
            0.014893268048763276,
            0.015384689532220363,
            0.014885082840919495,
            0.01593971410766244,
            0.015396250691264868,
            0.015790903382003306,
            0.015139015018939972,
            0.014086183626204729,
            0.015388352889567613,
            0.014686382934451103,
            0.014866393990814686
          ],
          "prediction_variance": [
            0.0010937885381281376,
            0.0003863974125124514,
            0.00039987213676795363
          ]
        },
        {
          "iteration": 2,
          "seed": 42,
          "total_samples_seen": 300,
          "samples_added": 150,
          "mse_per_output": [
            0.0006653838014773636,
            0.014579657866515166,
            0.0001427724366188981
          ],
          "total_mse": 0.015387814104611429,
          "window_size": 0.3,
          "center_point": [
            0.513589084148407,
            0.6282224655151367,
            0.5266498923301697
          ],
          "pool_idx": 0,
          "avg_train_loss": 0.0027792314819525925,
          "epoch_losses": [
            0.003136677760630846,
            0.0030325495288707318,
            0.003173197014257312,
            0.002977097197435796,
            0.0028844426153227685,
            0.0029504418722353875,
            0.0028853941475972533,
            0.002795882266946137,
            0.00267227825243026,
            0.00277887019328773,
            0.002816315530799329,
            0.0028186318464577197,
            0.00269579776795581,
            0.0028608096530660988,
            0.0027716306736692785,
            0.0028171478072181342,
            0.002741974894888699,
            0.0027834968408569694,
            0.0026294067036360504,
            0.0027760065742768346,
            0.002713647158816457,
            0.0028402562020346522,
            0.002821334346663207,
            0.0026718762353993954,
            0.002739352674689144,
            0.002721025655046105,
            0.0028084028512239457,
            0.002825275156646967,
            0.003136799787171185,
            0.002964280382730067,
            0.0027466855361126365,
            0.0028252119664102793,
            0.002701534051448107,
            0.0030136186396703124,
            0.0027106628287583588,
            0.002647149609401822,
            0.002734452928416431,
            0.002605951204895973,
            0.0025841308408416806,
            0.002692498546093702,
            0.002698873868212104,
            0.002550475997850299,
            0.002559169172309339,
            0.0025475487345829606,
            0.002854180824942887,
            0.0025285819312557576,
            0.002832850883714855,
            0.0025556363980285823,
            0.002670109481550753,
            0.002661951060872525
          ],
          "prediction_variance": [
            5.7398592616664246e-06,
            0.00010979633952956647,
            4.989524677512236e-05
          ]
        },
        {
          "iteration": 3,
          "seed": 42,
          "total_samples_seen": 343,
          "samples_added": 43,
          "mse_per_output": [
            0.0001187920822537459,
            0.004539118011005216,
            8.010959746141402e-06
          ],
          "total_mse": 0.004665921053005103,
          "window_size": 0.09,
          "center_point": [
            0.5257988572120667,
            0.6210742592811584,
            0.5119913220405579
          ],
          "pool_idx": 6,
          "avg_train_loss": 0.00015912901571937254,