{
  "pipeline_name": "sample_efficiency_2000samples_6iters",
  "timestamp": "2025-11-07 18:58:38",
  "config": {
    "model_type": "NeuralNetModel",
    "model_params": "{'input_size': 6, 'output_size': 3, 'hidden_sizes': (64, 32), 'activation': 'tanh', 'learning_rate': 0.001, 'model_name': 'adaptive_batch_sampling_nn'}",
    "n_iterations": 6,
    "samples_per_iteration": 333,
    "n_epochs": 50,
    "batch_size": 16,
    "initial_window_size": 1.0,
    "shrink_rate": 0.1,
    "num_seeds": 1,
    "window_type": "output",
    "use_model_prediction": true,
    "num_pool_datasets": 7,
    "pool_samples_per_dataset": [
      4000,
      1000,
      2500,
      500,
      2000,
      1500,
      2000
    ],
    "total_pool_samples": 13500,
    "test_samples": 1
  },
  "data_info": {},
  "training_info": {},
  "evaluation": {},
  "raw_results": {
    "all_seed_results": [
      [
        {
          "iteration": 0,
          "seed": 42,
          "total_samples_seen": 0,
          "samples_added": 0,
          "mse_per_output": [
            0.24733404911885493,
            0.38917049551664284,
            0.38026284623388634
          ],
          "total_mse": 1.0167673908693842,
          "window_size": 1.0,
          "center_point": [
            0.5000038227775604,
            0.5003280052336098,
            0.500042579988823
          ],
          "pools_used": [],
          "avg_train_loss": null,
          "prediction_variance": [
            NaN,
            NaN,
            NaN
          ]
        },
        {
          "iteration": 1,
          "seed": 42,
          "total_samples_seen": 333,
          "samples_added": 333,
          "mse_per_output": [
            0.00011088564492949725,
            0.00803517297836239,
            0.0001779103838846002
          ],
          "total_mse": 0.008323969007176486,
          "window_size": 1.0,
          "center_point": [
            0.5000038227775604,
            0.5003280052336098,
            0.500042579988823
          ],
          "pools_used": [
            0
          ],
          "avg_train_loss": 0.017824283141775855,
          "epoch_losses": [
            0.1854251922950858,
            0.0460272440243335,
            0.0312042934376569,
            0.02484232559800148,
            0.021465749125040713,
            0.01889987728957619,
            0.0175280539052827,
            0.017001326018500896,
            0.01614308836204665,
            0.015651619638360682,
            0.01552464555771578,
            0.015382406213099048,
            0.015076526396331332,
            0.015144070610404015,
            0.015104746712105615,
            0.014987805813905738,
            0.015213658035333668,
            0.014873584909808068,
            0.014252395856948126,
            0.0144792085158683,
            0.013831730377638624,
            0.014306569250211829,
            0.014268016664399988,
            0.013573223636263893,
            0.014112167592559541,
            0.0133103598796186,
            0.012933908873015926,
            0.012899465570669798,
            0.01333603894870196,
            0.01281814370304346,
            0.012016421294815484,
            0.011926685215994007,
            0.011645653484655278,
            0.011599532439417783,
            0.011048779290701662,
            0.011363067442462557,
            0.01231728908827617,
            0.010844764787526358,
            0.010777651398841823,
            0.010341591024327846,
            0.010794021743571474,
            0.010240490171348765,
            0.010039853708197674,
            0.009930534354810203,
            0.009577106706620682,
            0.009583096840374526,
            0.009389087979105256,
            0.009341923143005087,
            0.00961668576513018,
            0.009202478398081092
          ],
          "prediction_variance": [
            8.730165063752793e-06,
            0.0007972627063281834,
            0.00010546376870479435
          ]
        },
        {
          "iteration": 2,
          "seed": 42,
          "total_samples_seen": 338,
          "samples_added": 5,
          "mse_per_output": [
            8.343079822388131e-05,
            0.0022660465856114316,
            9.228302278323955e-07
          ],
          "total_mse": 0.002350400214063145,
          "window_size": 0.1,
          "center_point": [
            0.5105340480804443,
            0.5899671316146851,
            0.5133808851242065
          ],
          "pools_used": [
            0
          ],
          "avg_train_loss": 0.0002786748827202246,
          "epoch_losses": [
            0.0010240006959065795,
            0.0008198776049539447,
            0.00047033585724420846,
            0.0002526070165913552,
            0.00028779555577784777,
            0.00047273572999984026,
            0.0006054278928786516,
            0.0005670110695064068,
            0.00040197698399424553,
            0.0002508690522518009,
            0.00021821218251716346,
            0.0002945255546364933,
            0.0003851331421174109,
            0.0004025242815259844,
            0.0003357131208758801,
            0.0002447962178848684,
            0.0001991569297388196,
            0.00021958841534797102,
            0.0002703766222111881,
            0.00029858079506084323,
            0.00028003178886137903,
            0.00023342418717220426,
            0.00019706225430127233,
            0.00019407903891988099,
            0.00021654074953403324,
            0.00023774222063366324,
            0.0002374252799199894,
            0.0002169797953683883,
            0.00019419132149778306,
            0.00018561507749836892,
            0.0001932787854457274,
            0.00020571857749018818,
            0.00020987432799302042,
            0.00020206354383844882,
            0.00018924687174148858,
            0.00018131705292034894,
            0.0001824369974201545,
            0.00018867416656576097,
            0.00019272443023510277,
            0.00019052372954320163,
            0.00018397027452010661,
            0.0001782433537300676,
            0.00017693114932626486,
            0.00017937230586539954,
            0.00018199630721937865,
            0.0001818041637307033,
            0.0001787307410268113,
            0.00017513874627184123,
            0.00017340711201541126,
            0.0001739550643833354
          ],
          "prediction_variance": [
            1.270528855457087e-07,
            6.301830580923706e-05,
            2.6417947083245963e-06
          ]
        },
        {
          "iteration": 3,
          "seed": 42,
          "total_samples_seen": 340,
          "samples_added": 2,
          "mse_per_output": [
            3.095904755689376e-05,
            0.0008071832328927096,
            7.986722137437237e-08
          ],
          "total_mse": 0.0008382221476709778,
          "window_size": 0.010000000000000002,
          "center_point": [
            0.5091378688812256,
            0.5479310154914856,
            0.49908193945884705
          ],
          "pools_used": [
            1,
            2
          ],
          "avg_train_loss": 1.546342422514613e-05,