{
  "pipeline_name": "sample_efficiency_200samples_4iters",
  "timestamp": "2025-11-07 17:34:35",
  "config": {
    "model_type": "NeuralNetModel",
    "model_params": "{'input_size': 6, 'output_size': 3, 'hidden_sizes': (64, 32), 'activation': 'tanh', 'learning_rate': 0.001, 'model_name': 'adaptive_batch_sampling_nn'}",
    "n_iterations": 4,
    "samples_per_iteration": 50,
    "n_epochs": 50,
    "batch_size": 16,
    "initial_window_size": 1.0,
    "shrink_rate": 0.3,
    "num_seeds": 1,
    "window_type": "output",
    "use_model_prediction": true,
    "num_pool_datasets": 7,
    "pool_samples_per_dataset": [
      4000,
      1000,
      2500,
      500,
      2000,
      1500,
      2000
    ],
    "total_pool_samples": 13500,
    "test_samples": 1
  },
  "data_info": {},
  "training_info": {},
  "evaluation": {},
  "raw_results": {
    "all_seed_results": [
      [
        {
          "iteration": 0,
          "seed": 42,
          "total_samples_seen": 0,
          "samples_added": 0,
          "mse_per_output": [
            0.062312182107502403,
            0.09065805233384448,
            0.18698404757622736
          ],
          "total_mse": 0.33995428201757427,
          "window_size": 1.0,
          "center_point": [
            0.5000038227775604,
            0.5003280052336098,
            0.500042579988823
          ],
          "pool_idx": null,
          "avg_train_loss": null,
          "prediction_variance": [
            NaN,
            NaN,
            NaN
          ]
        },
        {
          "iteration": 1,
          "seed": 42,
          "total_samples_seen": 50,
          "samples_added": 50,
          "mse_per_output": [
            0.00047262031396328266,
            0.032011630526985795,
            0.000839473920862209
          ],
          "total_mse": 0.03332372476181129,
          "window_size": 1.0,
          "center_point": [
            0.5000038227775604,
            0.5003280052336098,
            0.500042579988823
          ],
          "pool_idx": 0,
          "avg_train_loss": 0.030445077181793748,
          "epoch_losses": [
            0.2257971428334713,
            0.10105652175843716,
            0.05960911512374878,
            0.05507072154432535,
            0.04900133889168501,
            0.0468818424269557,
            0.045808455906808376,
            0.043827176094055176,
            0.04658658243715763,
            0.04183890204876661,
            0.032398135866969824,
            0.0325363976880908,
            0.03256707498803735,
            0.03188617108389735,
            0.02819716278463602,
            0.02949586370959878,
            0.02362305484712124,
            0.024934287182986736,
            0.025349057279527187,
            0.024197345599532127,
            0.023710905108600855,
            0.02160805929452181,
            0.023813955020159483,
            0.026922468096017838,
            0.01989977015182376,
            0.019784524105489254,
            0.02050323784351349,
            0.02191009232774377,
            0.020155744161456823,
            0.022070861654356122,
            0.015285607194527984,
            0.016732051270082593,
            0.016812585527077317,
            0.018137793289497495,
            0.015337639022618532,
            0.014354797080159187,
            0.014101067092269659,
            0.016093997517600656,
            0.01865697093307972,
            0.014193293172866106,
            0.01588103943504393,
            0.014298193622380495,
            0.01362656895071268,
            0.013560643885284662,
            0.014217163901776075,
            0.01510671991854906,
            0.014341030735522509,
            0.01210856344550848,
            0.015160969225689769,
            0.01320519600994885
          ],
          "prediction_variance": [
            0.0012622724752873182,
            0.0010606804862618446,
            0.00035012615262530744
          ]
        },
        {
          "iteration": 2,
          "seed": 42,
          "total_samples_seen": 100,
          "samples_added": 50,
          "mse_per_output": [
            0.0016701622489502708,
            0.044908201070416605,
            0.0001590289064102031
          ],
          "total_mse": 0.04673739222577708,
          "window_size": 0.3,
          "center_point": [
            0.521743655204773,
            0.6792459487915039,
            0.5290162563323975
          ],
          "pool_idx": 0,
          "avg_train_loss": 0.0038055724126752465,
          "epoch_losses": [
            0.004985986335668713,
            0.004617824335582554,
            0.004139202530495822,
            0.004622858599759638,
            0.00418304541381076,
            0.004617386148311198,
            0.004516875953413546,
            0.0033222909696632996,
            0.0037129225383978337,
            0.005349992017727345,
            0.0036148862564004958,
            0.0034775357926264405,
            0.0037730829208157957,
            0.004004634567536414,
            0.0036971765221096575,
            0.0039702237118035555,
            0.004023073241114616,
            0.0035316652501933277,
            0.00407907395856455,
            0.003233695140806958,
            0.003792029165197164,
            0.003955163294449449,
            0.004287217161618173,
            0.0035728710354305804,
            0.0037545981467701495,
            0.003067743993597105,
            0.00458993052598089,
            0.0031656518985982984,
            0.004213477834127843,
            0.0035136017249897122,
            0.0037195885088294744,
            0.002925634093116969,
            0.0031944225484039634,
            0.003072833933401853,
            0.0036578414728865027,
            0.003020313277374953,
            0.0029519084346247837,
            0.004467879654839635,
            0.003996864485088736,
            0.0029839562048437074,
            0.003960204892791808,
            0.0030689172563143075,
            0.0034062176127918065,
            0.0032152499770745635,
            0.004895583726465702,
            0.0032426645630039275,
            0.004360925231594592,
            0.004288840922527015,
            0.0037230232846923172,
            0.0027400335675338283
          ],
          "prediction_variance": [
            2.360853977734223e-05,
            0.00030555936973541975,
            9.657430928200483e-05
          ]
        },
        {
          "iteration": 3,
          "seed": 42,
          "total_samples_seen": 114,
          "samples_added": 14,
          "mse_per_output": [
            0.0009175418448721702,
            0.04262996422176482,
            3.6690880295825135e-05
          ],
          "total_mse": 0.04358419694693282,
          "window_size": 0.09,
          "center_point": [
            0.5408714413642883,
            0.7122435569763184,
            0.48743191361427307
          ],
          "pool_idx": 6,
          "avg_train_loss": 0.0004518890765029937,