{
  "pipeline_name": "sample_efficiency_3000samples_3iters",
  "timestamp": "2025-11-08 09:50:13",
  "config": {
    "model_type": "NeuralNetModel",
    "model_params": "{'input_size': 6, 'output_size': 3, 'hidden_sizes': (64, 32), 'activation': 'tanh', 'learning_rate': 0.001, 'model_name': 'adaptive_batch_sampling_nn'}",
    "n_iterations": 3,
    "samples_per_iteration": 1000,
    "n_epochs": 50,
    "batch_size": 16,
    "initial_window_size": 1.0,
    "shrink_rate": 0.3,
    "num_seeds": 1,
    "window_type": "output",
    "use_model_prediction": true,
    "num_pool_datasets": 8,
    "pool_samples_per_dataset": [
      4000,
      1000,
      2500,
      500,
      2000,
      2000,
      1500,
      2000
    ],
    "total_pool_samples": 15500,
    "test_samples": 1
  },
  "data_info": {},
  "training_info": {},
  "evaluation": {},
  "raw_results": {
    "all_seed_results": [
      [
        {
          "iteration": 0,
          "seed": 42,
          "total_samples_seen": 0,
          "samples_added": 0,
          "mse_per_output": [
            0.23591962814850673,
            0.11851831834062193,
            0.17838587628178104
          ],
          "total_mse": 0.5328238227709097,
          "window_size": 1.0,
          "center_point": [
            0.5000038227775604,
            0.5003280052336098,
            0.500042579988823
          ],
          "pools_used": [],
          "avg_train_loss": null,
          "prediction_variance": [
            NaN,
            NaN,
            NaN
          ]
        },
        {
          "iteration": 1,
          "seed": 42,
          "total_samples_seen": 1000,
          "samples_added": 1000,
          "mse_per_output": [
            1.5266643187505727e-05,
            2.7849325495739745e-06,
            0.0002241610488257805
          ],
          "total_mse": 0.0002422126245628602,
          "window_size": 1.0,
          "center_point": [
            0.5000038227775604,
            0.5003280052336098,
            0.500042579988823
          ],
          "pools_used": [
            0
          ],
          "avg_train_loss": 0.00842151864774577,
          "epoch_losses": [
            0.06907286539319016,
            0.02689776537082498,
            0.018905669687286256,
            0.017164879685474768,
            0.016305149562420355,
            0.01584832677765498,
            0.015596238571026969,
            0.015111047951948075,
            0.014568473367641369,
            0.0140248363512376,
            0.013273540263374647,
            0.01237941493413278,
            0.011523757285128037,
            0.011662883247943625,
            0.011125636656606009,
            0.010832491061014552,
            0.009391807189713868,
            0.008763853464246033,
            0.008364409163949035,
            0.008668614773168451,
            0.00847412169807487,
            0.007721753476838034,
            0.007140514104523593,
            0.007075621458213954,
            0.006118762820574736,
            0.005695186008418363,
            0.005086894867764343,
            0.003991589256902299,
            0.0035002621607707132,
            0.0031754206348624495,
            0.0028772080004850907,
            0.00275456641675047,
            0.002292586533012726,
            0.002031039159249751,
            0.0020183730844615232,
            0.0018347046182801325,
            0.0016910018970347231,
            0.0017885104328068712,
            0.001797557887916882,
            0.001532819618227049,
            0.0014609429871641276,
            0.0014129695491791362,
            0.001432471964064808,
            0.0014396786711932648,
            0.0014549550412791884,
            0.0013040648902662927,
            0.0011009925168879804,
            0.001105437264038575,
            0.0012363602009062315,
            0.0010479044091577332
          ],
          "prediction_variance": [
            0.00010124929394805804,
            0.0019190559396520257,
            5.385504846344702e-05
          ]
        },
        {
          "iteration": 2,
          "seed": 42,
          "total_samples_seen": 1128,
          "samples_added": 128,
          "mse_per_output": [
            5.3480842206607005e-06,
            1.8731684349314444e-05,
            1.2347368158634229e-06
          ],
          "total_mse": 2.5314505385838568e-05,
          "window_size": 0.3,
          "center_point": [
            0.5039110779762268,
            0.4986591935157776,
            0.5150145888328552
          ],
          "pools_used": [
            0
          ],
          "avg_train_loss": 1.9854252832374188e-05,
          "epoch_losses": [
            8.378148822885123e-05,
            5.9344214605516754e-05,
            3.7266882713993255e-05,
            2.8899164817630663e-05,
            2.223336241513607e-05,
            1.823272668843856e-05,
            1.9297278527119488e-05,
            1.6909875284909504e-05,
            1.610989158962184e-05,
            1.8287936541128147e-05,
            1.7448347648496565e-05,
            1.898485743367928e-05,
            1.6789529524885438e-05,
            1.4952317314964603e-05,
            1.634655473026214e-05,
            2.1112337776685308e-05,
            2.0255520666978555e-05,
            1.5598361414959072e-05,
            1.865451116600525e-05,
            1.544063496794479e-05,
            1.647548231176188e-05,
            1.4792436559218913e-05,
            1.625955513873123e-05,
            1.4192191201800597e-05,
            1.4966398907745315e-05,
            1.8846071839107026e-05,
            2.020513932166068e-05,
            1.613453514437424e-05,
            1.573906149587856e-05,
            2.0281189222259854e-05,
            1.6653528064125567e-05,
            2.021536693064263e-05,
            1.402919167503569e-05,
            2.179748526032199e-05,
            1.4636326682193612e-05,
            1.3946405033493647e-05,
            2.0105318526475457e-05,
            1.4476748333436262e-05,
            1.4578514537788578e-05,
            1.5564665091005736e-05,
            2.037042008851131e-05,
            2.0938538682457875e-05,
            1.5068244920257712e-05,
            1.618091835098312e-05,
            1.3718786703975638e-05,
            1.5068609968693636e-05,
            1.4281167068475042e-05,
            1.4458160194408265e-05,
            1.6775340327512822e-05,
            1.601104997916991e-05
          ],
          "prediction_variance": [
            1.3855454028544045e-07,
            4.388177785585867e-06,
            3.692714471981162e-07
          ]
        },
        {
          "iteration": 3,
          "seed": 42,
          "total_samples_seen": 1931,
          "samples_added": 803,
          "mse_per_output": [
            2.955508479529541e-07,
            8.882304798027416e-10,
            2.0292289003809702e-07
          ],
          "total_mse": 4.993619684708539e-07,
          "window_size": 0.09,
          "center_point": [
            0.502316415309906,
            0.5046560168266296,
            0.5011537671089172
          ],
          "pools_used": [
            0,
            1,
            2
          ],
          "avg_train_loss": 3.855291467444618e-07,