{
  "pipeline_name": "sample_efficiency_1500samples_6iters",
  "timestamp": "2025-11-07 17:37:40",
  "config": {
    "model_type": "NeuralNetModel",
    "model_params": "{'input_size': 6, 'output_size': 3, 'hidden_sizes': (64, 32), 'activation': 'tanh', 'learning_rate': 0.001, 'model_name': 'adaptive_batch_sampling_nn'}",
    "n_iterations": 6,
    "samples_per_iteration": 250,
    "n_epochs": 50,
    "batch_size": 16,
    "initial_window_size": 1.0,
    "shrink_rate": 0.3,
    "num_seeds": 1,
    "window_type": "output",
    "use_model_prediction": true,
    "num_pool_datasets": 7,
    "pool_samples_per_dataset": [
      4000,
      1000,
      2500,
      500,
      2000,
      1500,
      2000
    ],
    "total_pool_samples": 13500,
    "test_samples": 1
  },
  "data_info": {},
  "training_info": {},
  "evaluation": {},
  "raw_results": {
    "all_seed_results": [
      [
        {
          "iteration": 0,
          "seed": 42,
          "total_samples_seen": 0,
          "samples_added": 0,
          "mse_per_output": [
            0.4208519121140902,
            0.05087183309315381,
            0.24155638428521325
          ],
          "total_mse": 0.7132801294924572,
          "window_size": 1.0,
          "center_point": [
            0.5000038227775604,
            0.5003280052336098,
            0.500042579988823
          ],
          "pool_idx": null,
          "avg_train_loss": null,
          "prediction_variance": [
            NaN,
            NaN,
            NaN
          ]
        },
        {
          "iteration": 1,
          "seed": 42,
          "total_samples_seen": 250,
          "samples_added": 250,
          "mse_per_output": [
            0.004063373583873405,
            0.017554289319236346,
            0.000127746357810739
          ],
          "total_mse": 0.021745409260920487,
          "window_size": 1.0,
          "center_point": [
            0.5000038227775604,
            0.5003280052336098,
            0.500042579988823
          ],
          "pool_idx": 0,
          "avg_train_loss": 0.020192040801048278,
          "epoch_losses": [
            0.17765721818432212,
            0.05093098105862737,
            0.03789294452872127,
            0.031700787018053234,
            0.027586532989516854,
            0.02486510411836207,
            0.022458599996753037,
            0.02125638665165752,
            0.019556191778974608,
            0.01833764702314511,
            0.017530913639348,
            0.01692737458506599,
            0.016099344415124506,
            0.015974023728631437,
            0.01571979880100116,
            0.015695097972638905,
            0.015129626903217286,
            0.014842437813058496,
            0.015213336329907179,
            0.015137270791456103,
            0.015158722293563187,
            0.015627169224899262,
            0.015101577620953321,
            0.014713441720232368,
            0.01459027751116082,
            0.014538003830239177,
            0.014740378828719258,
            0.014822349767200649,
            0.014579747163224965,
            0.014433789008762687,
            0.01444883004296571,
            0.01410931529244408,
            0.013826413662172854,
            0.013699240691494197,
            0.01415796740911901,
            0.01391268675797619,
            0.014253040833864361,
            0.01396118666161783,
            0.014578232076019049,
            0.013765278912615031,
            0.013412826170679182,
            0.013032777875196189,
            0.013280174665851519,
            0.013364165992243215,
            0.013279737089760602,
            0.01287651591701433,
            0.013200235058320686,
            0.01260113634634763,
            0.012664732697885484,
            0.012360470602288842
          ],
          "prediction_variance": [
            0.0003521815815474838,
            0.00032448835554532707,
            0.000389839377021417
          ]
        },
        {
          "iteration": 2,
          "seed": 42,
          "total_samples_seen": 500,
          "samples_added": 250,
          "mse_per_output": [
            0.00026320137332753514,
            0.0025081855513933863,
            2.0538696490037097e-07
          ],
          "total_mse": 0.0027715923116858215,
          "window_size": 0.3,
          "center_point": [
            0.5637484192848206,
            0.6328206062316895,
            0.48874008655548096
          ],
          "pool_idx": 1,
          "avg_train_loss": 0.0025170056252682114,
          "epoch_losses": [
            0.0031161077931756154,
            0.002968217944726348,
            0.0028394713226589374,
            0.0029084928683005273,
            0.002890168791054748,
            0.0027970061782980338,
            0.002685224506421946,
            0.0030562313040718436,
            0.0028517539831227623,
            0.002825118790497072,
            0.0031969178744475357,
            0.0030648467363789678,
            0.002953366085421294,
            0.0026867896813200787,
            0.002663610503077507,
            0.002741385076660663,
            0.002735311063588597,
            0.0026995836960850284,
            0.002889692797907628,
            0.002731113556365017,
            0.0025925517693394795,
            0.0026136625674553216,
            0.0027054285019403324,
            0.0024950242004706524,
            0.0025468887979513966,
            0.0024912233493523672,
            0.0023410170324495994,
            0.0023866129049565643,
            0.002301329055626411,
            0.002349725597014185,
            0.0024004467486520298,
            0.0025352091834065504,
            0.002361604834732134,
            0.002336058401851915,
            0.0023160428827395663,
            0.0022081380666350015,
            0.00275355812482303,
            0.002250727375212591,
            0.002293795158038847,
            0.0020471135430852883,
            0.0019680660698213615,
            0.002044155764451716,
            0.0020922936892020516,
            0.0019761214934987947,
            0.0019658146338770166,
            0.0021973191542201675,
            0.002212899998994544,
            0.0020635543478420004,
            0.0018656111205928028,
            0.0018378763415967114
          ],
          "prediction_variance": [
            0.00012510704982560128,
            0.0007172360783442855,
            2.868836781999562e-05
          ]
        },
        {
          "iteration": 3,
          "seed": 42,
          "total_samples_seen": 750,
          "samples_added": 250,
          "mse_per_output": [
            8.924412525196115e-05,
            0.0003781080718857552,
            9.850212650171693e-06
          ],
          "total_mse": 0.00047720240978788806,
          "window_size": 0.09,
          "center_point": [
            0.5162273049354553,
            0.5504097938537598,
            0.49958938360214233
          ],
          "pool_idx": 2,
          "avg_train_loss": 6.558180324645945e-05,