{
  "pipeline_name": "sample_efficiency_3000samples_8iters",
  "timestamp": "2025-11-07 18:48:29",
  "config": {
    "model_type": "NeuralNetModel",
    "model_params": "{'input_size': 6, 'output_size': 3, 'hidden_sizes': (64, 32), 'activation': 'tanh', 'learning_rate': 0.001, 'model_name': 'adaptive_batch_sampling_nn'}",
    "n_iterations": 8,
    "samples_per_iteration": 375,
    "n_epochs": 50,
    "batch_size": 16,
    "initial_window_size": 1.0,
    "shrink_rate": 0.1,
    "num_seeds": 1,
    "window_type": "output",
    "use_model_prediction": true,
    "num_pool_datasets": 7,
    "pool_samples_per_dataset": [
      4000,
      1000,
      2500,
      500,
      2000,
      1500,
      2000
    ],
    "total_pool_samples": 13500,
    "test_samples": 1
  },
  "data_info": {},
  "training_info": {},
  "evaluation": {},
  "raw_results": {
    "all_seed_results": [
      [
        {
          "iteration": 0,
          "seed": 42,
          "total_samples_seen": 0,
          "samples_added": 0,
          "mse_per_output": [
            0.37439665732333427,
            0.07162355800655096,
            0.08262112505610883
          ],
          "total_mse": 0.5286413403859941,
          "window_size": 1.0,
          "center_point": [
            0.5000038227775604,
            0.5003280052336098,
            0.500042579988823
          ],
          "pool_idx": null,
          "avg_train_loss": null,
          "prediction_variance": [
            NaN,
            NaN,
            NaN
          ]
        },
        {
          "iteration": 1,
          "seed": 42,
          "total_samples_seen": 375,
          "samples_added": 375,
          "mse_per_output": [
            0.0003499707705971756,
            0.0031668297051067607,
            0.00013972921504117595
          ],
          "total_mse": 0.0036565296907451125,
          "window_size": 1.0,
          "center_point": [
            0.5000038227775604,
            0.5003280052336098,
            0.500042579988823
          ],
          "pool_idx": 0,
          "avg_train_loss": 0.014323847376702661,
          "epoch_losses": [
            0.09844361043845613,
            0.03567461374526223,
            0.0270859074468414,
            0.02385239388483266,
            0.020368364329139393,
            0.018059180001728237,
            0.017155483248643577,
            0.015496219042688608,
            0.01475545655315121,
            0.014508645050227642,
            0.014423916038746635,
            0.014241544452185432,
            0.013840076319562892,
            0.013949484331533313,
            0.013219854969065636,
            0.013355668440150717,
            0.01311618285641695,
            0.012523712163480619,
            0.012611904123332351,
            0.01292661833576858,
            0.013383946265093982,
            0.012359457168107232,
            0.011908013509431234,
            0.011921519530005753,
            0.011697929604755094,
            0.011875479947775602,
            0.010828467726241797,
            0.011049943180599561,
            0.010484759501802424,
            0.010175101129182925,
            0.010485986344671497,
            0.010811873187776655,
            0.010280349796327451,
            0.009776332784288874,
            0.00951951325017338,
            0.00996022946977367,
            0.009190089554370692,
            0.00887686328496784,
            0.009497032112752398,
            0.0086943997691075,
            0.008803120833666375,
            0.00865802748982484,
            0.008165155615036687,
            0.008506629266776145,
            0.008355473595050475,
            0.00825112514818708,
            0.008752761059440672,
            0.007872564572608098,
            0.007880752712177733,
            0.008560635653945306
          ],
          "prediction_variance": [
            0.00016079451597761363,
            0.0008869898738339543,
            2.4314320398843847e-05
          ]
        },
        {
          "iteration": 2,
          "seed": 42,
          "total_samples_seen": 383,
          "samples_added": 8,
          "mse_per_output": [
            1.8548398178348724e-05,
            0.0004445756816615422,
            5.983879244388229e-06
          ],
          "total_mse": 0.00046910795908427914,
          "window_size": 0.1,
          "center_point": [
            0.5187113285064697,
            0.5566025972366333,
            0.5118632912635803
          ],
          "pool_idx": 6,
          "avg_train_loss": 0.0001398452698776964,
          "epoch_losses": [
            0.0005763364024460316,
            0.0004659410042222589,
            0.00021968658256810158,
            9.99889089143835e-05,
            0.00018774390628095716,
            0.00033093299134634435,
            0.0003517890290822834,
            0.00024023994046729058,
            0.00012911540397908539,
            0.00012200891796965152,
            0.00018876945250667632,
            0.00022724880545865744,
            0.00019039062317460775,
            0.00012672925367951393,
            0.00010709589696489275,
            0.0001403615460731089,
            0.00017374337767250836,
            0.0001622843265067786,
            0.00011821198131656274,
            8.873413025867194e-05,
            9.875944670056924e-05,
            0.00012732413597404957,
            0.000137767507112585,
            0.00011957508831983432,
            9.460910223424435e-05,
            8.755193994147703e-05,
            9.911420056596398e-05,
            0.00011024690320482478,
            0.00010673003271222115,
            9.350197797175497e-05,
            8.52636294439435e-05,
            8.834752952679992e-05,
            9.541631152387708e-05,
            9.626502287574112e-05,
            8.967925532488152e-05,
            8.30354547360912e-05,
            8.244143100455403e-05,
            8.61573062138632e-05,
            8.80009465618059e-05,
            8.510084444424137e-05,
            8.053826604736969e-05,
            7.883855141699314e-05,
            8.061030530370772e-05,
            8.248924132203683e-05,
            8.153432281687856e-05,
            7.84221338108182e-05,
            7.61079354560934e-05,
            7.62108393246308e-05,
            7.750319491606206e-05,
            7.776815618854016e-05
          ],
          "prediction_variance": [
            1.7660792082097032e-06,
            5.445391798275523e-05,
            1.779029844328761e-06
          ]
        }
      ]
    ]
  },
  "aggregated_results": [
    {
      "iteration": 0,
      "total_samples_seen": 0.0,
      "samples_added": 0.0,
      "training_samples": 0,
      "mean_total_mse": 0.5286413403859941,
      "std_total_mse": 0.0,
      "mean_mse_per_output": [
        0.37439665732333427,
        0.07162355800655096,
        0.08262112505610883
      ],
      "std_mse_per_output": [
        0.0,
        0.0,
        0.0
      ],
      "mean_train_loss": null,
      "window_size": 1.0,
      "num_seeds": 1,
      "mean_prediction_variance_per_output": [
        NaN,
        NaN,
        NaN
      ],
      "std_prediction_variance_per_output": [
        NaN,
        NaN,
        NaN
      ]
    },
    {
      "iteration": 1,
      "total_samples_seen": 375.0,
      "samples_added": 375.0,
      "training_samples": 18750.0,
      "mean_total_mse": 0.0036565296907451125,
      "std_total_mse": 0.0,
      "mean_mse_per_output": [
        0.0003499707705971756,
        0.0031668297051067607,
        0.00013972921504117595
      ],
      "std_mse_per_output": [
        0.0,
        0.0,
        0.0
      ],
      "mean_train_loss": 0.014323847376702661,
      "window_size": 1.0,
      "num_seeds": 1,
      "mean_prediction_variance_per_output": [
        0.00016079451597761363,
        0.0008869898738339543,
        2.4314320398843847e-05
      ],
      "std_prediction_variance_per_output": [
        0.0,
        0.0,
        0.0
      ]
    },
    {
      "iteration": 2,