{
  "pipeline_name": "sample_efficiency_2000samples_1iters",
  "timestamp": "2025-11-09 19:16:06",
  "config": {
    "model_type": "NeuralNetModel",
    "model_params": "{'input_size': 6, 'output_size': 3, 'hidden_sizes': (64, 32), 'activation': 'tanh', 'learning_rate': 0.001, 'model_name': 'adaptive_batch_sampling_nn'}",
    "n_iterations": 1,
    "samples_per_iteration": 2000,
    "n_epochs": 50,
    "batch_size": 8,
    "initial_window_size": 1.0,
    "shrink_rate": 0.3,
    "num_seeds": 5,
    "window_type": "output",
    "use_model_prediction": true,
    "num_pool_datasets": 17,
    "pool_samples_per_dataset": [
      4000,
      3000,
      1000,
      2500,
      2500,
      2500,
      500,
      2000,
      2000,
      2600,
      2600,
      1500,
      2700,
      2700,
      2000,
      2750,
      2750
    ],
    "total_pool_samples": 39600,
    "test_samples": 1
  },
  "data_info": {},
  "training_info": {},
  "evaluation": {},
  "raw_results": {
    "all_seed_results": [
      [
        {
          "iteration": 0,
          "seed": 42,
          "total_samples_seen": 0,
          "samples_added": 0,
          "mse_per_output": [
            0.19578354136999204,
            0.2027563528563677,
            0.13545986028074974
          ],
          "total_mse": 0.5339997545071095,
          "window_size": 1.0,
          "center_point": [
            0.5000038227775604,
            0.5003280052336098,
            0.500042579988823
          ],
          "pools_used": [],
          "avg_train_loss": null,
          "prediction_variance": [
            NaN,
            NaN,
            NaN
          ]
        },
        {
          "iteration": 1,
          "seed": 42,
          "total_samples_seen": 2000,
          "samples_added": 2000,
          "mse_per_output": [
            6.189672862619697e-05,
            3.4146717705211926e-05,
            1.891769673989121e-05
          ],
          "total_mse": 0.00011496114307130011,
          "window_size": 1.0,
          "center_point": [
            0.5000038227775604,
            0.5003280052336098,
            0.500042579988823
          ],
          "pools_used": [
            0
          ],
          "avg_train_loss": 0.0030176548733485105,
          "epoch_losses": [
            0.028592320421710612,
            0.015533736245706677,
            0.014099608017131686,
            0.011775405663065612,
            0.009903288435190916,
            0.009301334246993065,
            0.008089558074483649,
            0.007482203408610076,
            0.0061105832243338225,
            0.00415262408577837,
            0.00320316032320261,
            0.0026378524934407323,
            0.002112046286230907,
            0.0018741648175637237,
            0.0018118018082459457,
            0.00149428441550117,
            0.0014876531150657684,
            0.0012380754714249632,
            0.0012941222017980182,
            0.001076484459801577,
            0.0011330800970899872,
            0.0010419818157097324,
            0.0009397357185080182,
            0.0010722838962683454,
            0.001061599008331541,
            0.0007907595456636045,
            0.0009369506169750821,
            0.0007593248487683013,
            0.0006719234929769299,
            0.0007482947495882399,
            0.0007878962832619436,
            0.0006197995585971512,
            0.0005324336469930131,
            0.0005937293665774632,
            0.0005340622665244155,
            0.0004977123806020245,
            0.0003965752891745069,
            0.00047267711769382004,
            0.00037806013382214585,
            0.0004356487174227368,
            0.0003929845640450367,
            0.0003452996114938287,
            0.0003337546063849004,
            0.0003387267552025151,
            0.00027396406428306365,
            0.0002857328243699158,
            0.00022676277801656397,
            0.00037162405534036226,
            0.00021689373541448732,
            0.0004221649070459534
          ],
          "prediction_variance": [
            6.217612826731056e-05,
            5.48036587133538e-05,
            2.0371744540170766e-05
          ]
        }
      ],
      [
        {
          "iteration": 0,
          "seed": 43,
          "total_samples_seen": 0,
          "samples_added": 0,
          "mse_per_output": [
            0.17770715287803582,
            0.28545551966536226,
            0.19296288251126864
          ],
          "total_mse": 0.6561255550546667,
          "window_size": 1.0,
          "center_point": [
            0.5000038227775604,
            0.5003280052336098,
            0.500042579988823
          ],
          "pools_used": [],
          "avg_train_loss": null,
          "prediction_variance": [
            NaN,
            NaN,
            NaN
          ]
        },
        {
          "iteration": 1,
          "seed": 43,
          "total_samples_seen": 2000,
          "samples_added": 2000,
          "mse_per_output": [
            3.97631856405765e-05,
            8.920901817917302e-06,
            4.8839798439117534e-05
          ],
          "total_mse": 9.752388589761134e-05,
          "window_size": 1.0,
          "center_point": [
            0.5000038227775604,
            0.5003280052336098,
            0.500042579988823
          ],
          "pools_used": [
            0
          ],
          "avg_train_loss": 0.0031392259678593836,
          "epoch_losses": [
            0.03537868979945779,
            0.016142096931114795,
            0.01473965737875551,
            0.01319445369951427,
            0.011449837332591414,
            0.009593242645729333,
            0.008239932311233133,
            0.007397711993660778,
            0.005271214270032942,
            0.0035771353568416087,
            0.002630224310560152,
            0.0022501316694542766,
            0.0020711369406199082,
            0.001712504751398228,
            0.0015733547430718318,
            0.0014334231392713263,
            0.001568173026025761,
            0.0012357438418548554,
            0.001071057008986827,
            0.0010329759350279346,
            0.0010358288353309035,
            0.0009775430512963795,
            0.0009228009274811484,
            0.0008788018972845748,
            0.0007841836424486246,
            0.0007943313966679853,
            0.0009205392373260111,
            0.000691708036349155,
            0.0007646948237961624,
            0.0006928066849650349,
            0.00048176426300778984,
            0.0004836945785500575,
            0.0004373692083681817,
            0.0005993302774149925,
            0.00045804290770320224,
            0.0003632755891885608,
            0.0003886268091882812,
            0.0004005087052864837,
            0.00033406679156178145,
            0.00035613473200646697,
            0.00036331795767182486,
            0.00026567229701322505,
            0.00031518320758186746,
            0.000306481246574549,
            0.0002245098042767495,
            0.00025182378878525925,
            0.00022705681040679338,
            0.00019756475795293228,
            0.00029445621673221466,
            0.00018648282554931938
          ],
          "prediction_variance": [
            0.00024103012401610613,
            0.001045622513629496,
            3.24737629853189e-05
          ]
        }
      ],
      [
        {
          "iteration": 0,
          "seed": 44,
          "total_samples_seen": 0,
          "samples_added": 0,
          "mse_per_output": [
            0.13897176340343972,
            0.07459696916397585,
            0.26851669498372055
          ],
          "total_mse": 0.48208542755113615,
          "window_size": 1.0,
          "center_point": [
            0.5000038227775604,
            0.5003280052336098,
            0.500042579988823
          ],
          "pools_used": [],
          "avg_train_loss": null,