{
  "pipeline_name": "sample_efficiency_600samples_4iters",
  "timestamp": "2025-11-07 17:35:41",
  "config": {
    "model_type": "NeuralNetModel",
    "model_params": "{'input_size': 6, 'output_size': 3, 'hidden_sizes': (64, 32), 'activation': 'tanh', 'learning_rate': 0.001, 'model_name': 'adaptive_batch_sampling_nn'}",
    "n_iterations": 4,
    "samples_per_iteration": 150,
    "n_epochs": 50,
    "batch_size": 16,
    "initial_window_size": 1.0,
    "shrink_rate": 0.3,
    "num_seeds": 1,
    "window_type": "output",
    "use_model_prediction": true,
    "num_pool_datasets": 7,
    "pool_samples_per_dataset": [
      4000,
      1000,
      2500,
      500,
      2000,
      1500,
      2000
    ],
    "total_pool_samples": 13500,
    "test_samples": 1
  },
  "data_info": {},
  "training_info": {},
  "evaluation": {},
  "raw_results": {
    "all_seed_results": [
      [
        {
          "iteration": 0,
          "seed": 42,
          "total_samples_seen": 0,
          "samples_added": 0,
          "mse_per_output": [
            0.3075882105109588,
            0.31050025389424907,
            0.2924177909849923
          ],
          "total_mse": 0.9105062553902001,
          "window_size": 1.0,
          "center_point": [
            0.5000038227775604,
            0.5003280052336098,
            0.500042579988823
          ],
          "pool_idx": null,
          "avg_train_loss": null,
          "prediction_variance": [
            NaN,
            NaN,
            NaN
          ]
        },
        {
          "iteration": 1,
          "seed": 42,
          "total_samples_seen": 150,
          "samples_added": 150,
          "mse_per_output": [
            0.0006148475766115927,
            0.018209004006136276,
            0.003268812287556088
          ],
          "total_mse": 0.02209266387030396,
          "window_size": 1.0,
          "center_point": [
            0.5000038227775604,
            0.5003280052336098,
            0.500042579988823
          ],
          "pool_idx": 0,
          "avg_train_loss": 0.026244255560450257,
          "epoch_losses": [
            0.3210953801870346,
            0.07272570990025998,
            0.04821435697376728,
            0.04103195052593946,
            0.03473115917295218,
            0.029578498937189578,
            0.02854427434504032,
            0.02635215539485216,
            0.023928751610219477,
            0.023141792602837087,
            0.021955700218677522,
            0.020916574262082578,
            0.019280187087133527,
            0.019264375697821377,
            0.018402139097452162,
            0.01851601228117943,
            0.017851665243506433,
            0.017573214787989854,
            0.017122824862599372,
            0.017137565463781358,
            0.016981808003038168,
            0.016194448061287402,
            0.016086052637547255,
            0.016606208588927984,
            0.017166701843962073,
            0.01775970933958888,
            0.016292660869657992,
            0.016262803226709366,
            0.01637526396661997,
            0.015483842231333256,
            0.016199584305286407,
            0.016246075462549924,
            0.01579790636897087,
            0.017123159812763335,
            0.016753043700009584,
            0.015299421083182097,
            0.016066710464656353,
            0.015097243990749121,
            0.01624605543911457,
            0.015026890207082033,
            0.015028793830424547,
            0.014995577186346054,
            0.01494066147133708,
            0.015207745134830475,
            0.014831449091434478,
            0.015116216335445642,
            0.014752058032900094,
            0.014923784509301185,
            0.014754426851868629,
            0.015232187323272228
          ],
          "prediction_variance": [
            0.0006038791034370661,
            0.00026993293431587517,
            0.0002876932267099619
          ]
        },
        {
          "iteration": 2,
          "seed": 42,
          "total_samples_seen": 300,
          "samples_added": 150,
          "mse_per_output": [
            0.0005917783685468062,
            0.02815764294987424,
            0.00035913273334215666
          ],
          "total_mse": 0.0291085540517632,
          "window_size": 0.3,
          "center_point": [
            0.5247999429702759,
            0.6352687478065491,
            0.5572161078453064
          ],
          "pool_idx": 0,
          "avg_train_loss": 0.002763431724626571,
          "epoch_losses": [
            0.0035887091886252164,
            0.0030722458846867084,
            0.0029721410013735295,
            0.0028183171758428215,
            0.0029622621135786177,
            0.003022990026511252,
            0.0028635188355110586,
            0.0028749711462296547,
            0.0028635903727263212,
            0.002768971980549395,
            0.0029000221285969017,
            0.0027842444949783387,
            0.0027429415844380856,
            0.0027397916419431567,
            0.002749853604473174,
            0.002752604987472296,
            0.0027581906178966165,
            0.002813506685197353,
            0.0027277221786789598,
            0.002810682391282171,
            0.002772165136411786,
            0.0028115005232393743,
            0.0027828908059746027,
            0.0027712396113201976,
            0.002800305641721934,
            0.00259168652119115,
            0.0027635636390186845,
            0.0028125467244535683,
            0.002684143150690943,
            0.002627268654759973,
            0.0026968321646563707,
            0.002754782838746905,
            0.002646900434046984,
            0.0027617855928838255,
            0.002703668409958482,
            0.002769035822711885,
            0.002763892407529056,
            0.0026885214378125966,
            0.0025745818857103586,
            0.0026133253239095213,
            0.0026023433776572345,
            0.0025140504352748395,
            0.0026243610307574274,
            0.002634485065937042,
            0.0026683623786084355,
            0.0025885259732604028,
            0.002670745283830911,
            0.002620118111371994,
            0.0025585345923900605,
            0.0027121452149003744
          ],
          "prediction_variance": [
            4.602804438036401e-06,
            0.0001031461069942452,
            1.7989355910685845e-05
          ]
        },
        {
          "iteration": 3,
          "seed": 42,
          "total_samples_seen": 306,
          "samples_added": 6,
          "mse_per_output": [
            0.0005822357357786061,
            0.02421531435100847,
            0.00015364937393574574
          ],
          "total_mse": 0.02495119946072282,
          "window_size": 0.09,
          "center_point": [
            0.5243303179740906,
            0.6681303977966309,
            0.5189933776855469
          ],
          "pool_idx": 6,
          "avg_train_loss": 0.00017748762911651284,