{
  "pipeline_name": "sample_efficiency_200samples_1iters",
  "timestamp": "2025-11-10 16:57:53",
  "config": {
    "model_type": "NeuralNetModel",
    "model_params": "{'input_size': 6, 'output_size': 3, 'hidden_sizes': (64, 32), 'activation': 'tanh', 'learning_rate': 0.001, 'model_name': 'adaptive_batch_sampling_nn'}",
    "n_iterations": 1,
    "samples_per_iteration": 200,
    "n_epochs": 50,
    "batch_size": 16,
    "initial_window_size": 1.0,
    "shrink_rate": 0.1,
    "num_seeds": 5,
    "window_type": "output",
    "use_model_prediction": true,
    "num_pool_datasets": 25,
    "pool_samples_per_dataset": [
      4000,
      3000,
      1000,
      2500,
      2500,
      2500,
      500,
      2000,
      2500,
      2525,
      2550,
      2575,
      2000,
      2600,
      2550,
      2575,
      2600,
      2500,
      2525,
      1500,
      2700,
      2700,
      2000,
      2750,
      2750
    ],
    "total_pool_samples": 59900,
    "test_samples": 1
  },
  "data_info": {},
  "training_info": {},
  "evaluation": {},
  "raw_results": {
    "all_seed_results": [
      [
        {
          "iteration": 0,
          "seed": 42,
          "total_samples_seen": 0,
          "samples_added": 0,
          "mse_per_output": [
            0.15370319561881784,
            0.28894879189283257,
            0.2429718708861487
          ],
          "total_mse": 0.6856238583977992,
          "window_size": 1.0,
          "center_point": [
            0.5000038227775604,
            0.5003280052336098,
            0.500042579988823
          ],
          "pools_used": [],
          "avg_train_loss": null,
          "prediction_variance": [
            NaN,
            NaN,
            NaN
          ]
        },
        {
          "iteration": 1,
          "seed": 42,
          "total_samples_seen": 200,
          "samples_added": 200,
          "mse_per_output": [
            0.000492675058785205,
            0.0162049165149157,
            0.0009042541577337274
          ],
          "total_mse": 0.017601845731434633,
          "window_size": 1.0,
          "center_point": [
            0.5000038227775604,
            0.5003280052336098,
            0.500042579988823
          ],
          "pools_used": [
            0
          ],
          "avg_train_loss": 0.019903515874623107,
          "epoch_losses": [
            0.20002015221577424,
            0.0470645444897505,
            0.03933779121591495,
            0.029309021738859322,
            0.02580503861491497,
            0.023206846931805976,
            0.021835877918280087,
            0.020676320418715477,
            0.018501835517012157,
            0.017583097116305277,
            0.01667642994568898,
            0.01629372198994343,
            0.015500494780448766,
            0.015511324629187584,
            0.01568382219053232,
            0.015127192394664654,
            0.015978797553823545,
            0.014756357870422877,
            0.014397714000481825,
            0.015227254408483323,
            0.015667887619481638,
            0.015639227600051805,
            0.01451719358849984,
            0.014127861565122237,
            0.014051434297401171,
            0.01442810262625034,
            0.014142284527994119,
            0.013995039778260084,
            0.014376102158656487,
            0.013622064429980058,
            0.01347686665562483,
            0.01336045154871849,
            0.013325199663925629,
            0.013373930365420304,
            0.013291539839253975,
            0.013360951740581255,
            0.013257227085817318,
            0.013651349725058446,
            0.012360565041979918,
            0.013135064070901046,
            0.012712296241751084,
            0.012451025012594003,
            0.012458818570639078,
            0.012147222000818986,
            0.012177741728149928,
            0.011579685378819704,
            0.011435059257424794,
            0.011277020550691165,
            0.011950344133835573,
            0.01133260098644174
          ],
          "prediction_variance": [
            0.0003026805352419615,
            0.00029945821734145284,
            0.00021262936934363097
          ]
        }
      ],
      [
        {
          "iteration": 0,
          "seed": 43,
          "total_samples_seen": 0,
          "samples_added": 0,
          "mse_per_output": [
            0.18642693278897124,
            0.22083334498081397,
            0.31610010793079585
          ],
          "total_mse": 0.723360385700581,
          "window_size": 1.0,
          "center_point": [
            0.5000038227775604,
            0.5003280052336098,
            0.500042579988823
          ],
          "pools_used": [],
          "avg_train_loss": null,
          "prediction_variance": [
            NaN,
            NaN,
            NaN
          ]
        },
        {
          "iteration": 1,
          "seed": 43,
          "total_samples_seen": 200,
          "samples_added": 200,
          "mse_per_output": [
            0.00042117410490078485,
            0.026285382272153164,
            0.0003535004359673216
          ],
          "total_mse": 0.02706005681302127,
          "window_size": 1.0,
          "center_point": [
            0.5000038227775604,
            0.5003280052336098,
            0.500042579988823
          ],
          "pools_used": [
            0
          ],
          "avg_train_loss": 0.022297377799852535,
          "epoch_losses": [
            0.18516406216300452,
            0.05051845140182055,
            0.041321974247694016,
            0.03476051398767875,
            0.030166370077775076,
            0.027008709999231193,
            0.02436816792648572,
            0.022086690538204633,
            0.020681678962249022,
            0.019603550147551756,
            0.018986368981691506,
            0.018045753025664732,
            0.01827587280422449,
            0.017666663902883347,
            0.01743433208992848,
            0.01747946835194643,
            0.017516601257599317,
            0.016834521415428474,
            0.01717075053602457,
            0.01734131409858282,
            0.017017805590652503,
            0.017607196878928404,
            0.01713561574713542,
            0.016842570299139388,
            0.016850642573374968,
            0.01685415215503711,
            0.017127471044659615,
            0.016505732845801573,
            0.016749656974123076,
            0.01665451291661996,
            0.01621474798482198,
            0.016297860285983637,
            0.016480922484054014,
            0.01623107077410588,
            0.016191759791511755,
            0.016128923027561262,
            0.015690708604569618,
            0.01581426702726346,
            0.01572487410157919,
            0.015810099645302847,
            0.01585960674744386,
            0.015322386430433163,
            0.015167624546358218,
            0.015600710784873137,
            0.016060781092024766,
            0.015181689379880061,
            0.015562327292103034,
            0.014955810701044707,
            0.014521025622693392,
            0.014274520727877434
          ],
          "prediction_variance": [
            0.00016223438433371484,
            0.00017189944628626108,
            0.0003943062329199165
          ]
        }
      ],
      [
        {
          "iteration": 0,
          "seed": 44,
          "total_samples_seen": 0,
          "samples_added": 0,
          "mse_per_output": [
            0.35632932720962895,
            0.475973745767372,
            0.17759487954561548
          ],
          "total_mse": 1.0098979525226164,
          "window_size": 1.0,
          "center_point": [
            0.5000038227775604,
            0.5003280052336098,
            0.500042579988823
          ],
          "pools_used": [],
          "avg_train_loss": null,