{
  "pipeline_name": "sample_efficiency_800per_iter_shrink0.4",
  "timestamp": "2025-11-21 10:37:07",
  "config": {
    "model_type": "NeuralNetModel",
    "model_params": "{'input_size': 6, 'output_size': 3, 'hidden_sizes': (64, 32), 'activation': 'tanh', 'learning_rate': 0.001, 'model_name': 'adaptive_batch_sampling_nn'}",
    "n_iterations": 1,
    "samples_per_iteration": 800,
    "n_epochs": 50,
    "batch_size": 16,
    "initial_window_size": 1.0,
    "shrink_rate": 0.4,
    "num_seeds": 5,
    "window_type": "output",
    "use_model_prediction": true,
    "num_pool_datasets": 25,
    "pool_samples_per_dataset": [
      4000,
      3000,
      1000,
      2500,
      2500,
      2500,
      500,
      2000,
      2500,
      2525,
      2550,
      2575,
      2000,
      2600,
      2550,
      2575,
      2600,
      2500,
      2525,
      1500,
      2700,
      2700,
      2000,
      2750,
      2750
    ],
    "total_pool_samples": 59900,
    "test_samples": 1
  },
  "data_info": {},
  "training_info": {},
  "evaluation": {},
  "raw_results": {
    "all_seed_results": [
      [
        {
          "iteration": 0,
          "seed": 42,
          "total_samples_seen": 0,
          "samples_added": 0,
          "mse_per_output": [
            0.40785127884925165,
            0.6955331206025187,
            0.5433944371131694
          ],
          "total_mse": 1.6467788365649398,
          "window_size": 1.0,
          "center_point": [
            0.5000038227775604,
            0.5003280052336098,
            0.500042579988823
          ],
          "pools_used": [],
          "avg_train_loss": null,
          "prediction_variance": [
            NaN,
            NaN,
            NaN
          ]
        },
        {
          "iteration": 1,
          "seed": 42,
          "total_samples_seen": 800,
          "samples_added": 800,
          "mse_per_output": [
            0.0007309905876119149,
            0.0013293606773207205,
            0.00031654338509678375
          ],
          "total_mse": 0.0023768946500294192,
          "window_size": 1.0,
          "center_point": [
            0.5000038227775604,
            0.5003280052336098,
            0.500042579988823
          ],
          "pools_used": [
            0
          ],
          "avg_train_loss": 0.01291077407710254,
          "epoch_losses": [
            0.16212424650788307,
            0.030454931408166887,
            0.022416656836867332,
            0.01857179356738925,
            0.017020408138632773,
            0.016097253672778606,
            0.015855128709226847,
            0.016201087608933448,
            0.015473915040493011,
            0.014940228899940849,
            0.014771099593490362,
            0.0148436208255589,
            0.014056220594793558,
            0.01358589818701148,
            0.013001347789540887,
            0.012516535352915525,
            0.012499347273260355,
            0.01170703936368227,
            0.010752628389745951,
            0.010521815391257405,
            0.010078532323241234,
            0.00983963318169117,
            0.009913303265348077,
            0.009537665708921849,
            0.008912821114063264,
            0.008501874245703221,
            0.00815616815816611,
            0.008068860718049109,
            0.007958577685058118,
            0.008288725456222891,
            0.007461976502090692,
            0.007550025545060635,
            0.007336791628040374,
            0.006682410822249949,
            0.0063608203502371905,
            0.00626974836923182,
            0.007293606596067548,
            0.005613160328939557,
            0.005056830067187548,
            0.005269170226529241,
            0.004325310187414289,
            0.00409342787694186,
            0.003801420496311039,
            0.0033597543649375437,
            0.0034064778732135893,
            0.003219108150806278,
            0.003040185128338635,
            0.0029014360578730703,
            0.0032162334700115026,
            0.002613444805610925
          ],
          "prediction_variance": [
            9.787861199583858e-05,
            0.0012223107041791081,
            4.7478461056016386e-05
          ]
        }
      ],
      [
        {
          "iteration": 0,
          "seed": 43,
          "total_samples_seen": 0,
          "samples_added": 0,
          "mse_per_output": [
            0.0476111516745894,
            0.13635471869685872,
            0.14119916963837242
          ],
          "total_mse": 0.32516504000982055,
          "window_size": 1.0,
          "center_point": [
            0.5000038227775604,
            0.5003280052336098,
            0.500042579988823
          ],
          "pools_used": [],
          "avg_train_loss": null,
          "prediction_variance": [
            NaN,
            NaN,
            NaN
          ]
        },
        {
          "iteration": 1,
          "seed": 43,
          "total_samples_seen": 800,
          "samples_added": 800,
          "mse_per_output": [
            0.0003626230006676963,
            0.002122377042981192,
            0.00013591569349462928
          ],
          "total_mse": 0.0026209157371435174,
          "window_size": 1.0,
          "center_point": [
            0.5000038227775604,
            0.5003280052336098,
            0.500042579988823
          ],
          "pools_used": [
            0
          ],
          "avg_train_loss": 0.008756912717479281,
          "epoch_losses": [
            0.06029657077044249,
            0.027188495099544525,
            0.019777721632272004,
            0.017079887092113496,
            0.01638608543202281,
            0.0166663265787065,
            0.015604786444455385,
            0.014989097006618976,
            0.014702743627130985,
            0.014048658991232515,
            0.013488267213106156,
            0.013315223120152951,
            0.011977702034637333,
            0.011354418015107512,
            0.011563875246793032,
            0.010160581935197114,
            0.00969080631621182,
            0.009524186258204281,
            0.009024305641651154,
            0.008462992408312857,
            0.00865129301790148,
            0.008207599464803934,
            0.007860018769279123,
            0.007484089466743171,
            0.006805562423542142,
            0.00605977367144078,
            0.0057155033922754225,
            0.006186785139143467,
            0.004948553945869207,
            0.004447162481956184,
            0.00367790678050369,
            0.003563441284932196,
            0.003459973419085145,
            0.00272016117349267,
            0.0026215287297964096,
            0.002663973167072982,
            0.0023309343168511987,
            0.002250176516827196,
            0.0021909766388125717,
            0.002363798269070685,
            0.0019498424150515348,
            0.0020440037292428315,
            0.0020559815119486303,
            0.0021496688143815847,
            0.0018558291159570218,
            0.0016601594758685679,
            0.0018080045201350004,
            0.0016849746042862535,
            0.0015575429005548359,
            0.0015676858532242476
          ],
          "prediction_variance": [
            2.4550152375013568e-05,
            0.0010030725970864296,
            4.278371488908306e-05
          ]
        }
      ],
      [
        {
          "iteration": 0,
          "seed": 44,
          "total_samples_seen": 0,
          "samples_added": 0,
          "mse_per_output": [
            0.69305449496711,
            0.3994583184304732,
            0.17091793147373918
          ],
          "total_mse": 1.2634307448713225,
          "window_size": 1.0,
          "center_point": [
            0.5000038227775604,
            0.5003280052336098,
            0.500042579988823
          ],
          "pools_used": [],
          "avg_train_loss": null,