{
  "500": {
    "0.4": {
      "final_mse": 1.9903003281469974e-05,
      "final_mse_std": 8.06403865433178e-06,
      "total_samples": 2500.0,
      "n_iterations": 5
    }
  }
}