{
  "pipeline_name": "sample_efficiency_1000samples_5iters",
  "timestamp": "2025-11-09 11:16:05",
  "config": {
    "model_type": "NeuralNetModel",
    "model_params": "{'input_size': 6, 'output_size': 3, 'hidden_sizes': (64, 32), 'activation': 'tanh', 'learning_rate': 0.001, 'model_name': 'adaptive_batch_sampling_nn'}",
    "n_iterations": 5,
    "samples_per_iteration": 200,
    "n_epochs": 50,
    "batch_size": 16,
    "initial_window_size": 1.0,
    "shrink_rate": 0.2,
    "num_seeds": 1,
    "window_type": "output",
    "use_model_prediction": true,
    "num_pool_datasets": 17,
    "pool_samples_per_dataset": [
      4000,
      3000,
      1000,
      2500,
      2500,
      2500,
      500,
      2000,
      2000,
      2600,
      2600,
      1500,
      2700,
      2700,
      2000,
      2750,
      2750
    ],
    "total_pool_samples": 39600,
    "test_samples": 1
  },
  "data_info": {},
  "training_info": {},
  "evaluation": {},
  "raw_results": {
    "all_seed_results": [
      [
        {
          "iteration": 0,
          "seed": 42,
          "total_samples_seen": 0,
          "samples_added": 0,
          "mse_per_output": [
            0.036735769959412204,
            0.19297289842009513,
            0.30843723043959065
          ],
          "total_mse": 0.5381458988190979,
          "window_size": 1.0,
          "center_point": [
            0.5000038227775604,
            0.5003280052336098,
            0.500042579988823
          ],
          "pools_used": [],
          "avg_train_loss": null,
          "prediction_variance": [
            NaN,
            NaN,
            NaN
          ]
        },
        {
          "iteration": 1,
          "seed": 42,
          "total_samples_seen": 200,
          "samples_added": 200,
          "mse_per_output": [
            0.0001319278693810288,
            0.009094060115427998,
            0.00017251396725869082
          ],
          "total_mse": 0.009398501952067718,
          "window_size": 1.0,
          "center_point": [
            0.5000038227775604,
            0.5003280052336098,
            0.500042579988823
          ],
          "pools_used": [
            0
          ],
          "avg_train_loss": 0.020419100545203458,
          "epoch_losses": [
            0.14576897168388733,
            0.050123980412116416,
            0.043336805529319324,
            0.03577108007784073,
            0.031098963406223517,
            0.028462826919097167,
            0.025424657962643184,
            0.023222060300982915,
            0.021594607271254063,
            0.02009832035177029,
            0.018625858526390333,
            0.01808456897449035,
            0.01710912907639375,
            0.016711645114880342,
            0.016592611773655966,
            0.016003574459598616,
            0.01566919942314808,
            0.01536762685729907,
            0.015581844231257072,
            0.01551958524550383,
            0.01524193986104085,
            0.015517654972007642,
            0.014928908875355354,
            0.015070669066447478,
            0.015370836481451988,
            0.014979595676637612,
            0.015000113715919165,
            0.01527566767226045,
            0.014998491925115768,
            0.015548226423561573,
            0.014741423074156046,
            0.01559075670173535,
            0.014730768421521554,
            0.014240397641865106,
            0.014738571256972276,
            0.013914697516996127,
            0.014712951146066189,
            0.013832986068267088,
            0.01396935537027625,
            0.014060773241978426,
            0.014031262710117377,
            0.013584734155581547,
            0.013569081954371471,
            0.013880269960142098,
            0.01344902770450482,
            0.013079928807341136,
            0.013016723884412875,
            0.013467428955034567,
            0.012841457214493018,
            0.013402409206789274
          ],
          "prediction_variance": [
            0.0005172259407117963,
            0.0013186519499868155,
            0.0005093993968330324
          ]
        },
        {
          "iteration": 2,
          "seed": 42,
          "total_samples_seen": 400,
          "samples_added": 200,
          "mse_per_output": [
            0.00020636719292794112,
            0.009641746024673806,
            1.3454694324551705e-06
          ],
          "total_mse": 0.009849458687034202,
          "window_size": 0.2,
          "center_point": [
            0.5114898085594177,
            0.5956907868385315,
            0.5131770372390747
          ],
          "pools_used": [
            0,
            1
          ],
          "avg_train_loss": 0.001142543716257653,
          "epoch_losses": [
            0.0013151712079819005,
            0.001143490456832716,
            0.001109148004056456,
            0.0011979120676047527,
            0.0011368596997971719,
            0.00123180830045245,
            0.0011562410151012815,
            0.0011647440125950826,
            0.0011205642636363895,
            0.0012006757718224365,
            0.0010832772643950123,
            0.0012527404335112525,
            0.0010794369244159986,
            0.0011306303383137744,
            0.001144970270196119,
            0.0011408943503808517,
            0.0011078989885460872,
            0.001132815691212622,
            0.0011275538261263417,
            0.0010988863964135258,
            0.001174800554648615,
            0.0011855905087521444,
            0.0011222724659511675,
            0.0014571968439178397,
            0.0012169316267737974,
            0.0010951636045669706,
            0.0011206413484894885,
            0.0011790810385718942,
            0.0010846035975891238,
            0.00115150017126535,
            0.0011161567974620713,
            0.0011144357222992068,
            0.001203058950173167,
            0.001084945435510375,
            0.001071687635535804,
            0.0011634756228886545,
            0.0010965067418650365,
            0.00118559268482316,
            0.0011082075204915153,
            0.0010157704908544053,
            0.0010903333000337274,
            0.0012204328131002302,
            0.0012245071747411902,
            0.0010648163420578034,
            0.0010524977114982903,
            0.0010243220962225818,
            0.0011248866525980143,
            0.001111184958762561,
            0.0010697902941431564,
            0.0011210758239030838
          ],
          "prediction_variance": [
            2.7631836019281764e-06,
            2.5094905140576884e-05,
            5.9420681708388656e-08
          ]
        },
        {
          "iteration": 3,
          "seed": 42,
          "total_samples_seen": 404,
          "samples_added": 4,
          "mse_per_output": [
            0.00014807574538360443,
            0.0067970936228226465,
            1.3405048887077706e-07
          ],
          "total_mse": 0.006945303418695122,
          "window_size": 0.04000000000000001,
          "center_point": [
            0.5143693089485168,
            0.5985203981399536,
            0.5012025237083435
          ],
          "pools_used": [
            1
          ],
          "avg_train_loss": 5.449687385407742e-05,