{
  "pipeline_name": "sample_efficiency_1000samples_3iters",
  "timestamp": "2025-11-10 17:04:07",
  "config": {
    "model_type": "NeuralNetModel",
    "model_params": "{'input_size': 6, 'output_size': 1, 'hidden_sizes': (64, 32), 'activation': 'tanh', 'learning_rate': 0.001, 'model_name': 'adaptive_batch_sampling_nn'}",
    "n_iterations": 3,
    "samples_per_iteration": 333,
    "n_epochs": 50,
    "batch_size": 16,
    "initial_window_size": 1.0,
    "shrink_rate": 0.1,
    "num_seeds": 1,
    "window_type": "output",
    "use_model_prediction": true,
    "num_pool_datasets": 25,
    "pool_samples_per_dataset": [
      4000,
      3000,
      1000,
      2500,
      2500,
      2500,
      500,
      2000,
      2500,
      2525,
      2550,
      2575,
      2000,
      2600,
      2550,
      2575,
      2600,
      2500,
      2525,
      1500,
      2700,
      2700,
      2000,
      2750,
      2750
    ],
    "total_pool_samples": 59900,
    "test_samples": 1
  },
  "data_info": {},
  "training_info": {},
  "evaluation": {},
  "raw_results": {
    "all_seed_results": [
      [
        {
          "iteration": 0,
          "seed": 42,
          "total_samples_seen": 0,
          "samples_added": 0,
          "mse_per_output": [
            0.49668252130779617
          ],
          "total_mse": 0.49668252130779617,
          "window_size": 1.0,
          "center_point": [
            0.5003280052336098
          ],
          "pools_used": [],
          "avg_train_loss": null,
          "prediction_variance": [
            NaN
          ]
        },
        {
          "iteration": 1,
          "seed": 42,
          "total_samples_seen": 333,
          "samples_added": 333,
          "mse_per_output": [
            0.006701850875302858
          ],
          "total_mse": 0.006701850875302858,
          "window_size": 1.0,
          "center_point": [
            0.5003280052336098
          ],
          "pools_used": [
            0
          ],
          "avg_train_loss": 0.041279916907882394,
          "epoch_losses": [
            0.20126980046431223,
            0.05530490664144357,
            0.04637537071747439,
            0.04537157430535271,
            0.044506238329978215,
            0.04550156210150037,
            0.04441147856414318,
            0.04370576471445106,
            0.04421847499907017,
            0.043782735066044895,
            0.04341234807812032,
            0.04295664901534716,
            0.042805767396376246,
            0.0472256312412875,
            0.04213456277336393,
            0.04240358700709684,
            0.04211754467160929,
            0.04131552044834409,
            0.04119871583368097,
            0.040732450251068385,
            0.04068744643813088,
            0.04034834097893465,
            0.042268991913823856,
            0.04334847859683491,
            0.04246156804618381,
            0.039706711612996604,
            0.04023028954508759,
            0.037639807643634934,
            0.03787407757980483,
            0.03599072460617338,
            0.03856284202386936,
            0.03583985283261254,
            0.03608980836967627,
            0.035380154315914424,
            0.03381616285159474,
            0.034386291745163146,
            0.034998200656402675,
            0.03332598480795111,
            0.03163284400389308,
            0.03134152763301418,
            0.03022927116780054,
            0.02871264535046759,
            0.02866133719327904,
            0.027199522192989076,
            0.027953104249068668,
            0.029116284057852767,
            0.026932226272211188,
            0.025704374137733663,
            0.02577004377685842,
            0.027036248174096857
          ],
          "prediction_variance": [
            0.0027325558476150036
          ]
        },
        {
          "iteration": 2,
          "seed": 42,
          "total_samples_seen": 666,
          "samples_added": 333,
          "mse_per_output": [
            0.005217083985619489
          ],
          "total_mse": 0.005217083985619489,
          "window_size": 0.1,
          "center_point": [
            0.5821928381919861
          ],
          "pools_used": [
            0
          ],
          "avg_train_loss": 0.0019909147964513284,
          "epoch_losses": [
            0.008071584981821832,
            0.005544562247537431,
            0.005090928791711728,
            0.005075391032733023,
            0.004256015560323638,
            0.0036110413271845097,
            0.0033715732695002642,
            0.0034157040340471127,
            0.0029646623214440687,
            0.0026816815398411735,
            0.0026240263638707497,
            0.0024881211131633748,
            0.0022765866209131977,
            0.0023324701136776377,
            0.002389329602010548,
            0.00200191836449362,
            0.0018419506183514993,
            0.001810535982561608,
            0.0016820408414960617,
            0.0015814249802912986,
            0.0015296295445988931,
            0.0015239253241036619,
            0.0014225633487859298,
            0.0013960650401367318,
            0.0013701493763143109,
            0.0013366143158193501,
            0.0012738274554500268,
            0.0013345585321076214,
            0.001232963473913038,
            0.0011685011503730146,
            0.001138944691601431,
            0.0011426398774520273,
            0.001240932257912521,
            0.0011905854639952026,
            0.0010705484199293313,
            0.0010764718920524632,
            0.0010386046654145633,
            0.0010079107347077557,
            0.0010236503495391282,
            0.0010111905839515938,
            0.0010219571468908163,
            0.0010319171733932481,
            0.0010547005000435526,
            0.0009693838004577195,
            0.0009320085823890709,
            0.0010194981753427004,
            0.0010734542766364203,
            0.000942716865600752,
            0.0009624589195785423,
            0.0008958181771006258
          ],
          "prediction_variance": [
            0.000187720128451474
          ]
        },
        {
          "iteration": 3,
          "seed": 42,
          "total_samples_seen": 999,
          "samples_added": 333,
          "mse_per_output": [
            0.004276185979081362
          ],
          "total_mse": 0.004276185979081362,
          "window_size": 0.010000000000000002,
          "center_point": [
            0.5725573897361755
          ],
          "pools_used": [
            0,
            1,
            2,
            3
          ],
          "avg_train_loss": 2.4816380229627353e-05,