{
  "pipeline_name": "sample_efficiency_200samples_1iters",
  "timestamp": "2025-11-07 17:40:58",
  "config": {
    "model_type": "NeuralNetModel",
    "model_params": "{'input_size': 6, 'output_size': 3, 'hidden_sizes': (64, 32), 'activation': 'tanh', 'learning_rate': 0.001, 'model_name': 'adaptive_batch_sampling_nn'}",
    "n_iterations": 1,
    "samples_per_iteration": 200,
    "n_epochs": 50,
    "batch_size": 16,
    "initial_window_size": 1.0,
    "shrink_rate": 0.3,
    "num_seeds": 5,
    "window_type": "output",
    "use_model_prediction": true,
    "num_pool_datasets": 7,
    "pool_samples_per_dataset": [
      4000,
      1000,
      2500,
      500,
      2000,
      1500,
      2000
    ],
    "total_pool_samples": 13500,
    "test_samples": 1
  },
  "data_info": {},
  "training_info": {},
  "evaluation": {},
  "raw_results": {
    "all_seed_results": [
      [
        {
          "iteration": 0,
          "seed": 42,
          "total_samples_seen": 0,
          "samples_added": 0,
          "mse_per_output": [
            0.24410936293911603,
            0.3331781217049355,
            0.1470343549673402
          ],
          "total_mse": 0.7243218396113917,
          "window_size": 1.0,
          "center_point": [
            0.5000038227775604,
            0.5003280052336098,
            0.500042579988823
          ],
          "pool_idx": null,
          "avg_train_loss": null,
          "prediction_variance": [
            NaN,
            NaN,
            NaN
          ]
        },
        {
          "iteration": 1,
          "seed": 42,
          "total_samples_seen": 200,
          "samples_added": 200,
          "mse_per_output": [
            0.000736133909380722,
            0.019439457683345214,
            0.0005756465529087592
          ],
          "total_mse": 0.020751238145634697,
          "window_size": 1.0,
          "center_point": [
            0.5000038227775604,
            0.5003280052336098,
            0.500042579988823
          ],
          "pool_idx": 0,
          "avg_train_loss": 0.019933456171733827,
          "epoch_losses": [
            0.1982376718750367,
            0.04526145956837214,
            0.03891302774158808,
            0.030772557911964562,
            0.027628743447936498,
            0.024818750814749643,
            0.021930195821019318,
            0.020320206307447873,
            0.01991323668223161,
            0.018434430185991984,
            0.01717466015655261,
            0.0168709999236923,
            0.01609189922993,
            0.015655201358290818,
            0.015927092673686836,
            0.014754569659439417,
            0.014919903129339218,
            0.014525948593822809,
            0.014946232836406965,
            0.014710795779067736,
            0.01476681182304254,
            0.01433471074471107,
            0.015661777426990178,
            0.014747202253112426,
            0.014382379917571178,
            0.014142425587544074,
            0.014230794309136959,
            0.013777987171824161,
            0.01406213497886291,
            0.014051407826347994,
            0.013637833798734041,
            0.01330739102111413,
            0.013410239408795651,
            0.01285854046447919,
            0.013560653234330507,
            0.012930168412052669,
            0.012708418680211673,
            0.01296463504863473,
            0.012705805353247203,
            0.012823489852822743,
            0.012697333541627113,
            0.01221615642022628,
            0.01239327395048279,
            0.012336584667746838,
            0.01179490933338037,
            0.011719774526472274,
            0.01194823862841496,
            0.011504968771567712,
            0.011310899128707556,
            0.01187827860793242
          ],
          "prediction_variance": [
            0.0004528285935521126,
            0.0013365430058911443,
            0.0002501324634067714
          ]
        }
      ],
      [
        {
          "iteration": 0,
          "seed": 43,
          "total_samples_seen": 0,
          "samples_added": 0,
          "mse_per_output": [
            0.3736001564878757,
            0.20910923984800603,
            0.42853028918165464
          ],
          "total_mse": 1.0112396855175363,
          "window_size": 1.0,
          "center_point": [
            0.5000038227775604,
            0.5003280052336098,
            0.500042579988823
          ],
          "pool_idx": null,
          "avg_train_loss": null,
          "prediction_variance": [
            NaN,
            NaN,
            NaN
          ]
        },
        {
          "iteration": 1,
          "seed": 43,
          "total_samples_seen": 200,
          "samples_added": 200,
          "mse_per_output": [
            0.0008715797837902903,
            0.022888735820649313,
            0.0004651108306284527
          ],
          "total_mse": 0.024225426435068056,
          "window_size": 1.0,
          "center_point": [
            0.5000038227775604,
            0.5003280052336098,
            0.500042579988823
          ],
          "pool_idx": 0,
          "avg_train_loss": 0.024530554893784792,
          "epoch_losses": [
            0.2847297266125679,
            0.054212795140651554,
            0.048719216424685255,
            0.035852013872219965,
            0.03228845318349508,
            0.027902708317224797,
            0.024928987599336185,
            0.023543074870338805,
            0.021373560079015218,
            0.020538873469027188,
            0.01945528782044466,
            0.01933178950387698,
            0.01825034016600022,
            0.018304874189198017,
            0.018496208322735932,
            0.018125970632984087,
            0.01747281964008625,
            0.017300350233339347,
            0.01719711534678936,
            0.016919855744792864,
            0.01718371411642203,
            0.017356086522340775,
            0.01757821562485053,
            0.016699863884311456,
            0.016953735898893613,
            0.01650454540951894,
            0.016274309215637352,
            0.016369633878079746,
            0.016892851831821296,
            0.01767072153206055,
            0.016436668327794626,
            0.01641254614178951,
            0.01609863742039754,
            0.015983823256996963,
            0.016017816602610625,
            0.015648338943719864,
            0.015531873903595485,
            0.01542767588622295,
            0.015290833149964992,
            0.014813791888837632,
            0.014768343347196396,
            0.014980388088868214,
            0.014439199979488667,
            0.014747845868651684,
            0.014536467810662894,
            0.014186723444324274,
            0.014393362503212232,
            0.014335984793993143,
            0.013899337070492597,
            0.01415038717767367
          ],
          "prediction_variance": [
            0.0002143271267414093,
            8.001376409083605e-05,
            0.00045666718506254256
          ]
        }
      ],
      [
        {
          "iteration": 0,
          "seed": 44,
          "total_samples_seen": 0,
          "samples_added": 0,
          "mse_per_output": [
            0.15118668251751313,
            0.2691771029535888,
            0.6481512454960083
          ],
          "total_mse": 1.0685150309671103,
          "window_size": 1.0,
          "center_point": [
            0.5000038227775604,
            0.5003280052336098,
            0.500042579988823
          ],
          "pool_idx": null,
          "avg_train_loss": null,
          "prediction_variance": [
            NaN,
            NaN,
            NaN
          ]
        },
        {
          "iteration": 1,
          "seed": 44,
          "total_samples_seen": 200,
          "samples_added": 200,
          "mse_per_output": [
            0.00036483968869424843,
            0.00605605478203809,
            0.00017709403685953697
          ],