{
  "pipeline_name": "sample_efficiency_800per_iter_shrink1",
  "timestamp": "2025-12-04 13:15:04",
  "config": {
    "model_type": "NeuralNetModel",
    "model_params": "{'input_size': 6, 'output_size': 3, 'hidden_sizes': (64, 32), 'activation': 'tanh', 'learning_rate': 0.001, 'model_name': 'adaptive_batch_sampling_nn', 'seed': 42}",
    "n_iterations": 1,
    "samples_per_iteration": 800,
    "n_epochs": 50,
    "batch_size": 16,
    "initial_window_size": 1.0,
    "shrink_rate": 1,
    "num_seeds": 5,
    "window_type": "output",
    "use_model_prediction": false,
    "remove_first_pool_each_iteration": false,
    "num_pool_datasets": 31,
    "pool_samples_per_dataset": [
      2000,
      2000,
      2520,
      2520,
      1506,
      2520,
      2520,
      3000,
      1000,
      2500,
      2500,
      2500,
      500,
      2000,
      2500,
      2525,
      2550,
      2575,
      2000,
      2600,
      2550,
      2575,
      2600,
      2500,
      2525,
      1500,
      2700,
      2700,
      2000,
      2750,
      2750
    ],
    "total_pool_samples": 71486,
    "test_samples": 1
  },
  "data_info": {},
  "training_info": {},
  "evaluation": {},
  "raw_results": {
    "all_seed_results": [
      [
        {
          "iteration": 0,
          "seed": 42,
          "total_samples_seen": 0,
          "samples_added": 0,
          "mse_per_output": [
            0.5993477555736278,
            0.2971975857947789,
            0.34931573176184927
          ],
          "total_mse": 1.2458610731302562,
          "window_size": 1.0,
          "center_point": [
            0.5000038227775604,
            0.5003280052336098,
            0.500042579988823
          ],
          "pools_used": [],
          "avg_train_loss": null,
          "prediction_variance": [
            NaN,
            NaN,
            NaN
          ]
        },
        {
          "iteration": 1,
          "seed": 42,
          "total_samples_seen": 800,
          "samples_added": 800,
          "mse_per_output": [
            0.0007496372779771144,
            0.0011236731366432884,
            0.00022891392085345216
          ],
          "total_mse": 0.002102224335473855,
          "window_size": 1.0,
          "center_point": [
            0.5000038227775604,
            0.5003280052336098,
            0.500042579988823
          ],
          "pools_used": [
            0
          ],
          "avg_train_loss": 0.011182498229132032,
          "epoch_losses": [
            0.1316201079264283,
            0.026914821974933147,
            0.022079904302954673,
            0.018925448032096028,
            0.016767264641821385,
            0.015889390986412764,
            0.01554204223677516,
            0.015300346724689006,
            0.01503623536787927,
            0.014986101798713207,
            0.014308328498154879,
            0.014248635247349739,
            0.0137455390766263,
            0.013515548221766949,
            0.013076702523976564,
            0.012398186791688203,
            0.012048672325909138,
            0.01139515982940793,
            0.010796397654339672,
            0.011271004974842071,
            0.01029846270568669,
            0.00946958377957344,
            0.00876354862935841,
            0.008692222880199552,
            0.0081031886767596,
            0.00853390732780099,
            0.007423782548867166,
            0.00697516901884228,
            0.00701995815616101,
            0.006148614878766239,
            0.006208689869381488,
            0.005645133540965617,
            0.004676037072204054,
            0.004363684775307774,
            0.003949454128742218,
            0.003529082420282066,
            0.00319904534611851,
            0.0028312074299901725,
            0.002604616561438888,
            0.0024272508826106787,
            0.0021749442676082253,
            0.0021264612837694585,
            0.001996826386312023,
            0.002129480941221118,
            0.001736569341737777,
            0.0017460034566465765,
            0.0019755695620551706,
            0.0015884827089030296,
            0.0014854298962745816,
            0.0014366638462524862
          ],
          "prediction_variance": [
            NaN,
            NaN,
            NaN
          ],
          "test_predictions_scaled": [
            [
              0.5273833274841309,
              0.5338492393493652,
              0.5151724815368652
            ]
          ],
          "test_true_scaled": [
            [
              0.5000038227775604,
              0.5003280052336098,
              0.500042579988823
            ]
          ]
        }
      ],
      [
        {
          "iteration": 0,
          "seed": 43,
          "total_samples_seen": 0,
          "samples_added": 0,
          "mse_per_output": [
            0.5993477555736278,
            0.2971975857947789,
            0.34931573176184927
          ],
          "total_mse": 1.2458610731302562,
          "window_size": 1.0,
          "center_point": [
            0.5000038227775604,
            0.5003280052336098,
            0.500042579988823
          ],
          "pools_used": [],
          "avg_train_loss": null,
          "prediction_variance": [
            NaN,
            NaN,
            NaN
          ]
        },
        {
          "iteration": 1,
          "seed": 43,
          "total_samples_seen": 800,
          "samples_added": 800,
          "mse_per_output": [
            6.772934530846134e-05,
            7.914926786271935e-08,
            2.7486350780857324e-05
          ],
          "total_mse": 9.529484535718138e-05,
          "window_size": 1.0,
          "center_point": [
            0.5000038227775604,
            0.5003280052336098,
            0.500042579988823
          ],
          "pools_used": [
            0
          ],
          "avg_train_loss": 0.011247198375570587,
          "epoch_losses": [
            0.13610768031328915,
            0.028122882284224035,
            0.022979072164744138,
            0.02025054283440113,
            0.017890692241489887,
            0.01705247575417161,
            0.016452755518257617,
            0.016783989053219556,
            0.015955786556005477,
            0.015467787031084299,
            0.015120436009019612,
            0.014826891422271728,
            0.01427676516585052,
            0.01370116145350039,
            0.01332012382335961,
            0.01283801785670221,
            0.01205634443089366,
            0.011660084426403046,
            0.010827659480273723,
            0.010785765079781413,
            0.009539391496218741,
            0.008997055590152741,
            0.00838883338496089,
            0.008177294358611108,
            0.0077522388286888596,
            0.00776091662235558,
            0.007053849878720939,
            0.006440947875380516,
            0.006157315387390554,
            0.005517989457584918,
            0.0050453903991729025,
            0.004487024685367942,
            0.0040598821756429974,
            0.003988830023445189,
            0.0031552146514877677,
            0.002871526621747762,
            0.0025728230457752943,
            0.002402617235202342,
            0.002350269036833197,
            0.002261138833127916,
            0.0019920392672065647,
            0.0018245454225689173,
            0.001754520230460912,
            0.0015905125206336379,
            0.0015106104512233288,
            0.001690991495270282,
            0.0017116002179682255,
            0.0018476848234422504,
            0.001502438351744786,
            0.0014775135111995041
          ],
          "prediction_variance": [
            NaN,
            NaN,
            NaN
          ],
          "test_predictions_scaled": [
            [
              0.5082336068153381,
              0.5000466704368591,
              0.5052853226661682
            ]
          ],