{
  "pipeline_name": "sample_efficiency_1000samples_7iters",
  "timestamp": "2025-11-10 17:00:21",
  "config": {
    "model_type": "NeuralNetModel",
    "model_params": "{'input_size': 6, 'output_size': 3, 'hidden_sizes': (64, 32), 'activation': 'tanh', 'learning_rate': 0.001, 'model_name': 'adaptive_batch_sampling_nn'}",
    "n_iterations": 7,
    "samples_per_iteration": 142,
    "n_epochs": 50,
    "batch_size": 16,
    "initial_window_size": 1.0,
    "shrink_rate": 0.1,
    "num_seeds": 1,
    "window_type": "output",
    "use_model_prediction": true,
    "num_pool_datasets": 25,
    "pool_samples_per_dataset": [
      4000,
      3000,
      1000,
      2500,
      2500,
      2500,
      500,
      2000,
      2500,
      2525,
      2550,
      2575,
      2000,
      2600,
      2550,
      2575,
      2600,
      2500,
      2525,
      1500,
      2700,
      2700,
      2000,
      2750,
      2750
    ],
    "total_pool_samples": 59900,
    "test_samples": 1
  },
  "data_info": {},
  "training_info": {},
  "evaluation": {},
  "raw_results": {
    "all_seed_results": [
      [
        {
          "iteration": 0,
          "seed": 42,
          "total_samples_seen": 0,
          "samples_added": 0,
          "mse_per_output": [
            0.128015945638037,
            0.13561280241358917,
            0.043699942979002815
          ],
          "total_mse": 0.307328691030629,
          "window_size": 1.0,
          "center_point": [
            0.5000038227775604,
            0.5003280052336098,
            0.500042579988823
          ],
          "pools_used": [],
          "avg_train_loss": null,
          "prediction_variance": [
            NaN,
            NaN,
            NaN
          ]
        },
        {
          "iteration": 1,
          "seed": 42,
          "total_samples_seen": 142,
          "samples_added": 142,
          "mse_per_output": [
            0.00160412359670162,
            0.019422491540326443,
            2.723879221945156e-05
          ],
          "total_mse": 0.021053853929247517,
          "window_size": 1.0,
          "center_point": [
            0.5000038227775604,
            0.5003280052336098,
            0.500042579988823
          ],
          "pools_used": [
            0
          ],
          "avg_train_loss": 0.020564358725936874,
          "epoch_losses": [
            0.14338697327507866,
            0.049103046456972756,
            0.04530640236205525,
            0.0342763267043564,
            0.0312678971224361,
            0.026839637714955542,
            0.024272610536879964,
            0.022055056153072253,
            0.019897028389904235,
            0.018555946027239163,
            0.017983827636473708,
            0.017169110994372103,
            0.016836751873294514,
            0.016482506671713457,
            0.016422626562416553,
            0.016365944511360593,
            0.016242258354193635,
            0.016137238074507978,
            0.016369412549667887,
            0.015929715914858714,
            0.01596388231135077,
            0.015805419017043378,
            0.015706047519213624,
            0.01563929807808664,
            0.015508000324997637,
            0.015581026207655668,
            0.01563130546775129,
            0.015521534615092807,
            0.015566110714442201,
            0.015659146528277133,
            0.01526375011437469,
            0.015215082404514154,
            0.015128270309004519,
            0.015032874109844366,
            0.014973482634458277,
            0.014723709887928434,
            0.01490956772532728,
            0.01481630787667301,
            0.014686803229980998,
            0.014585687261488702,
            0.014607636775407527,
            0.014364824837280644,
            0.014795318970249759,
            0.014099852181971073,
            0.014257175433966849,
            0.014208355504605506,
            0.01387492505212625,
            0.013889575687547525,
            0.013678682554099295,
            0.013623965076274343
          ],
          "prediction_variance": [
            0.00023656040139030665,
            0.00019304794841445982,
            0.00016188652080018073
          ]
        },
        {
          "iteration": 2,
          "seed": 42,
          "total_samples_seen": 199,
          "samples_added": 57,
          "mse_per_output": [
            0.0007410194050905235,
            0.015365391365310552,
            4.134493198493648e-06
          ],
          "total_mse": 0.01611054526359957,
          "window_size": 0.1,
          "center_point": [
            0.5400553345680237,
            0.6396926045417786,
            0.5052616596221924
          ],
          "pools_used": [
            0,
            1
          ],
          "avg_train_loss": 0.0003594246664579259,
          "epoch_losses": [
            0.00040078671008814126,
            0.00043634683242999017,
            0.0004252946164342575,
            0.0004127103093196638,
            0.00036784817348234355,
            0.000387883854273241,
            0.0003514527852530591,
            0.00035451755684334785,
            0.00032769633617135696,
            0.0003411078541830648,
            0.00038195786328287795,
            0.00037845286715310067,
            0.00034504474024288356,
            0.0003380970265425276,
            0.000347114480973687,
            0.00037083063944010064,
            0.000350967631675303,
            0.0003718820007634349,
            0.000346648994309362,
            0.00035096683859592304,
            0.0003622436706791632,
            0.0003337015696160961,
            0.00035967008443549275,
            0.0003394404848222621,
            0.00034245008282596245,
            0.0003412511032365728,
            0.00038487221172545105,
            0.0003568471802282147,
            0.0003386666503502056,
            0.0003603458753786981,
            0.0003667820419650525,
            0.00035284504701849073,
            0.00033287963742623106,
            0.00035669848875841126,
            0.00035286352795083076,
            0.0003696869462146424,
            0.00034132334258174524,
            0.00033581809111637995,
            0.00034315103403059766,
            0.0003612491418607533,
            0.00035313925036462024,
            0.0003512280236463994,
            0.00038581544504268095,
            0.0003659726571640931,
            0.00035736664722207934,
            0.0003561515040928498,
            0.00033828741288743913,
            0.0003414484890527092,
            0.0003585760423447937,
            0.0003428535273997113
          ],
          "prediction_variance": [
            1.7885380430016085e-06,
            6.054468940419611e-06,
            1.0601157782730297e-06
          ]
        }
      ]
    ]
  },
  "aggregated_results": [
    {
      "iteration": 0,
      "total_samples_seen": 0.0,
      "samples_added": 0.0,
      "training_samples": 0,
      "mean_total_mse": 0.307328691030629,
      "std_total_mse": 0.0,
      "mean_mse_per_output": [
        0.128015945638037,
        0.13561280241358917,
        0.043699942979002815
      ],
      "std_mse_per_output": [
        0.0,
        0.0,
        0.0
      ],
      "mean_train_loss": null,
      "window_size": 1.0,
      "num_seeds": 1,
      "mean_prediction_variance_per_output": [
        NaN,
        NaN,
        NaN
      ],
      "std_prediction_variance_per_output": [
        NaN,
        NaN,
        NaN
      ]
    },
    {
      "iteration": 1,
      "total_samples_seen": 142.0,
      "samples_added": 142.0,
      "training_samples": 7100.0,
      "mean_total_mse": 0.021053853929247517,
      "std_total_mse": 0.0,
      "mean_mse_per_output": [
        0.00160412359670162,
        0.019422491540326443,
        2.723879221945156e-05
      ],
      "std_mse_per_output": [
        0.0,
        0.0,
        0.0
      ],
      "mean_train_loss": 0.020564358725936874,
      "window_size": 1.0,