{
  "pipeline_name": "sample_efficiency_800per_iter_shrink1.0",
  "timestamp": "2025-12-08 15:47:36",
  "config": {
    "model_type": "NeuralNetModel",
    "model_params": "{'input_size': 6, 'output_size': 3, 'hidden_sizes': (64, 32), 'activation': 'tanh', 'learning_rate': 0.001, 'model_name': 'adaptive_batch_sampling_nn', 'seed': 42}",
    "n_iterations": 1,
    "samples_per_iteration": 800,
    "n_epochs": 50,
    "batch_size": 16,
    "initial_window_size": 2.0,
    "shrink_rate": 1.0,
    "num_seeds": 5,
    "window_type": "output",
    "use_model_prediction": false,
    "remove_first_pool_each_iteration": false,
    "num_pool_datasets": 1,
    "pool_samples_per_dataset": [
      4000
    ],
    "total_pool_samples": 4000,
    "test_samples": 1
  },
  "data_info": {},
  "training_info": {},
  "evaluation": {},
  "raw_results": {
    "all_seed_results": [
      [
        {
          "iteration": 0,
          "seed": 42,
          "total_samples_seen": 0,
          "samples_added": 0,
          "mse_per_output": [
            0.5993477555736278,
            0.2971975857947789,
            0.34931573176184927
          ],
          "total_mse": 1.2458610731302562,
          "window_size": 2.0,
          "center_point": [
            0.5000038227775604,
            0.5003280052336098,
            0.500042579988823
          ],
          "pools_used": [],
          "avg_train_loss": null,
          "prediction_variance": [
            NaN,
            NaN,
            NaN
          ]
        },
        {
          "iteration": 1,
          "seed": 42,
          "total_samples_seen": 800,
          "samples_added": 800,
          "mse_per_output": [
            0.0009764539645787533,
            4.014934781817942e-06,
            1.1506597947531005e-05
          ],
          "total_mse": 0.0009919754973081022,
          "window_size": 2.0,
          "center_point": [
            0.3332522288524732,
            0.3333525341748696,
            0.7500616981603151
          ],
          "pools_used": [
            0
          ],
          "avg_train_loss": 0.02481193424472585,
          "epoch_losses": [
            0.28402708694338796,
            0.059178416058421134,
            0.04205265175551176,
            0.03555116601288319,
            0.031071491353213788,
            0.028800759240984918,
            0.02775344831869006,
            0.027365890219807624,
            0.026999348625540733,
            0.026186768300831317,
            0.02560997545719147,
            0.025597141310572624,
            0.02486542981117964,
            0.024278295636177064,
            0.02399021914228797,
            0.02356525367125869,
            0.023361126687377692,
            0.022675844933837654,
            0.02218602702021599,
            0.02200234267860651,
            0.021077379789203404,
            0.020565308462828398,
            0.020559442825615407,
            0.020240067075937986,
            0.01915807742625475,
            0.01911113291978836,
            0.018853061832487583,
            0.017728594951331614,
            0.017367515694350005,
            0.016592242270708085,
            0.016295367144048212,
            0.01591484749689698,
            0.015062739085406065,
            0.014770010355859994,
            0.014022435061633587,
            0.013220849018543958,
            0.012354248156771063,
            0.012720728907734156,
            0.011238399893045425,
            0.011501945396885276,
            0.010432444410398603,
            0.009870962901040913,
            0.010124834962189197,
            0.008933047852478922,
            0.008547948785126208,
            0.007744135120883584,
            0.007637366508133709,
            0.007593012754805386,
            0.0066252466524019836,
            0.00761463534552604
          ],
          "prediction_variance": [
            NaN,
            NaN,
            NaN
          ],
          "test_predictions_scaled": [
            [
              0.5312520861625671,
              0.49832427501678467,
              0.5034347176551819
            ]
          ],
          "test_true_scaled": [
            [
              0.5000038227775604,
              0.5003280052336098,
              0.500042579988823
            ]
          ]
        }
      ],
      [
        {
          "iteration": 0,
          "seed": 43,
          "total_samples_seen": 0,
          "samples_added": 0,
          "mse_per_output": [
            0.5993477555736278,
            0.2971975857947789,
            0.34931573176184927
          ],
          "total_mse": 1.2458610731302562,
          "window_size": 2.0,
          "center_point": [
            0.5000038227775604,
            0.5003280052336098,
            0.500042579988823
          ],
          "pools_used": [],
          "avg_train_loss": null,
          "prediction_variance": [
            NaN,
            NaN,
            NaN
          ]
        },
        {
          "iteration": 1,
          "seed": 43,
          "total_samples_seen": 800,
          "samples_added": 800,
          "mse_per_output": [
            9.177883841674284e-05,
            2.6581071704541344e-05,
            1.2223360713244879e-05
          ],
          "total_mse": 0.00013058327083452907,
          "window_size": 2.0,
          "center_point": [
            0.3332522288524732,
            0.3333525341748696,
            0.7500616981603151
          ],
          "pools_used": [
            0
          ],
          "avg_train_loss": 0.02343472334039397,
          "epoch_losses": [
            0.27432117447257043,
            0.05640157029032707,
            0.04215060286223889,
            0.03542415205389261,
            0.03051174584776163,
            0.027842677496373654,
            0.026812162585556507,
            0.026441991478204727,
            0.0257861184887588,
            0.025618371069431305,
            0.02469502955675125,
            0.024321793522685767,
            0.02350608667358756,
            0.02391545433551073,
            0.022622109577059745,
            0.022824969366192816,
            0.02183202775195241,
            0.021413496509194375,
            0.021312685590237378,
            0.020199370570480824,
            0.020552999116480352,
            0.019315163232386114,
            0.018715965691953898,
            0.01873358491808176,
            0.01821892723441124,
            0.017822086084634065,
            0.017613446786999703,
            0.015954834036529066,
            0.01560197539627552,
            0.015188046274706721,
            0.014563636286184192,
            0.014199726842343807,
            0.0133006096445024,
            0.012588481912389397,
            0.013239388186484576,
            0.01225939297117293,
            0.011270908694714308,
            0.010717661445960402,
            0.009979231553152203,
            0.009966307505965232,
            0.009959514914080501,
            0.008702764473855495,
            0.00827115934342146,
            0.0073692513816058635,
            0.007222586451098323,
            0.0071726108947768805,
            0.006708951406180858,
            0.00690371367149055,
            0.005671405054163188,
            0.005998245514929295
          ],
          "prediction_variance": [
            NaN,
            NaN,
            NaN
          ],
          "test_predictions_scaled": [
            [
              0.5095839500427246,
              0.49517232179641724,
              0.4965463876724243
            ]
          ],
          "test_true_scaled": [
            [
              0.5000038227775604,
              0.5003280052336098,
              0.500042579988823
            ]
          ]
        }
      ],
      [
        {
          "iteration": 0,
          "seed": 44,
          "total_samples_seen": 0,
          "samples_added": 0,