{
  "pipeline_name": "sample_efficiency_400samples_4iters",
  "timestamp": "2025-11-07 17:32:16",
  "config": {
    "model_type": "NeuralNetModel",
    "model_params": "{'input_size': 6, 'output_size': 3, 'hidden_sizes': (64, 32), 'activation': 'tanh', 'learning_rate': 0.001, 'model_name': 'adaptive_batch_sampling_nn'}",
    "n_iterations": 4,
    "samples_per_iteration": 100,
    "n_epochs": 50,
    "batch_size": 16,
    "initial_window_size": 1.0,
    "shrink_rate": 0.3,
    "num_seeds": 1,
    "window_type": "output",
    "use_model_prediction": true,
    "num_pool_datasets": 7,
    "pool_samples_per_dataset": [
      4000,
      1000,
      2500,
      500,
      2000,
      1500,
      2000
    ],
    "total_pool_samples": 13500,
    "test_samples": 1
  },
  "data_info": {},
  "training_info": {},
  "evaluation": {},
  "raw_results": {
    "all_seed_results": [
      [
        {
          "iteration": 0,
          "seed": 42,
          "total_samples_seen": 0,
          "samples_added": 0,
          "mse_per_output": [
            0.34206182692407405,
            0.42032906959161553,
            0.5960355488718897
          ],
          "total_mse": 1.3584264453875794,
          "window_size": 1.0,
          "center_point": [
            0.5000038227775604,
            0.5003280052336098,
            0.500042579988823
          ],
          "pool_idx": null,
          "avg_train_loss": null,
          "prediction_variance": [
            NaN,
            NaN,
            NaN
          ]
        },
        {
          "iteration": 1,
          "seed": 42,
          "total_samples_seen": 100,
          "samples_added": 100,
          "mse_per_output": [
            0.001273197650914144,
            0.038676179786650666,
            0.0011422575840390008
          ],
          "total_mse": 0.04109163502160381,
          "window_size": 1.0,
          "center_point": [
            0.5000038227775604,
            0.5003280052336098,
            0.500042579988823
          ],
          "pool_idx": 0,
          "avg_train_loss": 0.0364814609129514,
          "epoch_losses": [
            0.5237759947776794,
            0.1899354841027941,
            0.05769306514412165,
            0.052395571555410116,
            0.05720982487712588,
            0.04028956325990813,
            0.03535517518009458,
            0.03493486185159002,
            0.03115314963672842,
            0.029800324833818843,
            0.028735405898519924,
            0.027416657922523364,
            0.025502219263996397,
            0.02464538280453001,
            0.02201234589197806,
            0.023564753787858144,
            0.02268967910536698,
            0.02397915587893554,
            0.01980904463146414,
            0.020977807896477834,
            0.02077053753393037,
            0.019828910141118934,
            0.01937317049929074,
            0.019302260662828172,
            0.017891878927392618,
            0.01878671215048858,
            0.01756265160760709,
            0.018297739593046054,
            0.016738535969385078,
            0.01834089801247631,
            0.017864377237856388,
            0.017131538928619454,
            0.017921156382986476,
            0.018056370051843778,
            0.017611112844731127,
            0.01809644140303135,
            0.0179745935435806,
            0.01700785436800548,
            0.016470310677375113,
            0.016577699620808874,
            0.018005411007574627,
            0.01657838706991502,
            0.018938835045056685,
            0.016235912617828165,
            0.016204874962568283,
            0.0173710487516863,
            0.01757271441497973,
            0.016544758874390806,
            0.016463554331234524,
            0.01667733011501176
          ],
          "prediction_variance": [
            0.0007136965868994594,
            9.967202640837058e-05,
            0.000364610314136371
          ]
        },
        {
          "iteration": 2,
          "seed": 42,
          "total_samples_seen": 200,
          "samples_added": 100,
          "mse_per_output": [
            0.001261277283531555,
            0.042112061220222693,
            1.7345498038913713e-05
          ],
          "total_mse": 0.04339068400179316,
          "window_size": 0.3,
          "center_point": [
            0.5356857180595398,
            0.6969906091690063,
            0.5338398814201355
          ],
          "pool_idx": 0,
          "avg_train_loss": 0.003911989626108802,
          "epoch_losses": [
            0.004204271327970284,
            0.0039782585642699686,
            0.004249578375103218,
            0.004336672768528972,
            0.00455884329442467,
            0.003925101365894079,
            0.004035116173326969,
            0.004113071198974337,
            0.003943739658487695,
            0.003750946098339877,
            0.004105969698035291,
            0.003802365091230188,
            0.004077959406588759,
            0.0036289971488128814,
            0.004119594847517354,
            0.004192409404952612,
            0.004055339177804334,
            0.0036222211284829037,
            0.004065749035882098,
            0.0038395428231784274,
            0.003970539263848748,
            0.004089913996202605,
            0.0038949443426515374,
            0.0038503508881798814,
            0.003840448966782008,
            0.0039049095939844847,
            0.0037970515300652812,
            0.00382669223472476,
            0.003930063618879233,
            0.0039008598708148512,
            0.003993521577545575,
            0.003990155411884189,
            0.0041268761934978625,
            0.0038139081027890953,
            0.0039257439119475225,
            0.0036039489454456736,
            0.0036403795571199487,
            0.004070730580549155,
            0.003912969725206494,
            0.0036638319891478333,
            0.0036589416808315684,
            0.0037318046005176647,
            0.0038284997987960067,
            0.0036878995929977725,
            0.0037070661783218384,
            0.0036426310294440816,
            0.0036456819424139602,
            0.003825686572651778,
            0.0037969388400337528,
            0.0037207441803600106
          ],
          "prediction_variance": [
            2.547395069996128e-06,
            1.619787326490041e-05,
            3.929566446458921e-06
          ]
        },
        {
          "iteration": 3,
          "seed": 42,
          "total_samples_seen": 211,
          "samples_added": 11,
          "mse_per_output": [
            0.0011856642692469144,
            0.04037101994984722,
            2.5347830138375836e-05
          ],
          "total_mse": 0.04158203204923251,
          "window_size": 0.09,
          "center_point": [
            0.5355182886123657,
            0.7055402398109436,
            0.5042073726654053
          ],
          "pool_idx": 6,
          "avg_train_loss": 0.0003789638954913244,