{
  "pipeline_name": "sample_efficiency_1000samples_10iters",
  "timestamp": "2025-11-09 11:19:13",
  "config": {
    "model_type": "NeuralNetModel",
    "model_params": "{'input_size': 6, 'output_size': 3, 'hidden_sizes': (64, 32), 'activation': 'tanh', 'learning_rate': 0.001, 'model_name': 'adaptive_batch_sampling_nn'}",
    "n_iterations": 10,
    "samples_per_iteration": 100,
    "n_epochs": 50,
    "batch_size": 16,
    "initial_window_size": 1.0,
    "shrink_rate": 0.2,
    "num_seeds": 1,
    "window_type": "output",
    "use_model_prediction": true,
    "num_pool_datasets": 17,
    "pool_samples_per_dataset": [
      4000,
      3000,
      1000,
      2500,
      2500,
      2500,
      500,
      2000,
      2000,
      2600,
      2600,
      1500,
      2700,
      2700,
      2000,
      2750,
      2750
    ],
    "total_pool_samples": 39600,
    "test_samples": 1
  },
  "data_info": {},
  "training_info": {},
  "evaluation": {},
  "raw_results": {
    "all_seed_results": [
      [
        {
          "iteration": 0,
          "seed": 42,
          "total_samples_seen": 0,
          "samples_added": 0,
          "mse_per_output": [
            0.25364436062736584,
            0.6059762102279047,
            0.4059583906906487
          ],
          "total_mse": 1.2655789615459192,
          "window_size": 1.0,
          "center_point": [
            0.5000038227775604,
            0.5003280052336098,
            0.500042579988823
          ],
          "pools_used": [],
          "avg_train_loss": null,
          "prediction_variance": [
            NaN,
            NaN,
            NaN
          ]
        },
        {
          "iteration": 1,
          "seed": 42,
          "total_samples_seen": 100,
          "samples_added": 100,
          "mse_per_output": [
            0.0015340335569620275,
            0.03050383445826638,
            0.0013176756573432804
          ],
          "total_mse": 0.03335554367257169,
          "window_size": 1.0,
          "center_point": [
            0.5000038227775604,
            0.5003280052336098,
            0.500042579988823
          ],
          "pools_used": [
            0
          ],
          "avg_train_loss": 0.03662075431086123,
          "epoch_losses": [
            0.5111842751502991,
            0.24751230861459458,
            0.08974463865160942,
            0.04278646515948432,
            0.04937993681856564,
            0.04184468143752643,
            0.03156500629016331,
            0.03202496628676142,
            0.02945282416684287,
            0.026545004653079168,
            0.02445649009730135,
            0.023152120411396027,
            0.024862113541790416,
            0.021552490336554393,
            0.02060036494263581,
            0.021278128826192448,
            0.02080617712012359,
            0.018697368779352734,
            0.01900442024426801,
            0.018577133305370808,
            0.018086535723081658,
            0.019527849342141832,
            0.019049699817384993,
            0.017238238427255834,
            0.017528793109314784,
            0.02011411264538765,
            0.017179893728877817,
            0.01719170649136816,
            0.018006519015346254,
            0.017004720733634064,
            0.016551750179912363,
            0.017156616784632206,
            0.016168171539902687,
            0.01745329358215843,
            0.01754797755607537,
            0.017063339906079427,
            0.017537955593849932,
            0.01676073790128742,
            0.017275407245116576,
            0.016546433924564292,
            0.01773875206708908,
            0.017072051896580627,
            0.017241957198296274,
            0.01694241605166878,
            0.017818632402590344,
            0.015454442972051246,
            0.016423792179141725,
            0.015483270665364606,
            0.015463894100061484,
            0.015381837928933757
          ],
          "prediction_variance": [
            0.0005885244463570416,
            0.0003595552407205105,
            0.00014984910376369953
          ]
        },
        {
          "iteration": 2,
          "seed": 42,
          "total_samples_seen": 200,
          "samples_added": 100,
          "mse_per_output": [
            0.0012015782223972133,
            0.03311201775464039,
            3.29054674217281e-05
          ],
          "total_mse": 0.03434650144445933,
          "window_size": 0.2,
          "center_point": [
            0.5391705632209778,
            0.6749814748764038,
            0.5363423824310303
          ],
          "pools_used": [
            0,
            1
          ],
          "avg_train_loss": 0.0015013535119526619,
          "epoch_losses": [
            0.0015962485090962478,
            0.0016310356856722916,
            0.0016838108006465649,
            0.0015965575917756983,
            0.0016007734895018594,
            0.0015753091013591205,
            0.0014074455996576165,
            0.001547297612497849,
            0.0013835877304830188,
            0.0013643021603846656,
            0.0013530251827822731,
            0.0016345554031431675,
            0.0015114301599429122,
            0.001412616510476385,
            0.0014128352964429983,
            0.0014826436859688588,
            0.001455658780676978,
            0.0014971772907301784,
            0.001583064773253032,
            0.0014095258416741022,
            0.0016633620003371366,
            0.001847011669139777,
            0.0015172522814412201,
            0.001402142973217581,
            0.0016306001426918165,
            0.0014969305068786656,
            0.0016497975614454066,
            0.0014504302858508059,
            0.001417657784518919,
            0.0014781460797946369,
            0.0013755203690379858,
            0.001588281210778015,
            0.0014539390103891492,
            0.0014638255067568804,
            0.0013769531921882714,
            0.0014203414653560945,
            0.0014716210841600383,
            0.0016811011425618614,
            0.001424341425133337,
            0.0014081146925621266,
            0.0015229193876231356,
            0.0015509823819489352,
            0.0015491667935358627,
            0.001522062861892794,
            0.0015979016399277107,
            0.0014703689209584678,
            0.0013232231348021223,
            0.0014030008210933634,
            0.0013799638088260377,
            0.00139181425661913
          ],
          "prediction_variance": [
            8.17805266706273e-06,
            2.5108694899245165e-05,
            1.8675576711757458e-06
          ]
        },
        {
          "iteration": 3,
          "seed": 42,
          "total_samples_seen": 205,
          "samples_added": 5,
          "mse_per_output": [
            0.0011579646514880458,
            0.03176495083684848,
            3.586874906412376e-05
          ],
          "total_mse": 0.03295878423740065,
          "window_size": 0.04000000000000001,
          "center_point": [
            0.5346676111221313,
            0.6822950839996338,
            0.5057789087295532
          ],
          "pools_used": [
            0,
            1
          ],
          "avg_train_loss": 4.481518284592312e-05,