{
  "pipeline_name": "sample_efficiency_1500samples_1iters",
  "timestamp": "2025-11-07 17:53:52",
  "config": {
    "model_type": "NeuralNetModel",
    "model_params": "{'input_size': 6, 'output_size': 3, 'hidden_sizes': (64, 32), 'activation': 'tanh', 'learning_rate': 0.001, 'model_name': 'adaptive_batch_sampling_nn'}",
    "n_iterations": 1,
    "samples_per_iteration": 1500,
    "n_epochs": 50,
    "batch_size": 16,
    "initial_window_size": 1.0,
    "shrink_rate": 0.3,
    "num_seeds": 5,
    "window_type": "output",
    "use_model_prediction": true,
    "num_pool_datasets": 7,
    "pool_samples_per_dataset": [
      4000,
      1000,
      2500,
      500,
      2000,
      1500,
      2000
    ],
    "total_pool_samples": 13500,
    "test_samples": 1
  },
  "data_info": {},
  "training_info": {},
  "evaluation": {},
  "raw_results": {
    "all_seed_results": [
      [
        {
          "iteration": 0,
          "seed": 42,
          "total_samples_seen": 0,
          "samples_added": 0,
          "mse_per_output": [
            0.09043189965552723,
            0.4648150030661882,
            0.44801355139178756
          ],
          "total_mse": 1.003260454113503,
          "window_size": 1.0,
          "center_point": [
            0.5000038227775604,
            0.5003280052336098,
            0.500042579988823
          ],
          "pool_idx": null,
          "avg_train_loss": null,
          "prediction_variance": [
            NaN,
            NaN,
            NaN
          ]
        },
        {
          "iteration": 1,
          "seed": 42,
          "total_samples_seen": 1500,
          "samples_added": 1500,
          "mse_per_output": [
            5.813494881151731e-06,
            0.0003254287156378758,
            3.650124695345209e-06
          ],
          "total_mse": 0.00033489233521437274,
          "window_size": 1.0,
          "center_point": [
            0.5000038227775604,
            0.5003280052336098,
            0.500042579988823
          ],
          "pool_idx": 0,
          "avg_train_loss": 0.005987476558824557,
          "epoch_losses": [
            0.0726696569670705,
            0.020055690215543865,
            0.016182166841277417,
            0.015569862934384258,
            0.014654317647813166,
            0.01364640499702952,
            0.012777879893621231,
            0.01171453224316715,
            0.010447286906592707,
            0.009575116871657999,
            0.00919037972616547,
            0.009357811107815422,
            0.008138004358501193,
            0.007731835464352465,
            0.00762475167272335,
            0.006253026534823027,
            0.005481683054661497,
            0.004261189752179099,
            0.0034031136261120916,
            0.002942959968733819,
            0.002219551006961178,
            0.001935269124434389,
            0.0019800811888342922,
            0.0017881598673448798,
            0.001591048927289097,
            0.0014699379575409074,
            0.001384074801883779,
            0.0014422181151569524,
            0.0013752821792645301,
            0.0013264464790328466,
            0.0014648712930601447,
            0.0012348301459767638,
            0.001173710754881811,
            0.0013649530648105243,
            0.0014094819634919986,
            0.0010840697080872835,
            0.0010731999054575893,
            0.0010281457321748059,
            0.0010346996993014707,
            0.0010458365181198422,
            0.0009893589186174994,
            0.0010438644981440256,
            0.0009232541302248757,
            0.0008601956676315279,
            0.0009910557580061574,
            0.0008667007324278374,
            0.0009030212686605197,
            0.001165426220432756,
            0.0008266886926573166,
            0.000700722837094911
          ],
          "prediction_variance": [
            0.00025277884560637176,
            0.0003018283750861883,
            0.00010178312368225306
          ]
        }
      ],
      [
        {
          "iteration": 0,
          "seed": 43,
          "total_samples_seen": 0,
          "samples_added": 0,
          "mse_per_output": [
            0.10423473768761578,
            0.5140261059441602,
            0.31760861732425705
          ],
          "total_mse": 0.9358694609560331,
          "window_size": 1.0,
          "center_point": [
            0.5000038227775604,
            0.5003280052336098,
            0.500042579988823
          ],
          "pool_idx": null,
          "avg_train_loss": null,
          "prediction_variance": [
            NaN,
            NaN,
            NaN
          ]
        },
        {
          "iteration": 1,
          "seed": 43,
          "total_samples_seen": 1500,
          "samples_added": 1500,
          "mse_per_output": [
            7.577024915594004e-05,
            3.969830208276577e-05,
            5.7055067456302725e-05
          ],
          "total_mse": 0.00017252361869500853,
          "window_size": 1.0,
          "center_point": [
            0.5000038227775604,
            0.5003280052336098,
            0.500042579988823
          ],
          "pool_idx": 0,
          "avg_train_loss": 0.006219763455614001,
          "epoch_losses": [
            0.06120014527535185,
            0.018846292534169366,
            0.01645432748494947,
            0.015913306656194493,
            0.015437503573187489,
            0.014866902814940252,
            0.014450702043448357,
            0.013692298482984621,
            0.012865302559146856,
            0.011659290829792302,
            0.010471655397695746,
            0.009143696335005634,
            0.009389575132406614,
            0.008389487619848644,
            0.007530388885494718,
            0.007009639030698925,
            0.006201622623732274,
            0.0056133749634721015,
            0.005012307607103139,
            0.004538015772073352,
            0.0034731339175313554,
            0.0027600372361237225,
            0.002446054219654662,
            0.002189427455069814,
            0.0018527294407559044,
            0.00191081434852404,
            0.0017366597872906107,
            0.0017756323665727247,
            0.0016843323432345022,
            0.0014967601572936202,
            0.0014020396455963874,
            0.0014438213739653139,
            0.001398110107092702,
            0.0013737604313064367,
            0.0013884102806146752,
            0.001194098016601353,
            0.0014137264076085326,
            0.001117768371106185,
            0.0010020834083564857,
            0.000980562104117819,
            0.0009594896886908905,
            0.0009376701132265574,
            0.000955428617283147,
            0.0009291593673975861,
            0.000852344748675526,
            0.0007537559453184974,
            0.0007461723218240993,
            0.0007076143965798807,
            0.0007709466940178436,
            0.0006497938475730096
          ],
          "prediction_variance": [
            0.00011673272820189595,
            0.0026518942322582006,
            0.00027020153356716037
          ]
        }
      ],
      [
        {
          "iteration": 0,
          "seed": 44,
          "total_samples_seen": 0,
          "samples_added": 0,
          "mse_per_output": [
            0.2870955357717332,
            0.2899752495780315,
            0.5404716193855793
          ],
          "total_mse": 1.1175424047353442,
          "window_size": 1.0,
          "center_point": [
            0.5000038227775604,
            0.5003280052336098,
            0.500042579988823
          ],
          "pool_idx": null,
          "avg_train_loss": null,
          "prediction_variance": [
            NaN,
            NaN,
            NaN
          ]
        },
        {
          "iteration": 1,
          "seed": 44,
          "total_samples_seen": 1500,
          "samples_added": 1500,