{
  "pipeline_name": "sample_efficiency_400per_iter_shrink1",
  "timestamp": "2025-12-01 21:10:55",
  "config": {
    "model_type": "NeuralNetModel",
    "model_params": "{'input_size': 6, 'output_size': 3, 'hidden_sizes': (64, 32), 'activation': 'tanh', 'learning_rate': 0.001, 'model_name': 'adaptive_batch_sampling_nn', 'seed': 42}",
    "n_iterations": 3,
    "samples_per_iteration": 400,
    "n_epochs": 50,
    "batch_size": 16,
    "initial_window_size": 1.0,
    "shrink_rate": 1,
    "num_seeds": 1,
    "window_type": "output",
    "use_model_prediction": false,
    "remove_first_pool_each_iteration": false,
    "num_pool_datasets": 25,
    "pool_samples_per_dataset": [
      4000,
      3000,
      1000,
      2500,
      2500,
      2500,
      500,
      2000,
      2500,
      2525,
      2550,
      2575,
      2000,
      2600,
      2550,
      2575,
      2600,
      2500,
      2525,
      1500,
      2700,
      2700,
      2000,
      2750,
      2750
    ],
    "total_pool_samples": 59900,
    "test_samples": 1
  },
  "data_info": {},
  "training_info": {},
  "evaluation": {},
  "raw_results": {
    "all_seed_results": [
      [
        {
          "iteration": 0,
          "seed": 42,
          "total_samples_seen": 0,
          "samples_added": 0,
          "mse_per_output": [
            0.5993477555736278,
            0.2971975857947789,
            0.34931573176184927
          ],
          "total_mse": 1.2458610731302562,
          "window_size": 1.0,
          "center_point": [
            0.5000038227775604,
            0.5003280052336098,
            0.500042579988823
          ],
          "pools_used": [],
          "avg_train_loss": null,
          "prediction_variance": [
            NaN,
            NaN,
            NaN
          ]
        },
        {
          "iteration": 1,
          "seed": 42,
          "total_samples_seen": 400,
          "samples_added": 400,
          "mse_per_output": [
            0.0009434539736346046,
            0.0077076617236649944,
            3.345893727352416e-05
          ],
          "total_mse": 0.008684574634573124,
          "window_size": 1.0,
          "center_point": [
            0.5000038227775604,
            0.5003280052336098,
            0.500042579988823
          ],
          "pools_used": [
            0
          ],
          "avg_train_loss": 0.018136395556107163,
          "epoch_losses": [
            0.2158804039657116,
            0.04017712578177452,
            0.02850253537297249,
            0.02403836391866207,
            0.02238480396568775,
            0.020931401997804643,
            0.019213100038468836,
            0.018084569051861763,
            0.0171480068936944,
            0.016266258247196675,
            0.015789780355989932,
            0.015784313976764677,
            0.015823875293135642,
            0.015531843677163124,
            0.015354095175862312,
            0.01503019567579031,
            0.014846565872430802,
            0.014809433948248624,
            0.014551236592233181,
            0.014289000369608403,
            0.014458215162158013,
            0.014115211181342601,
            0.014393685944378376,
            0.013941390328109265,
            0.013741530273109674,
            0.013557797372341156,
            0.013166969232261181,
            0.013052839189767837,
            0.012460417356342077,
            0.012312534265220165,
            0.012275749426335096,
            0.012157140020281076,
            0.01182217888534069,
            0.011756844911724329,
            0.011560199428349733,
            0.011177121773362159,
            0.010344332568347454,
            0.010706698186695576,
            0.010092749055474996,
            0.00975422838702798,
            0.009380519483238458,
            0.009105518646538257,
            0.00892336806282401,
            0.009244259148836136,
            0.008742112815380097,
            0.00858875121921301,
            0.00824730472639203,
            0.007891672868281603,
            0.007958457469940186,
            0.007453070245683193
          ],
          "prediction_variance": [
            NaN,
            NaN,
            NaN
          ],
          "test_predictions_scaled": [
            [
              0.530719518661499,
              0.5881212949752808,
              0.5058269500732422
            ]
          ],
          "test_true_scaled": [
            [
              0.5000038227775604,
              0.5003280052336098,
              0.500042579988823
            ]
          ]
        },
        {
          "iteration": 2,
          "seed": 42,
          "total_samples_seen": 800,
          "samples_added": 400,
          "mse_per_output": [
            0.001088943889191531,
            0.0056991266138564445,
            0.00014047705645276414
          ],
          "total_mse": 0.006928547559500739,
          "window_size": 1.0,
          "center_point": [
            0.5000038227775604,
            0.5003280052336098,
            0.500042579988823
          ],
          "pools_used": [
            0
          ],
          "avg_train_loss": 0.004037247904483229,
          "epoch_losses": [
            0.008008259674534201,
            0.007794418828561902,
            0.0077747986651957035,
            0.007746546175330877,
            0.007667361907660961,
            0.006927525252103805,
            0.007419207571074366,
            0.00792260454967618,
            0.006215817788615823,
            0.006244186731055379,
            0.006819821279495954,
            0.007961248569190503,
            0.0070318019110709425,
            0.005751158948987723,
            0.005015359949320555,
            0.004967651488259435,
            0.004447011891752482,
            0.0043320954777300354,
            0.005737932510674,
            0.004110972378402949,
            0.003810144243761897,
            0.0039904586039483545,
            0.0032961941650137307,
            0.003269057972356677,
            0.0031063966872170567,
            0.0028250385401770474,
            0.002738218526355922,
            0.0026893398351967336,
            0.0026507432432845233,
            0.002824781336821616,
            0.0025354314059950413,
            0.0023260100511834025,
            0.0025521461851894856,
            0.002239832668565214,
            0.0019890473294071854,
            0.002198504721745849,
            0.0019875196530483663,
            0.0019220360554754734,
            0.0018458627699874343,
            0.0026392552629113195,
            0.0019163806829601527,
            0.0016763838450424373,
            0.0019983679568395018,
            0.0022233983455225825,
            0.0017260069097392262,
            0.0016493042861111462,
            0.0017913617589510977,
            0.0021933168568648398,
            0.0015317578054964542,
            0.0018243159702979028
          ],
          "prediction_variance": [
            NaN,
            NaN,
            NaN
          ],
          "test_predictions_scaled": [
            [
              0.5330029726028442,
              0.5758205652236938,
              0.5118948817253113
            ]
          ],
          "test_true_scaled": [
            [
              0.5000038227775604,
              0.5003280052336098,
              0.500042579988823
            ]
          ]
        },
        {
          "iteration": 3,
          "seed": 42,
          "total_samples_seen": 1200,
          "samples_added": 400,
          "mse_per_output": [
            0.00027017450861561813,
            0.0019480063840682182,
            3.8094309814064474e-06
          ],
          "total_mse": 0.0022219903236652427,
          "window_size": 1.0,
          "center_point": [
            0.5000038227775604,
            0.5003280052336098,
            0.500042579988823
          ],
          "pools_used": [
            0
          ],
          "avg_train_loss": 0.0012777753569884229,