{
  "pipeline_name": "sample_efficiency_2000samples_1iters",
  "timestamp": "2025-11-09 11:32:03",
  "config": {
    "model_type": "NeuralNetModel",
    "model_params": "{'input_size': 6, 'output_size': 3, 'hidden_sizes': (64, 32), 'activation': 'tanh', 'learning_rate': 0.001, 'model_name': 'adaptive_batch_sampling_nn'}",
    "n_iterations": 1,
    "samples_per_iteration": 2000,
    "n_epochs": 50,
    "batch_size": 16,
    "initial_window_size": 1.0,
    "shrink_rate": 0.15,
    "num_seeds": 5,
    "window_type": "output",
    "use_model_prediction": true,
    "num_pool_datasets": 17,
    "pool_samples_per_dataset": [
      4000,
      3000,
      1000,
      2500,
      2500,
      2500,
      500,
      2000,
      2000,
      2600,
      2600,
      1500,
      2700,
      2700,
      2000,
      2750,
      2750
    ],
    "total_pool_samples": 39600,
    "test_samples": 1
  },
  "data_info": {},
  "training_info": {},
  "evaluation": {},
  "raw_results": {
    "all_seed_results": [
      [
        {
          "iteration": 0,
          "seed": 42,
          "total_samples_seen": 0,
          "samples_added": 0,
          "mse_per_output": [
            0.47117090495016833,
            0.004964849940755537,
            0.16056086246321977
          ],
          "total_mse": 0.6366966173541436,
          "window_size": 1.0,
          "center_point": [
            0.5000038227775604,
            0.5003280052336098,
            0.500042579988823
          ],
          "pools_used": [],
          "avg_train_loss": null,
          "prediction_variance": [
            NaN,
            NaN,
            NaN
          ]
        },
        {
          "iteration": 1,
          "seed": 42,
          "total_samples_seen": 2000,
          "samples_added": 2000,
          "mse_per_output": [
            3.1018288578034034e-05,
            7.392404829972749e-05,
            1.5294627594354753e-06
          ],
          "total_mse": 0.000106471799637197,
          "window_size": 1.0,
          "center_point": [
            0.5000038227775604,
            0.5003280052336098,
            0.500042579988823
          ],
          "pools_used": [
            0
          ],
          "avg_train_loss": 0.0037691743574163415,
          "epoch_losses": [
            0.03983015000075102,
            0.01566994643956423,
            0.014332526296377181,
            0.013328228119760751,
            0.011721257597208023,
            0.010083607204258441,
            0.00912431875243783,
            0.008348042275756598,
            0.007330794431269169,
            0.0060136703252792354,
            0.004911238692700863,
            0.004109663337469101,
            0.002793668984435499,
            0.0021931032468564806,
            0.002089605137705803,
            0.002004989198409021,
            0.001636688138358295,
            0.001662817932665348,
            0.0015816979082301258,
            0.001705014148261398,
            0.0014558577300049366,
            0.0014905593334697187,
            0.001550836715614423,
            0.0014437449085526169,
            0.001457857470959425,
            0.001322519135195762,
            0.0011873250536154956,
            0.0011712136291898787,
            0.0011615487691015005,
            0.0011733533395454287,
            0.0009847703033592553,
            0.0011924144071526826,
            0.0009351938462350517,
            0.0009267927999608218,
            0.0009327066778205335,
            0.0008880480101797729,
            0.000700028499471955,
            0.000739711896982044,
            0.0008761203503236174,
            0.0007439649890875444,
            0.0006308857464464382,
            0.0007148613614263013,
            0.0005361443524016067,
            0.0006888263198779896,
            0.0006746238630730659,
            0.0006150502605014481,
            0.00046565736253978684,
            0.0004711509057087824,
            0.0004734527770779096,
            0.00038246888818684965
          ],
          "prediction_variance": [
            0.0001726862246869132,
            0.0014784929808229208,
            8.728540706215426e-06
          ]
        }
      ],
      [
        {
          "iteration": 0,
          "seed": 43,
          "total_samples_seen": 0,
          "samples_added": 0,
          "mse_per_output": [
            0.29954892420768314,
            0.15358887744785144,
            0.267439275009465
          ],
          "total_mse": 0.7205770766649996,
          "window_size": 1.0,
          "center_point": [
            0.5000038227775604,
            0.5003280052336098,
            0.500042579988823
          ],
          "pools_used": [],
          "avg_train_loss": null,
          "prediction_variance": [
            NaN,
            NaN,
            NaN
          ]
        },
        {
          "iteration": 1,
          "seed": 43,
          "total_samples_seen": 2000,
          "samples_added": 2000,
          "mse_per_output": [
            2.184156153210759e-06,
            0.0004206999179389155,
            5.642413544829158e-07
          ],
          "total_mse": 0.0004234483154466092,
          "window_size": 1.0,
          "center_point": [
            0.5000038227775604,
            0.5003280052336098,
            0.500042579988823
          ],
          "pools_used": [
            0
          ],
          "avg_train_loss": 0.004244081920657191,
          "epoch_losses": [
            0.050172395542263985,
            0.016478373631834985,
            0.01522219893336296,
            0.014526943556964397,
            0.013312978312373162,
            0.012755246315151453,
            0.010765031423419714,
            0.009672836165875196,
            0.008253632782027126,
            0.007199082676321268,
            0.006217073313891887,
            0.005015289774164557,
            0.0038584804944694043,
            0.0030206471430137753,
            0.002467691863887012,
            0.0024807896683923902,
            0.0021282567507587375,
            0.001836816892027855,
            0.001826601592823863,
            0.0016369136390276253,
            0.0015796318594366312,
            0.0014461156220640988,
            0.0012950422337744385,
            0.0012456342694349587,
            0.001194392848527059,
            0.0011345158170443029,
            0.0012966740776319057,
            0.0010516389093827457,
            0.0010383483893238008,
            0.0009801588072441518,
            0.0008596047428436577,
            0.0008483141390606761,
            0.0008354657194577157,
            0.0007771835777675733,
            0.0007408193231094629,
            0.0007592557377647609,
            0.000627655950956978,
            0.0006120108591858298,
            0.0005819646683521568,
            0.0005003592480206863,
            0.000507426900556311,
            0.0004443580856313929,
            0.00046774365071905775,
            0.00036656774365110325,
            0.0003755892514018342,
            0.00035284269013209266,
            0.0005879210173734464,
            0.00031828628503717483,
            0.00026431949640391396,
            0.00026697363951825535
          ],
          "prediction_variance": [
            0.00018500626902095973,
            0.0010605111019685864,
            2.326136927877087e-05
          ]
        }
      ],
      [
        {
          "iteration": 0,
          "seed": 44,
          "total_samples_seen": 0,
          "samples_added": 0,
          "mse_per_output": [
            0.35676389136713305,
            0.09009636052186623,
            0.16957843368498415
          ],
          "total_mse": 0.6164386855739834,
          "window_size": 1.0,
          "center_point": [
            0.5000038227775604,
            0.5003280052336098,
            0.500042579988823
          ],
          "pools_used": [],
          "avg_train_loss": null,