{
  "pipeline_name": "sample_efficiency_3000samples_3iters",
  "timestamp": "2025-11-07 19:02:24",
  "config": {
    "model_type": "NeuralNetModel",
    "model_params": "{'input_size': 6, 'output_size': 3, 'hidden_sizes': (64, 32), 'activation': 'tanh', 'learning_rate': 0.001, 'model_name': 'adaptive_batch_sampling_nn'}",
    "n_iterations": 3,
    "samples_per_iteration": 1000,
    "n_epochs": 50,
    "batch_size": 16,
    "initial_window_size": 1.0,
    "shrink_rate": 0.1,
    "num_seeds": 1,
    "window_type": "output",
    "use_model_prediction": true,
    "num_pool_datasets": 7,
    "pool_samples_per_dataset": [
      4000,
      1000,
      2500,
      500,
      2000,
      1500,
      2000
    ],
    "total_pool_samples": 13500,
    "test_samples": 1
  },
  "data_info": {},
  "training_info": {},
  "evaluation": {},
  "raw_results": {
    "all_seed_results": [
      [
        {
          "iteration": 0,
          "seed": 42,
          "total_samples_seen": 0,
          "samples_added": 0,
          "mse_per_output": [
            0.07998872470671003,
            0.5107297426288391,
            0.5276968519504813
          ],
          "total_mse": 1.1184153192860304,
          "window_size": 1.0,
          "center_point": [
            0.5000038227775604,
            0.5003280052336098,
            0.500042579988823
          ],
          "pools_used": [],
          "avg_train_loss": null,
          "prediction_variance": [
            NaN,
            NaN,
            NaN
          ]
        },
        {
          "iteration": 1,
          "seed": 42,
          "total_samples_seen": 1000,
          "samples_added": 1000,
          "mse_per_output": [
            0.00023455068810160785,
            5.130456980873309e-05,
            0.00032587539929682807
          ],
          "total_mse": 0.000611730657207169,
          "window_size": 1.0,
          "center_point": [
            0.5000038227775604,
            0.5003280052336098,
            0.500042579988823
          ],
          "pools_used": [
            0
          ],
          "avg_train_loss": 0.009124976559098634,
          "epoch_losses": [
            0.09048540266378531,
            0.023298084661955872,
            0.017581992531343113,
            0.01647591936801161,
            0.016282941318220563,
            0.016027237369959788,
            0.01566581969105062,
            0.015161527719880854,
            0.014988103925827004,
            0.014709069748364743,
            0.013993214320627943,
            0.013294881039727775,
            0.01277268867171,
            0.012566590156879217,
            0.012222914668243556,
            0.010765213282808425,
            0.010076721679301017,
            0.00923198552077843,
            0.008772986227764732,
            0.00827918571257402,
            0.00791593732696677,
            0.0074615575861008395,
            0.006742687929155571,
            0.006603440114607413,
            0.005949011205562523,
            0.005357443946339782,
            0.005514185890437119,
            0.0045199445633602045,
            0.004057555306067187,
            0.003792537514874268,
            0.003518698862679894,
            0.003480680074380149,
            0.003335490988175725,
            0.0027981768602446193,
            0.002985360137822609,
            0.0024268096590059855,
            0.0025627230218286433,
            0.0024371372077554936,
            0.0024459271244556893,
            0.0019780845096748737,
            0.0019614830426502206,
            0.0019430241026427773,
            0.0020702695658814814,
            0.0016990223805242706,
            0.00178813036449904,
            0.001773257768483803,
            0.001717954842625038,
            0.0016305795159294372,
            0.0017123367223474714,
            0.0014168995410381328
          ],
          "prediction_variance": [
            8.436231291852891e-05,
            0.0011263943742960691,
            1.847489329520613e-05
          ]
        },
        {
          "iteration": 2,
          "seed": 42,
          "total_samples_seen": 2000,
          "samples_added": 1000,
          "mse_per_output": [
            1.2828746149563436e-07,
            9.992012967783834e-07,
            6.325694232192853e-08
          ],
          "total_mse": 1.1907457005959464e-06,
          "window_size": 0.1,
          "center_point": [
            0.5153188705444336,
            0.4931652843952179,
            0.5180945992469788
          ],
          "pools_used": [
            0,
            1,
            2
          ],
          "avg_train_loss": 2.4294078852674842e-06,
          "epoch_losses": [
            4.059848965375245e-05,
            8.615523119448288e-06,
            5.7734134048904895e-06,
            4.375683459560576e-06,
            3.3073471376343466e-06,
            2.5192150353235314e-06,
            2.620812153963925e-06,
            2.181290779296274e-06,
            1.732436607603126e-06,
            1.5178646710034902e-06,
            1.5284323010760884e-06,
            1.434715778984918e-06,
            1.4728170736051406e-06,
            1.3064192370303129e-06,
            1.914525839873975e-06,
            1.3138530154344427e-06,
            1.0785198745517327e-06,
            1.2993647697977206e-06,
            1.1103492919039762e-06,
            1.0984680501216702e-06,
            1.0848939820017033e-06,
            1.1117601401464426e-06,
            1.195867528149537e-06,
            1.1813297118936004e-06,
            1.0343969788231162e-06,
            1.0864701394778436e-06,
            1.0873763697432762e-06,
            1.0506105864365847e-06,
            1.2116016010723897e-06,
            1.1449954287840344e-06,
            8.458712173590371e-07,
            1.3905420638864251e-06,
            9.158242313506413e-07,
            1.036920095325441e-06,
            1.267878365484966e-06,
            1.1880410826261285e-06,
            1.1511434792055297e-06,
            1.1856757490181375e-06,
            8.413408523658349e-07,
            1.2506541761720453e-06,
            8.062719800024738e-07,
            1.237843895928058e-06,
            1.1098371327000403e-06,
            2.0319068943940188e-06,
            1.4140642191153217e-06,
            1.0291758729051383e-06,
            1.4406776268327712e-06,
            9.950020294957265e-07,
            7.424532109253628e-07,
            1.6004263668961241e-06
          ],
          "prediction_variance": [
            8.71070398034135e-08,
            6.834853252257744e-07,
            5.54502221916664e-08
          ]
        },
        {
          "iteration": 3,
          "seed": 42,
          "total_samples_seen": 2428,
          "samples_added": 428,
          "mse_per_output": [
            4.833540091738571e-07,
            9.819236257805066e-06,
            5.039727078420129e-08
          ],
          "total_mse": 1.0352987537763124e-05,
          "window_size": 0.010000000000000002,
          "center_point": [
            0.4996456503868103,
            0.4993284046649933,
            0.5002940893173218
          ],
          "pools_used": [
            3
          ],
          "avg_train_loss": 5.6392298743949095e-06,