{
  "pipeline_name": "sample_efficiency_1000samples_3iters",
  "timestamp": "2025-11-10 17:13:29",
  "config": {
    "model_type": "NeuralNetModel",
    "model_params": "{'input_size': 6, 'output_size': 1, 'hidden_sizes': (64, 32), 'activation': 'tanh', 'learning_rate': 0.001, 'model_name': 'adaptive_batch_sampling_nn'}",
    "n_iterations": 3,
    "samples_per_iteration": 333,
    "n_epochs": 50,
    "batch_size": 16,
    "initial_window_size": 1.0,
    "shrink_rate": 0.1,
    "num_seeds": 1,
    "window_type": "output",
    "use_model_prediction": true,
    "num_pool_datasets": 25,
    "pool_samples_per_dataset": [
      4000,
      3000,
      1000,
      2500,
      2500,
      2500,
      500,
      2000,
      2500,
      2525,
      2550,
      2575,
      2000,
      2600,
      2550,
      2575,
      2600,
      2500,
      2525,
      1500,
      2700,
      2700,
      2000,
      2750,
      2750
    ],
    "total_pool_samples": 59900,
    "test_samples": 1
  },
  "data_info": {},
  "training_info": {},
  "evaluation": {},
  "raw_results": {
    "all_seed_results": [
      [
        {
          "iteration": 0,
          "seed": 42,
          "total_samples_seen": 0,
          "samples_added": 0,
          "mse_per_output": [
            0.5413337822817662
          ],
          "total_mse": 0.5413337822817662,
          "window_size": 1.0,
          "center_point": [
            0.5000038227775604
          ],
          "pools_used": [],
          "avg_train_loss": null,
          "prediction_variance": [
            NaN
          ]
        },
        {
          "iteration": 1,
          "seed": 42,
          "total_samples_seen": 333,
          "samples_added": 333,
          "mse_per_output": [
            0.0007783552494689209
          ],
          "total_mse": 0.0007783552494689209,
          "window_size": 1.0,
          "center_point": [
            0.5000038227775604
          ],
          "pools_used": [
            0
          ],
          "avg_train_loss": 0.007911957633914427,
          "epoch_losses": [
            0.1881525627381745,
            0.041844255423971584,
            0.02460628876551276,
            0.017520856866169544,
            0.011698509633008922,
            0.007824213421415715,
            0.005661894467526248,
            0.003669697946558396,
            0.0029720416281461006,
            0.002690076506474898,
            0.0023984507452474817,
            0.0023764455912723428,
            0.002361630061863079,
            0.002358847117561492,
            0.0023592705976971913,
            0.002412600359613342,
            0.0024096760593931236,
            0.002352914684230373,
            0.002255282702944463,
            0.0024932066832358637,
            0.0023277519337300745,
            0.0023102419661535393,
            0.00233241884658734,
            0.002271193329111806,
            0.0023112521296189655,
            0.002340051963637095,
            0.0022951785857523127,
            0.002159470398466857,
            0.0022816056596292626,
            0.002263363301088767,
            0.002277618520782285,
            0.0021850730769247526,
            0.002253982465758565,
            0.0022382536526059822,
            0.0022299841345687,
            0.002137458849964397,
            0.0021877076609858443,
            0.0021529464283958077,
            0.002124036374014048,
            0.002169398557660835,
            0.002210598458380749,
            0.002034640987403691,
            0.0020238604435386756,
            0.0019407419410223763,
            0.0020778870897456294,
            0.0022746849239670803,
            0.0021086391172416155,
            0.0019308918299863027,
            0.001864697501462485,
            0.0018635295675180498
          ],
          "prediction_variance": [
            7.969253056216985e-05
          ]
        },
        {
          "iteration": 2,
          "seed": 42,
          "total_samples_seen": 666,
          "samples_added": 333,
          "mse_per_output": [
            8.583370750799341e-06
          ],
          "total_mse": 8.583370750799341e-06,
          "window_size": 0.1,
          "center_point": [
            0.5279028415679932
          ],
          "pools_used": [
            0
          ],
          "avg_train_loss": 0.0004479861783675872,
          "epoch_losses": [
            0.0012757460298460153,
            0.0009139091181125314,
            0.0008508795442702692,
            0.0007946113349005048,
            0.0007201780792370084,
            0.0006454437707794742,
            0.0006191653207809265,
            0.0005597395024129323,
            0.0005238026441518395,
            0.0005095698898436413,
            0.0005194993628676803,
            0.00047127018444284444,
            0.0004950489923690579,
            0.00045398622058287616,
            0.0004225126730965539,
            0.0004138664634887218,
            0.00041530295580049,
            0.0004072077503050899,
            0.0003975005487778357,
            0.0004303517330083109,
            0.00040283698416758505,
            0.0003768093849343824,
            0.00037967018336833763,
            0.0003637698481768547,
            0.00035104676637621156,
            0.0003978113229441944,
            0.0003880864567777497,
            0.0003748856480732294,
            0.00039081865716503845,
            0.0003691411083785906,
            0.0003465400132838459,
            0.0003828144628122183,
            0.0003273079526566324,
            0.0003385800543280008,
            0.00033275057198590643,
            0.00033305287070106715,
            0.0003379353029664517,
            0.0003883145137002603,
            0.00036174184199245206,
            0.0003180968411643768,
            0.0003368275813824896,
            0.0003895900632154995,
            0.0003519342544244691,
            0.0003074839748608481,
            0.0003062247006233693,
            0.00034438957282829853,
            0.0003240134676508162,
            0.0003314342050414,
            0.0003055323315839771,
            0.00030027586174020103
          ],
          "prediction_variance": [
            7.688425102969632e-05
          ]
        },
        {
          "iteration": 3,
          "seed": 42,
          "total_samples_seen": 999,
          "samples_added": 333,
          "mse_per_output": [
            1.2794610905940562e-07
          ],
          "total_mse": 1.2794610905940562e-07,
          "window_size": 0.010000000000000002,
          "center_point": [
            0.5029335618019104
          ],
          "pools_used": [
            0,
            1,
            2,
            3
          ],
          "avg_train_loss": 1.774442805916416e-05,