{
  "pipeline_name": "sample_efficiency_600samples_2iters",
  "timestamp": "2025-11-07 17:28:08",
  "config": {
    "model_type": "NeuralNetModel",
    "model_params": "{'input_size': 6, 'output_size': 3, 'hidden_sizes': (64, 32), 'activation': 'tanh', 'learning_rate': 0.001, 'model_name': 'adaptive_batch_sampling_nn'}",
    "n_iterations": 2,
    "samples_per_iteration": 300,
    "n_epochs": 50,
    "batch_size": 16,
    "initial_window_size": 1.0,
    "shrink_rate": 0.3,
    "num_seeds": 1,
    "window_type": "output",
    "use_model_prediction": true,
    "num_pool_datasets": 2,
    "pool_samples_per_dataset": [
      4000,
      1000
    ],
    "total_pool_samples": 5000,
    "test_samples": 1
  },
  "data_info": {},
  "training_info": {},
  "evaluation": {},
  "raw_results": {
    "all_seed_results": [
      [
        {
          "iteration": 0,
          "seed": 42,
          "total_samples_seen": 0,
          "samples_added": 0,
          "mse_per_output": [
            0.1322388856590688,
            0.24439639236798708,
            0.3056768919650068
          ],
          "total_mse": 0.6823121699920627,
          "window_size": 1.0,
          "center_point": [
            0.5000038227775604,
            0.5003280052336098,
            0.500042579988823
          ],
          "pool_idx": null,
          "avg_train_loss": null,
          "prediction_variance": [
            NaN,
            NaN,
            NaN
          ]
        },
        {
          "iteration": 1,
          "seed": 42,
          "total_samples_seen": 300,
          "samples_added": 300,
          "mse_per_output": [
            0.0009676417642079146,
            0.01563601367990416,
            0.00012213331209815848
          ],
          "total_mse": 0.016725788756210235,
          "window_size": 1.0,
          "center_point": [
            0.5000038227775604,
            0.5003280052336098,
            0.500042579988823
          ],
          "pool_idx": 0,
          "avg_train_loss": 0.01704149578746996,
          "epoch_losses": [
            0.12950371382267853,
            0.044381970539689064,
            0.0312153265664452,
            0.024837449977272434,
            0.020984187084985405,
            0.018809611075802854,
            0.01776871232217864,
            0.016909268537634296,
            0.016499513515124197,
            0.01597588381877071,
            0.015942907549048726,
            0.015857932549950323,
            0.015573962150435699,
            0.015744190368997425,
            0.015374240318411276,
            0.015272999721530237,
            0.015141744730307868,
            0.015044331256496278,
            0.014699409666814302,
            0.014850155695488578,
            0.014601952592401128,
            0.014181476576547874,
            0.01428016402611607,
            0.01428009569644928,
            0.01376844932766337,
            0.013632145024051792,
            0.013817176909038895,
            0.013534545751386568,
            0.014145987868112954,
            0.013016583152899617,
            0.012563516508395734,
            0.012436866637711463,
            0.012377292309936724,
            0.012662728194539485,
            0.01185755228231612,
            0.012212108943219247,
            0.011865379239775632,
            0.01103656937515265,
            0.010910190788930968,
            0.011052908253316817,
            0.010993199937633778,
            0.010929715133419162,
            0.01057012320349091,
            0.01005550219040168,
            0.009526139419329794,
            0.010334358795693046,
            0.011160313666455056,
            0.011163576751163131,
            0.009690792765468359,
            0.009029866784418883
          ],
          "prediction_variance": [
            5.418856017058715e-05,
            0.003720861626788974,
            5.5503904150100425e-05
          ]
        },
        {
          "iteration": 2,
          "seed": 42,
          "total_samples_seen": 600,
          "samples_added": 300,
          "mse_per_output": [
            1.985465580451979e-05,
            0.0003641480870915005,
            1.1516967215782889e-07
          ],
          "total_mse": 0.00038411791256817815,
          "window_size": 0.3,
          "center_point": [
            0.5311107635498047,
            0.625372052192688,
            0.5110939741134644
          ],
          "pool_idx": 1,
          "avg_train_loss": 0.0009705757052410934,
          "epoch_losses": [
            0.0020407813809517968,
            0.001672957337608463,
            0.0016222591389362748,
            0.0015959765296429396,
            0.001652441584921785,
            0.0017258793507751666,
            0.0014744606114139682,
            0.0013960960541704768,
            0.0013155329384301837,
            0.0013159258707769606,
            0.0012930476498839102,
            0.0013936042761136043,
            0.0011964674953273253,
            0.0013420786187787982,
            0.0011680527026519964,
            0.0011024421454701376,
            0.0010856168657100123,
            0.0010988931079689217,
            0.0010771254187841948,
            0.001000590824620112,
            0.0010821055927264847,
            0.0010191073402223225,
            0.0008907865328518184,
            0.0009295572802473448,
            0.0008915230435760398,
            0.0009483263925894311,
            0.000800867252492983,
            0.0008113364624717322,
            0.0009513795115421281,
            0.0008155896043478462,
            0.0008310154601196317,
            0.0006715587009430715,
            0.0006657169693713321,
            0.0006331566531260155,
            0.0007839847392843742,
            0.0006544050732995139,
            0.0008436199936305025,
            0.0006699692534503379,
            0.000679673976264894,
            0.0005385473816300203,
            0.0005191512724482699,
            0.000490992570504252,
            0.0005348050640589607,
            0.00046716898060893933,
            0.0004600229011358399,
            0.0006160422834861828,
            0.0005276310104435604,
            0.0004698966444457734,
            0.00038225906227078095,
            0.00037835835552725355
          ],
          "prediction_variance": [
            1.4917202861397527e-05,
            0.0001563405676279217,
            1.7342538285447517e-06
          ]
        }
      ]
    ]
  },
  "aggregated_results": [
    {
      "iteration": 0,
      "total_samples_seen": 0.0,
      "samples_added": 0.0,
      "training_samples": 0,
      "mean_total_mse": 0.6823121699920627,
      "std_total_mse": 0.0,
      "mean_mse_per_output": [
        0.1322388856590688,
        0.24439639236798708,
        0.3056768919650068
      ],
      "std_mse_per_output": [
        0.0,
        0.0,
        0.0
      ],
      "mean_train_loss": null,
      "window_size": 1.0,
      "num_seeds": 1,
      "mean_prediction_variance_per_output": [
        NaN,
        NaN,
        NaN
      ],
      "std_prediction_variance_per_output": [
        NaN,
        NaN,
        NaN
      ]
    },
    {
      "iteration": 1,
      "total_samples_seen": 300.0,
      "samples_added": 300.0,
      "training_samples": 15000.0,
      "mean_total_mse": 0.016725788756210235,
      "std_total_mse": 0.0,
      "mean_mse_per_output": [
        0.0009676417642079146,
        0.01563601367990416,
        0.00012213331209815848
      ],
      "std_mse_per_output": [
        0.0,
        0.0,
        0.0
      ],
      "mean_train_loss": 0.01704149578746996,
      "window_size": 1.0,
      "num_seeds": 1,
      "mean_prediction_variance_per_output": [
        5.418856017058715e-05,
        0.003720861626788974,
        5.5503904150100425e-05
      ],
      "std_prediction_variance_per_output": [
        0.0,
        0.0,
        0.0
      ]
    },
    {
      "iteration": 2,
      "total_samples_seen": 600.0,
      "samples_added": 300.0,