{
  "pipeline_name": "sample_efficiency_200samples_2iters",
  "timestamp": "2025-11-07 17:27:11",
  "config": {
    "model_type": "NeuralNetModel",
    "model_params": "{'input_size': 6, 'output_size': 3, 'hidden_sizes': (64, 32), 'activation': 'tanh', 'learning_rate': 0.001, 'model_name': 'adaptive_batch_sampling_nn'}",
    "n_iterations": 2,
    "samples_per_iteration": 100,
    "n_epochs": 50,
    "batch_size": 16,
    "initial_window_size": 1.0,
    "shrink_rate": 0.3,
    "num_seeds": 1,
    "window_type": "output",
    "use_model_prediction": true,
    "num_pool_datasets": 2,
    "pool_samples_per_dataset": [
      4000,
      1000
    ],
    "total_pool_samples": 5000,
    "test_samples": 1
  },
  "data_info": {},
  "training_info": {},
  "evaluation": {},
  "raw_results": {
    "all_seed_results": [
      [
        {
          "iteration": 0,
          "seed": 42,
          "total_samples_seen": 0,
          "samples_added": 0,
          "mse_per_output": [
            0.1858718949000695,
            0.2469841191103372,
            0.277788526953281
          ],
          "total_mse": 0.7106445409636877,
          "window_size": 1.0,
          "center_point": [
            0.5000038227775604,
            0.5003280052336098,
            0.500042579988823
          ],
          "pool_idx": null,
          "avg_train_loss": null,
          "prediction_variance": [
            NaN,
            NaN,
            NaN
          ]
        },
        {
          "iteration": 1,
          "seed": 42,
          "total_samples_seen": 100,
          "samples_added": 100,
          "mse_per_output": [
            0.0019195826241405777,
            0.03489557692435309,
            0.0013618139191564594
          ],
          "total_mse": 0.03817697346765013,
          "window_size": 1.0,
          "center_point": [
            0.5000038227775604,
            0.5003280052336098,
            0.500042579988823
          ],
          "pool_idx": 0,
          "avg_train_loss": 0.029943815771756425,
          "epoch_losses": [
            0.3237443396023342,
            0.11784048165593829,
            0.04830702074936458,
            0.04673191359532731,
            0.04736820235848427,
            0.03563355388385909,
            0.036171793405498774,
            0.03260323431875024,
            0.02859679822410856,
            0.02729536859052522,
            0.02672696060367993,
            0.02538557324026312,
            0.024206177464553287,
            0.022031074123723165,
            0.022032024871025766,
            0.023664156773260663,
            0.020789518154093196,
            0.021755005099943707,
            0.02001865753637893,
            0.019105036609939167,
            0.01904971179153238,
            0.01806748884596995,
            0.020812404475041797,
            0.01961910990732057,
            0.018743889140231267,
            0.018713023513555527,
            0.018711223400064876,
            0.017091791478118727,
            0.01926251287971224,
            0.018479843490890095,
            0.01722901434238468,
            0.01709752649601017,
            0.01728484606636422,
            0.017012779467872212,
            0.017972604371607304,
            0.01754228664296014,
            0.01679071251835142,
            0.01810932731521981,
            0.015678377422903265,
            0.01709821740431445,
            0.017189433931240013,
            0.018077630549669266,
            0.01759987643786839,
            0.01705681612449033,
            0.016099094014082636,
            0.016221773012408187,
            0.016419559850224426,
            0.017022740095853806,
            0.015484636117305075,
            0.01564564662320273
          ],
          "prediction_variance": [
            0.0011225896887481213,
            0.00041981268441304564,
            0.0003223353996872902
          ]
        },
        {
          "iteration": 2,
          "seed": 42,
          "total_samples_seen": 200,
          "samples_added": 100,
          "mse_per_output": [
            0.0019743117542178525,
            0.03959200965842939,
            0.00019084004119565023
          ],
          "total_mse": 0.041757161453842895,
          "window_size": 0.3,
          "center_point": [
            0.543816864490509,
            0.6871315836906433,
            0.5369453430175781
          ],
          "pool_idx": 0,
          "avg_train_loss": 0.0035813235769247905,
          "epoch_losses": [
            0.0040662891364523345,
            0.0038563002765710864,
            0.003512041743046471,
            0.0036397624228681836,
            0.003639723639935255,
            0.003812934837437102,
            0.0035239231905766894,
            0.00343419418537191,
            0.0036090733150818516,
            0.003463645665241139,
            0.00361779671428459,
            0.003402495091514928,
            0.0035602435070489135,
            0.003520762680896691,
            0.0038293274452111553,
            0.0033861318536634955,
            0.003350142306382103,
            0.0036322320478835274,
            0.0037014761473983526,
            0.0041440736302839854,
            0.0033407065950866255,
            0.003524735403646316,
            0.003567864719246115,
            0.003324854769743979,
            0.003454790816509298,
            0.003186823268021856,
            0.0033807311805763413,
            0.0035968159458466937,
            0.0034479833474116667,
            0.003377744395818029,
            0.0034833267065031187,
            0.0035945197035159382,
            0.0035878382955810855,
            0.0035032253113708328,
            0.003936868560101304,
            0.003584296675398946,
            0.003440879152289459,
            0.0038487756558294806,
            0.00408706657721528,
            0.003921864288193839,
            0.003505087790212461,
            0.003453300434297749,
            0.003410686705527561,
            0.0032612918210881098,
            0.003777630061709455,
            0.003774333944810288,
            0.0037318815011531115,
            0.0035161487092929228,
            0.003508075772385512,
            0.003233460900706372
          ],
          "prediction_variance": [
            0.0001740048173815012,
            0.00012469739886000752,
            6.6743916249834e-05
          ]
        }
      ]
    ]
  },
  "aggregated_results": [
    {
      "iteration": 0,
      "total_samples_seen": 0.0,
      "samples_added": 0.0,
      "training_samples": 0,
      "mean_total_mse": 0.7106445409636877,
      "std_total_mse": 0.0,
      "mean_mse_per_output": [
        0.1858718949000695,
        0.2469841191103372,
        0.277788526953281
      ],
      "std_mse_per_output": [
        0.0,
        0.0,
        0.0
      ],
      "mean_train_loss": null,
      "window_size": 1.0,
      "num_seeds": 1,
      "mean_prediction_variance_per_output": [
        NaN,
        NaN,
        NaN
      ],
      "std_prediction_variance_per_output": [
        NaN,
        NaN,
        NaN
      ]
    },
    {
      "iteration": 1,
      "total_samples_seen": 100.0,
      "samples_added": 100.0,
      "training_samples": 5000.0,
      "mean_total_mse": 0.03817697346765013,
      "std_total_mse": 0.0,
      "mean_mse_per_output": [
        0.0019195826241405777,
        0.03489557692435309,
        0.0013618139191564594
      ],
      "std_mse_per_output": [
        0.0,
        0.0,
        0.0
      ],
      "mean_train_loss": 0.029943815771756425,
      "window_size": 1.0,
      "num_seeds": 1,
      "mean_prediction_variance_per_output": [
        0.0011225896887481213,
        0.00041981268441304564,
        0.0003223353996872902
      ],
      "std_prediction_variance_per_output": [
        0.0,
        0.0,
        0.0
      ]
    },
    {
      "iteration": 2,
      "total_samples_seen": 200.0,
      "samples_added": 100.0,
      "training_samples": 5000.0,