{
  "pipeline_name": "sample_efficiency_400samples_8iters",
  "timestamp": "2025-11-07 17:27:49",
  "config": {
    "model_type": "NeuralNetModel",
    "model_params": "{'input_size': 6, 'output_size': 3, 'hidden_sizes': (64, 32), 'activation': 'tanh', 'learning_rate': 0.001, 'model_name': 'adaptive_batch_sampling_nn'}",
    "n_iterations": 8,
    "samples_per_iteration": 50,
    "n_epochs": 50,
    "batch_size": 16,
    "initial_window_size": 1.0,
    "shrink_rate": 0.3,
    "num_seeds": 1,
    "window_type": "output",
    "use_model_prediction": true,
    "num_pool_datasets": 7,
    "pool_samples_per_dataset": [
      4000,
      1000,
      2500,
      500,
      2000,
      1500,
      2000
    ],
    "total_pool_samples": 13500,
    "test_samples": 1
  },
  "data_info": {},
  "training_info": {},
  "evaluation": {},
  "raw_results": {
    "all_seed_results": [
      [
        {
          "iteration": 0,
          "seed": 42,
          "total_samples_seen": 0,
          "samples_added": 0,
          "mse_per_output": [
            0.3500913216695117,
            0.4723399115179263,
            0.34018623897248873
          ],
          "total_mse": 1.1626174721599267,
          "window_size": 1.0,
          "center_point": [
            0.5000038227775604,
            0.5003280052336098,
            0.500042579988823
          ],
          "pool_idx": null,
          "avg_train_loss": null,
          "prediction_variance": [
            NaN,
            NaN,
            NaN
          ]
        },
        {
          "iteration": 1,
          "seed": 42,
          "total_samples_seen": 50,
          "samples_added": 50,
          "mse_per_output": [
            0.0010647375407556153,
            0.04285991437485819,
            0.0024501463485410756
          ],
          "total_mse": 0.04637479826415489,
          "window_size": 1.0,
          "center_point": [
            0.5000038227775604,
            0.5003280052336098,
            0.500042579988823
          ],
          "pool_idx": 0,
          "avg_train_loss": 0.041120025352574884,
          "epoch_losses": [
            0.4770294055342674,
            0.28347670659422874,
            0.1305221263319254,
            0.06270755734294653,
            0.04769852478057146,
            0.040662096347659826,
            0.04627297352999449,
            0.05022607836872339,
            0.03976335283368826,
            0.03392444318160415,
            0.03444290952757001,
            0.03143897280097008,
            0.03320775367319584,
            0.02745418157428503,
            0.02921809908002615,
            0.025546030141413212,
            0.026583434082567692,
            0.028231604024767876,
            0.027318316511809826,
            0.027802459429949522,
            0.023969674482941628,
            0.023677697870880365,
            0.025492298416793346,
            0.02388851437717676,
            0.02160874428227544,
            0.024461825378239155,
            0.01787685207091272,
            0.01781369769014418,
            0.017943911952897906,
            0.020178785547614098,
            0.018776010256260633,
            0.018325014505535364,
            0.017388513311743736,
            0.017380837118253112,
            0.017962655052542686,
            0.015528194606304169,
            0.01624862151220441,
            0.01745567424222827,
            0.01730479020625353,
            0.01604298804886639,
            0.016199031844735146,
            0.01703902194276452,
            0.017690852284431458,
            0.016183537198230624,
            0.016459176782518625,
            0.017666841624304652,
            0.01547962799668312,
            0.01556398649699986,
            0.015316033037379384,
            0.01555083179846406
          ],
          "prediction_variance": [
            0.0013113131280988455,
            0.0009650135179981589,
            0.0014016317436471581
          ]
        },
        {
          "iteration": 2,
          "seed": 42,
          "total_samples_seen": 100,
          "samples_added": 50,
          "mse_per_output": [
            0.0010951247754924325,
            0.05088191557934665,
            1.7962556227557786e-05
          ],
          "total_mse": 0.05199500291106664,
          "window_size": 0.3,
          "center_point": [
            0.5326341390609741,
            0.7073543667793274,
            0.5495415329933167
          ],
          "pool_idx": 0,
          "avg_train_loss": 0.005041339806630276,
          "epoch_losses": [
            0.005417029547970742,
            0.0067981554893776774,
            0.0059585877461358905,
            0.00698553747497499,
            0.004875949351117015,
            0.0064755461644381285,
            0.0050417588208802044,
            0.0046289686288218945,
            0.006017344887368381,
            0.004706118372268975,
            0.004620691644959152,
            0.005369398859329522,
            0.006189011386595666,
            0.0049131958512589335,
            0.005307312007062137,
            0.005995405721478164,
            0.005182810476981103,
            0.006051307311281562,
            0.00485784187912941,
            0.004858263884671032,
            0.0042783070530276746,
            0.006248163583222777,
            0.004517250927165151,
            0.004415174771565944,
            0.005366740690078586,
            0.005653110914863646,
            0.005586519255302846,
            0.004295674138120376,
            0.005046567530371249,
            0.003787308553000912,
            0.004908216185867786,
            0.005175771890208125,
            0.004262371570803225,
            0.004439009935595095,
            0.004813000909052789,
            0.0054341384675353765,
            0.003903775505023077,
            0.004517229041084647,
            0.004949648631736636,
            0.004575757833663374,
            0.0038055166078265756,
            0.005077915790025145,
            0.004682307015173137,
            0.004531375365331769,
            0.004055873374454677,
            0.005058599286712706,
            0.004675545496866107,
            0.0057374846655875444,
            0.0036092160880798474,
            0.004409183748066425
          ],
          "prediction_variance": [
            9.711897291708738e-06,
            0.00017468123405706137,
            1.6942605725489557e-05
          ]
        },
        {
          "iteration": 3,
          "seed": 42,
          "total_samples_seen": 112,
          "samples_added": 12,
          "mse_per_output": [
            0.000986320433122883,
            0.04484360334765802,
            4.0740573163379546e-06
          ],
          "total_mse": 0.045833997838097246,
          "window_size": 0.09,
          "center_point": [
            0.5330964922904968,
            0.7258982062339783,
            0.5042808055877686
          ],
          "pool_idx": 6,
          "avg_train_loss": 0.00041743650101125243,