{
  "pipeline_name": "sample_efficiency_3000samples_8iters",
  "timestamp": "2025-11-07 19:16:44",
  "config": {
    "model_type": "NeuralNetModel",
    "model_params": "{'input_size': 6, 'output_size': 3, 'hidden_sizes': (64, 32), 'activation': 'tanh', 'learning_rate': 0.001, 'model_name': 'adaptive_batch_sampling_nn'}",
    "n_iterations": 8,
    "samples_per_iteration": 375,
    "n_epochs": 50,
    "batch_size": 16,
    "initial_window_size": 1.0,
    "shrink_rate": 0.1,
    "num_seeds": 1,
    "window_type": "output",
    "use_model_prediction": true,
    "num_pool_datasets": 7,
    "pool_samples_per_dataset": [
      4000,
      1000,
      2500,
      500,
      2000,
      1500,
      2000
    ],
    "total_pool_samples": 13500,
    "test_samples": 1
  },
  "data_info": {},
  "training_info": {},
  "evaluation": {},
  "raw_results": {
    "all_seed_results": [
      [
        {
          "iteration": 0,
          "seed": 42,
          "total_samples_seen": 0,
          "samples_added": 0,
          "mse_per_output": [
            0.09854518593961203,
            0.2988482497958249,
            0.2719471422083225
          ],
          "total_mse": 0.6693405779437595,
          "window_size": 1.0,
          "center_point": [
            0.5000038227775604,
            0.5003280052336098,
            0.500042579988823
          ],
          "pools_used": [],
          "avg_train_loss": null,
          "prediction_variance": [
            NaN,
            NaN,
            NaN
          ]
        },
        {
          "iteration": 1,
          "seed": 42,
          "total_samples_seen": 375,
          "samples_added": 375,
          "mse_per_output": [
            0.0009198398544043867,
            0.0018568598147673343,
            1.0348885978687408e-06
          ],
          "total_mse": 0.00277773455776959,
          "window_size": 1.0,
          "center_point": [
            0.5000038227775604,
            0.5003280052336098,
            0.500042579988823
          ],
          "pools_used": [
            0
          ],
          "avg_train_loss": 0.015659970418394852,
          "epoch_losses": [
            0.13544581830501556,
            0.0422516082568715,
            0.029197387164458632,
            0.02267043525353074,
            0.01826555118896067,
            0.016952846199274063,
            0.015386707421081761,
            0.015031010028906167,
            0.014832191887156418,
            0.014819041864636043,
            0.015398275301170846,
            0.014721113451135656,
            0.014656752600179365,
            0.014182352693751454,
            0.0146148973920693,
            0.014114972359190384,
            0.014051162172108889,
            0.013818654891413948,
            0.014155610037657121,
            0.013596246213031312,
            0.013461050111800432,
            0.012854461073099325,
            0.013249505990340063,
            0.012685445447762808,
            0.01283197613277783,
            0.012338858175401887,
            0.0121660684235394,
            0.011891244813644638,
            0.01165270859686037,
            0.011292024224530905,
            0.011557505660069486,
            0.01156136110269775,
            0.011689371448786309,
            0.012073348858393729,
            0.010501480312086642,
            0.010349129093810916,
            0.009668296649275968,
            0.009559134875113765,
            0.00929706262346978,
            0.009799908710798869,
            0.00895325963695844,
            0.009021126432344317,
            0.009264617479251077,
            0.008973972289822996,
            0.008513300757234296,
            0.00820229216090714,
            0.007709183303328852,
            0.007955481007229537,
            0.007864983674759666,
            0.007897727172045657
          ],
          "prediction_variance": [
            2.1602832930511795e-05,
            0.004297100938856602,
            0.00012266833800822496
          ]
        },
        {
          "iteration": 2,
          "seed": 42,
          "total_samples_seen": 750,
          "samples_added": 375,
          "mse_per_output": [
            1.9300310512920103e-05,
            0.0005962559710959556,
            1.397912334518101e-08
          ],
          "total_mse": 0.0006155702607322209,
          "window_size": 0.1,
          "center_point": [
            0.5303326845169067,
            0.5434193015098572,
            0.49902528524398804
          ],
          "pools_used": [
            0,
            1,
            2
          ],
          "avg_train_loss": 6.091744045382559e-05,
          "epoch_losses": [
            0.0001721694413087486,
            8.467054612992797e-05,
            7.356195101237972e-05,
            7.419143366860226e-05,
            6.802069659291494e-05,
            6.336983991180507e-05,
            6.589126648274639e-05,
            5.8725364397105295e-05,
            6.0356660848507694e-05,
            5.9925581202454246e-05,
            5.753618809952362e-05,
            6.243946935076868e-05,
            5.6956727803481044e-05,
            6.428938847117631e-05,
            5.86164352777511e-05,
            6.00181019763113e-05,
            5.5553531789579815e-05,
            5.611667044528682e-05,
            5.1386313013305575e-05,
            6.494656145150657e-05,
            7.085832900581106e-05,
            7.310095937403578e-05,
            5.4398919170732064e-05,
            5.394569924040601e-05,
            5.5404171916961786e-05,
            5.080356724344407e-05,
            4.884470642233888e-05,
            5.1772034112218535e-05,
            5.640112082498187e-05,
            5.358378469585053e-05,
            5.240107725512644e-05,
            5.3510720438983604e-05,
            5.100817626650193e-05,
            6.295579275198786e-05,
            7.680773652888699e-05,
            5.418297420571131e-05,
            5.457148866601832e-05,
            5.684100043860477e-05,
            5.467686689068311e-05,
            5.6385651987511665e-05,
            6.242304167850914e-05,
            5.344335386325838e-05,
            4.8807004228971586e-05,
            5.328432280293782e-05,
            4.980194989911979e-05,
            5.5174151157189044e-05,
            4.733798255074362e-05,
            5.5540504414845295e-05,
            5.1095704975523404e-05,
            5.776706044950212e-05
          ],
          "prediction_variance": [
            1.7935518314970977e-07,
            1.0446607120684348e-05,
            5.812791528114758e-07
          ]
        },
        {
          "iteration": 3,
          "seed": 42,
          "total_samples_seen": 751,
          "samples_added": 1,
          "mse_per_output": [
            7.119258384226511e-06,
            0.00017859533418062036,
            1.8141403225575048e-07
          ],
          "total_mse": 0.00018589600659710262,
          "window_size": 0.010000000000000002,
          "center_point": [
            0.5043970346450806,
            0.5247463583946228,
            0.500160813331604
          ],
          "pools_used": [
            1
          ],
          "avg_train_loss": 4.2719042995997825e-06,