{
  "pipeline_name": "sample_efficiency_3000samples_5iters",
  "timestamp": "2025-11-10 12:39:26",
  "config": {
    "model_type": "NeuralNetModel",
    "model_params": "{'input_size': 6, 'output_size': 1, 'hidden_sizes': (64, 32), 'activation': 'tanh', 'learning_rate': 0.001, 'model_name': 'adaptive_batch_sampling_nn'}",
    "n_iterations": 5,
    "samples_per_iteration": 600,
    "n_epochs": 50,
    "batch_size": 16,
    "initial_window_size": 1.0,
    "shrink_rate": 0.2,
    "num_seeds": 1,
    "window_type": "output",
    "use_model_prediction": true,
    "num_pool_datasets": 25,
    "pool_samples_per_dataset": [
      4000,
      3000,
      1000,
      2500,
      2500,
      2500,
      500,
      2000,
      2500,
      2525,
      2550,
      2575,
      2000,
      2600,
      2550,
      2575,
      2600,
      2500,
      2525,
      1500,
      2700,
      2700,
      2000,
      2750,
      2750
    ],
    "total_pool_samples": 59900,
    "test_samples": 1
  },
  "data_info": {},
  "training_info": {},
  "evaluation": {},
  "raw_results": {
    "all_seed_results": [
      [
        {
          "iteration": 0,
          "seed": 42,
          "total_samples_seen": 0,
          "samples_added": 0,
          "mse_per_output": [
            0.3528882303179236
          ],
          "total_mse": 0.3528882303179236,
          "window_size": 1.0,
          "center_point": [
            0.5000038227775604
          ],
          "pools_used": [],
          "avg_train_loss": null,
          "prediction_variance": [
            NaN
          ]
        },
        {
          "iteration": 1,
          "seed": 42,
          "total_samples_seen": 600,
          "samples_added": 600,
          "mse_per_output": [
            2.6198849642705146e-05
          ],
          "total_mse": 2.6198849642705146e-05,
          "window_size": 1.0,
          "center_point": [
            0.5000038227775604
          ],
          "pools_used": [
            0
          ],
          "avg_train_loss": 0.00430899800759538,
          "epoch_losses": [
            0.09659771175172768,
            0.019780809059739113,
            0.008522674478100319,
            0.003613797319734371,
            0.0025259525435486515,
            0.002355495391192993,
            0.002368824833722197,
            0.002389332229014192,
            0.0022782147555661047,
            0.0022901024050569455,
            0.0023057168842857017,
            0.002307915324835401,
            0.002363920386414975,
            0.0023710328019469194,
            0.0024473269402637684,
            0.0022097589558382567,
            0.002310572480047612,
            0.0021670713291601523,
            0.0021192033186947044,
            0.0020697389432155575,
            0.0021263027692360707,
            0.0021373518469964005,
            0.0022272545404695464,
            0.002104481959433638,
            0.0021112982557449293,
            0.001926875467975869,
            0.001962679256011095,
            0.002082721710107044,
            0.0020675042913736483,
            0.001997557713797218,
            0.0018412816954016882,
            0.002041593325741001,
            0.0018967825300550383,
            0.0017471852081239615,
            0.0017004873140984656,
            0.0016716627609352336,
            0.0016900583547172381,
            0.001500212177664875,
            0.0014882659092300425,
            0.0015691861825823587,
            0.001327417331355575,
            0.0019556439043586387,
            0.0013735533943154703,
            0.0012042904942829505,
            0.0011349652938262903,
            0.0011560483759048541,
            0.0010615856896804058,
            0.0009521790741832534,
            0.0009675050816057544,
            0.0010307963384548202
          ],
          "prediction_variance": [
            0.00018561186152510345
          ]
        },
        {
          "iteration": 2,
          "seed": 42,
          "total_samples_seen": 1200,
          "samples_added": 600,
          "mse_per_output": [
            2.7976780145766206e-05
          ],
          "total_mse": 2.7976780145766206e-05,
          "window_size": 0.2,
          "center_point": [
            0.5051223039627075
          ],
          "pools_used": [
            0
          ],
          "avg_train_loss": 0.00010842409565228942,
          "epoch_losses": [
            0.00043001022774995744,
            0.0002907273665186949,
            0.0002703887788045808,
            0.00022157702091805587,
            0.00020876669517938832,
            0.00020496391363466451,
            0.0002560686083789302,
            0.00024513478982905664,
            0.00018451111262900093,
            0.00015856771604280526,
            0.0001679032709369877,
            0.00016541998736915717,
            0.00013218012253147257,
            0.00014115186633333857,
            0.00013727423203435088,
            0.00011188925964233931,
            0.00014367968709082466,
            0.00011128267109789273,
            0.00010223621977370625,
            0.0001281511641584649,
            0.00010981349020623479,
            8.406232279268902e-05,
            8.633683615986037e-05,
            7.827054727577458e-05,
            9.85874862396342e-05,
            5.531326582728836e-05,
            5.9187486984132864e-05,
            6.212645745874492e-05,
            7.785613745095601e-05,
            6.240929034998102e-05,
            5.572040697045036e-05,
            4.488303712653425e-05,
            6.69205964377876e-05,
            4.884579328446355e-05,
            4.8756692721278673e-05,
            4.403151557964616e-05,
            3.917886673614128e-05,
            3.312695384681176e-05,
            3.561299131673111e-05,
            3.1716393024046406e-05,
            3.711112338734031e-05,
            5.101313497920943e-05,
            4.702128604836425e-05,
            3.3967080717526476e-05,
            5.134663632289678e-05,
            3.0230135304296518e-05,
            3.468514715247071e-05,
            3.266631593808262e-05,
            3.216445949012843e-05,
            3.635818483129888e-05
          ],
          "prediction_variance": [
            7.452613317582291e-06
          ]
        },
        {
          "iteration": 3,
          "seed": 42,
          "total_samples_seen": 1800,
          "samples_added": 600,
          "mse_per_output": [
            2.2332300853183085e-06
          ],
          "total_mse": 2.2332300853183085e-06,
          "window_size": 0.04000000000000001,
          "center_point": [
            0.5052931308746338
          ],
          "pools_used": [
            0,
            1,
            2
          ],
          "avg_train_loss": 9.425793113085715e-06,