{
  "pipeline_name": "sample_efficiency_2000samples_3iters",
  "timestamp": "2025-11-07 18:58:10",
  "config": {
    "model_type": "NeuralNetModel",
    "model_params": "{'input_size': 6, 'output_size': 3, 'hidden_sizes': (64, 32), 'activation': 'tanh', 'learning_rate': 0.001, 'model_name': 'adaptive_batch_sampling_nn'}",
    "n_iterations": 3,
    "samples_per_iteration": 666,
    "n_epochs": 50,
    "batch_size": 16,
    "initial_window_size": 1.0,
    "shrink_rate": 0.1,
    "num_seeds": 1,
    "window_type": "output",
    "use_model_prediction": true,
    "num_pool_datasets": 7,
    "pool_samples_per_dataset": [
      4000,
      1000,
      2500,
      500,
      2000,
      1500,
      2000
    ],
    "total_pool_samples": 13500,
    "test_samples": 1
  },
  "data_info": {},
  "training_info": {},
  "evaluation": {},
  "raw_results": {
    "all_seed_results": [
      [
        {
          "iteration": 0,
          "seed": 42,
          "total_samples_seen": 0,
          "samples_added": 0,
          "mse_per_output": [
            0.014648213043917961,
            0.2379465241617533,
            0.013781825352153085
          ],
          "total_mse": 0.2663765625578244,
          "window_size": 1.0,
          "center_point": [
            0.5000038227775604,
            0.5003280052336098,
            0.500042579988823
          ],
          "pools_used": [],
          "avg_train_loss": null,
          "prediction_variance": [
            NaN,
            NaN,
            NaN
          ]
        },
        {
          "iteration": 1,
          "seed": 42,
          "total_samples_seen": 666,
          "samples_added": 666,
          "mse_per_output": [
            0.0002655836129341162,
            0.0006532323831517048,
            8.048870311970428e-05
          ],
          "total_mse": 0.0009993046992055252,
          "window_size": 1.0,
          "center_point": [
            0.5000038227775604,
            0.5003280052336098,
            0.500042579988823
          ],
          "pools_used": [
            0
          ],
          "avg_train_loss": 0.010810398817356189,
          "epoch_losses": [
            0.059892697348481135,
            0.03007956514401095,
            0.020165774926898025,
            0.01683873871696137,
            0.01612426903808401,
            0.01564649797399484,
            0.015580327006145603,
            0.01555442918712894,
            0.01485452058148526,
            0.015036277428624175,
            0.014519960087324892,
            0.014415239072626545,
            0.01363413780927658,
            0.013381286402277294,
            0.012952504923478478,
            0.012282746078978692,
            0.01194450625085405,
            0.01266108250378498,
            0.01117316766508988,
            0.01141348991188265,
            0.010694655312580011,
            0.009741065436087194,
            0.009537730920350268,
            0.009745478031358548,
            0.009420337576773904,
            0.008939275351752127,
            0.009713977043117796,
            0.008114327804096752,
            0.00847692277637266,
            0.007900650319199832,
            0.007623166455665515,
            0.007610577125368374,
            0.007095779475223806,
            0.007072211537022321,
            0.007047712015697644,
            0.006412513038542654,
            0.006019638441059561,
            0.00570829260340404,
            0.005857750435271079,
            0.004938659405091866,
            0.004699839827870684,
            0.004561897156582702,
            0.003949235822628474,
            0.0036482175401899787,
            0.0037754569729302255,
            0.0032069203748722516,
            0.003172221729376664,
            0.0026435908927981344,
            0.0025120259628498127,
            0.0025285954262861715
          ],
          "prediction_variance": [
            0.0002114323724526912,
            0.004746877588331699,
            0.00025987287517637014
          ]
        },
        {
          "iteration": 2,
          "seed": 42,
          "total_samples_seen": 1332,
          "samples_added": 666,
          "mse_per_output": [
            6.617433841434728e-07,
            7.875313426320773e-05,
            5.358854526904972e-07
          ],
          "total_mse": 7.995076310004168e-05,
          "window_size": 0.1,
          "center_point": [
            0.5163005590438843,
            0.5258864164352417,
            0.5090141296386719
          ],
          "pools_used": [
            0,
            1,
            2
          ],
          "avg_train_loss": 1.1643087514184593e-05,
          "epoch_losses": [
            0.00011155316514348323,
            1.9570384232619765e-05,
            1.3804232345310516e-05,
            1.5548502991199104e-05,
            1.3261052420906102e-05,
            1.2070661081712128e-05,
            1.1997027827636062e-05,
            1.03732319898665e-05,
            1.214589975634659e-05,
            1.1965628053595928e-05,
            9.515506603531235e-06,
            1.1697357996083502e-05,
            9.816664270970033e-06,
            9.296976702985593e-06,
            9.530780527624994e-06,
            1.0278388648051381e-05,
            1.006463387620031e-05,
            9.746363437963218e-06,
            9.666514426412287e-06,
            1.0188052816114837e-05,
            1.0521186628206383e-05,
            9.548590393630244e-06,
            8.890521496054827e-06,
            9.65120620137549e-06,
            8.380877846190873e-06,
            8.000195142206698e-06,
            8.52050777125225e-06,
            7.575942758887236e-06,
            7.884771732625224e-06,
            8.5392556727692e-06,
            7.939100360740018e-06,
            7.345371240522322e-06,
            7.487760843191825e-06,
            8.824600562158074e-06,
            8.27721386745647e-06,
            8.686019262833205e-06,
            8.859971682709112e-06,
            9.011684910763593e-06,
            9.062509732194441e-06,
            6.925649624160239e-06,
            7.0873036509597334e-06,
            9.094085823692564e-06,
            6.994757741484223e-06,
            6.192059827082544e-06,
            7.035012182703733e-06,
            4.959468989389799e-06,
            6.788173193074597e-06,
            1.1586141124011884e-05,
            1.3997525229569874e-05,
            6.395885068719681e-06
          ],
          "prediction_variance": [
            6.505624696728773e-07,
            2.9607208489323966e-06,
            1.877966440133605e-07
          ]
        },
        {
          "iteration": 3,
          "seed": 42,
          "total_samples_seen": 1333,
          "samples_added": 1,
          "mse_per_output": [
            1.136981452955084e-07,
            4.7097523371581104e-08,
            6.058464099727834e-09
          ],
          "total_mse": 1.6685413276681733e-07,
          "window_size": 0.010000000000000002,
          "center_point": [
            0.5008172988891602,
            0.5092023015022278,
            0.500774621963501
          ],
          "pools_used": [
            2
          ],
          "avg_train_loss": 3.3477363660239233e-06,