{
  "pipeline_name": "sample_efficiency_3000samples_8iters",
  "timestamp": "2025-11-10 10:59:49",
  "config": {
    "model_type": "NeuralNetModel",
    "model_params": "{'input_size': 6, 'output_size': 3, 'hidden_sizes': (64, 32), 'activation': 'tanh', 'learning_rate': 0.001, 'model_name': 'adaptive_batch_sampling_nn'}",
    "n_iterations": 8,
    "samples_per_iteration": 375,
    "n_epochs": 50,
    "batch_size": 16,
    "initial_window_size": 1.0,
    "shrink_rate": 0.1,
    "num_seeds": 1,
    "window_type": "output",
    "use_model_prediction": true,
    "num_pool_datasets": 25,
    "pool_samples_per_dataset": [
      4000,
      3000,
      1000,
      2500,
      2500,
      2500,
      500,
      2000,
      2500,
      2525,
      2550,
      2575,
      2000,
      2600,
      2550,
      2575,
      2600,
      2500,
      2525,
      1500,
      2700,
      2700,
      2000,
      2750,
      2750
    ],
    "total_pool_samples": 59900,
    "test_samples": 1
  },
  "data_info": {},
  "training_info": {},
  "evaluation": {},
  "raw_results": {
    "all_seed_results": [
      [
        {
          "iteration": 0,
          "seed": 42,
          "total_samples_seen": 0,
          "samples_added": 0,
          "mse_per_output": [
            0.2800832604124106,
            0.19708724148418613,
            0.32468999443100455
          ],
          "total_mse": 0.8018604963276013,
          "window_size": 1.0,
          "center_point": [
            0.5000038227775604,
            0.5003280052336098,
            0.500042579988823
          ],
          "pools_used": [],
          "avg_train_loss": null,
          "prediction_variance": [
            NaN,
            NaN,
            NaN
          ]
        },
        {
          "iteration": 1,
          "seed": 42,
          "total_samples_seen": 375,
          "samples_added": 375,
          "mse_per_output": [
            0.0005677320040721657,
            0.0010076723402728646,
            4.498671615053668e-05
          ],
          "total_mse": 0.001620391060495567,
          "window_size": 1.0,
          "center_point": [
            0.5000038227775604,
            0.5003280052336098,
            0.500042579988823
          ],
          "pools_used": [
            0
          ],
          "avg_train_loss": 0.017159429743963606,
          "epoch_losses": [
            0.16932577701906362,
            0.03933481181350847,
            0.027370629056046408,
            0.02254655274252097,
            0.020121465087868273,
            0.018083739598902564,
            0.016789140218558412,
            0.016562396932082873,
            0.015432535593087474,
            0.015567862739165625,
            0.015386580062719682,
            0.015612529241479933,
            0.015139938661983857,
            0.014892478628704945,
            0.015280214254744351,
            0.014958554801220695,
            0.015071569941937923,
            0.01442348751394699,
            0.014568250645728162,
            0.014466321212239563,
            0.014714514215787252,
            0.013982795586343855,
            0.014123076514806598,
            0.013648507185280323,
            0.013671295426320285,
            0.013267381039137641,
            0.013182719296310097,
            0.013489761855453253,
            0.01288602982337276,
            0.013082476429796467,
            0.012826251176496347,
            0.012359620576413969,
            0.012620795712185403,
            0.012022303242702037,
            0.011900848747851947,
            0.011386975587811321,
            0.011036308385276547,
            0.011163335312933972,
            0.010484501447839042,
            0.012563080953744551,
            0.010268975243282815,
            0.009948866432144618,
            0.009487575007369742,
            0.010044292857249578,
            0.009122234924385944,
            0.009224534131741772,
            0.008915666859441748,
            0.009025591018144041,
            0.008524053768875698,
            0.008062282674169788
          ],
          "prediction_variance": [
            0.0003072777180932462,
            0.004897100850939751,
            6.768414459656924e-05
          ]
        },
        {
          "iteration": 2,
          "seed": 42,
          "total_samples_seen": 750,
          "samples_added": 375,
          "mse_per_output": [
            1.4987886354408783e-05,
            0.0005418846550308991,
            7.069426443584058e-09
          ],
          "total_mse": 0.0005568796108117514,
          "window_size": 0.1,
          "center_point": [
            0.5238309502601624,
            0.4685841500759125,
            0.4933353662490845
          ],
          "pools_used": [
            0,
            1,
            2,
            3
          ],
          "avg_train_loss": 7.844264347568241e-05,
          "epoch_losses": [
            0.00022027391029647939,
            9.255268711664637e-05,
            8.335156765800396e-05,
            7.989490465358055e-05,
            7.762826165465715e-05,
            7.889922062531696e-05,
            7.418129659223875e-05,
            8.174518112961475e-05,
            7.815137284220934e-05,
            7.414641928941516e-05,
            7.4340449070102e-05,
            7.91513481696408e-05,
            8.389220010940335e-05,
            7.233961529588366e-05,
            7.534469204983907e-05,
            7.471792984385199e-05,
            7.894139995793618e-05,
            7.326600052692811e-05,
            7.064522227058963e-05,
            7.311113768082578e-05,
            6.762893311436831e-05,
            7.730418080124461e-05,
            7.67486327883186e-05,
            7.07948459724624e-05,
            7.214043641094274e-05,
            7.324069709587396e-05,
            7.02740071574226e-05,
            7.743735250187456e-05,
            8.377001192153936e-05,
            9.024256883094495e-05,
            8.262376892768468e-05,
            7.935739449749235e-05,
            8.827647449531166e-05,
            6.646780002483865e-05,
            6.669468257314293e-05,
            6.714037302420668e-05,
            6.676723940775749e-05,
            6.900842466469233e-05,
            7.230576602523797e-05,
            7.129555539601522e-05,
            6.848888233434991e-05,
            6.97032549699846e-05,
            6.953127194719855e-05,
            7.134677677337702e-05,
            6.816225565368465e-05,
            7.388324047497008e-05,
            7.478129055016325e-05,
            7.453432757150343e-05,
            9.036707948932114e-05,
            7.523983155503326e-05
          ],
          "prediction_variance": [
            2.2547653770743636e-06,
            2.38245957007166e-05,
            6.543377821799368e-07
          ]
        },
        {
          "iteration": 3,
          "seed": 42,
          "total_samples_seen": 771,
          "samples_added": 21,
          "mse_per_output": [
            7.628138591383569e-06,
            0.00015939764245117972,
            1.4067732270471088e-07
          ],
          "total_mse": 0.000167166458365268,
          "window_size": 0.010000000000000002,
          "center_point": [
            0.49613240361213684,
            0.4770495891571045,
            0.5001266598701477
          ],
          "pools_used": [
            2,
            4
          ],
          "avg_train_loss": 5.815078046147448e-06,