{
  "pipeline_name": "sample_efficiency_3000samples_8iters",
  "timestamp": "2025-11-07 18:37:49",
  "config": {
    "model_type": "NeuralNetModel",
    "model_params": "{'input_size': 6, 'output_size': 3, 'hidden_sizes': (64, 32), 'activation': 'tanh', 'learning_rate': 0.001, 'model_name': 'adaptive_batch_sampling_nn'}",
    "n_iterations": 8,
    "samples_per_iteration": 375,
    "n_epochs": 50,
    "batch_size": 16,
    "initial_window_size": 1.0,
    "shrink_rate": 0.1,
    "num_seeds": 1,
    "window_type": "output",
    "use_model_prediction": true,
    "num_pool_datasets": 7,
    "pool_samples_per_dataset": [
      4000,
      1000,
      2500,
      500,
      2000,
      1500,
      2000
    ],
    "total_pool_samples": 13500,
    "test_samples": 1
  },
  "data_info": {},
  "training_info": {},
  "evaluation": {},
  "raw_results": {
    "all_seed_results": [
      [
        {
          "iteration": 0,
          "seed": 42,
          "total_samples_seen": 0,
          "samples_added": 0,
          "mse_per_output": [
            0.4338832130976558,
            0.15983806487861799,
            0.08304261152575874
          ],
          "total_mse": 0.6767638895020326,
          "window_size": 1.0,
          "center_point": [
            0.5000038227775604,
            0.5003280052336098,
            0.500042579988823
          ],
          "pool_idx": null,
          "avg_train_loss": null,
          "prediction_variance": [
            NaN,
            NaN,
            NaN
          ]
        },
        {
          "iteration": 1,
          "seed": 42,
          "total_samples_seen": 375,
          "samples_added": 375,
          "mse_per_output": [
            0.0007213950584650664,
            0.003373509900409382,
            0.00020792294323173196
          ],
          "total_mse": 0.00430282790210618,
          "window_size": 1.0,
          "center_point": [
            0.5000038227775604,
            0.5003280052336098,
            0.500042579988823
          ],
          "pool_idx": 0,
          "avg_train_loss": 0.016518085837791054,
          "epoch_losses": [
            0.11575904682589074,
            0.03557308251038194,
            0.0256418214024355,
            0.02151864239325126,
            0.020042205074181158,
            0.018124156553919118,
            0.01697738200891763,
            0.016654294449836016,
            0.016082796423385542,
            0.0157526441422912,
            0.015618562426728507,
            0.01597624256586035,
            0.01575656180890898,
            0.01546026060047249,
            0.015660436474718153,
            0.015440177036604533,
            0.016127678914926946,
            0.016210904344916344,
            0.015053152029092113,
            0.015050479404938718,
            0.015043775046554705,
            0.015122274324918786,
            0.014404065247314671,
            0.014457443379797041,
            0.014822293150549134,
            0.014564912921438614,
            0.014342143937634924,
            0.014031675624816367,
            0.013918211916461587,
            0.013614901845964292,
            0.013596555198697994,
            0.01329609821550548,
            0.012877086255078515,
            0.012829340140645703,
            0.012620525240587691,
            0.012146903822819391,
            0.012315326312091202,
            0.012087599141523242,
            0.011527023491604874,
            0.01115733313296611,
            0.01097703940467909,
            0.010714748913111785,
            0.010697555728256702,
            0.009952082744954774,
            0.010205720008040467,
            0.009460921709736189,
            0.00940916184723998,
            0.009633464670817679,
            0.008669341972563416,
            0.008928239151525
          ],
          "prediction_variance": [
            0.00020418452913872898,
            0.0021774969063699245,
            3.0139364753267728e-05
          ]
        },
        {
          "iteration": 2,
          "seed": 42,
          "total_samples_seen": 750,
          "samples_added": 375,
          "mse_per_output": [
            4.658987225287172e-05,
            0.00046723518164486726,
            5.397974968224164e-07
          ],
          "total_mse": 0.0005143648513945614,
          "window_size": 0.1,
          "center_point": [
            0.526862621307373,
            0.5584099292755127,
            0.5144621133804321
          ],
          "pool_idx": 2,
          "avg_train_loss": 5.8604995801185085e-05,
          "epoch_losses": [
            0.00023383114936829466,
            8.032937694224529e-05,
            6.382036751044022e-05,
            6.172952392565396e-05,
            5.851583000548999e-05,
            5.594223239313578e-05,
            5.723422297402673e-05,
            6.112951155046176e-05,
            6.052776385937856e-05,
            5.749357008729324e-05,
            6.267313604742715e-05,
            5.3735579361576434e-05,
            5.17759173514302e-05,
            5.227686847320001e-05,
            5.07656553357568e-05,
            5.881390461581759e-05,
            5.1355060956363254e-05,
            5.7474085830714707e-05,
            5.662414620625592e-05,
            4.8294841083892e-05,
            5.3046047166086886e-05,
            4.977967349380682e-05,
            4.8674072028613104e-05,
            5.018626173599235e-05,
            4.8272901343201134e-05,
            5.8927736745317816e-05,
            4.940406271695489e-05,
            4.972214204220412e-05,
            6.73669181499766e-05,
            5.087367344458471e-05,
            4.7621602031237366e-05,
            5.216988514196904e-05,
            4.792232948602759e-05,
            5.204670893969402e-05,
            4.750698963107425e-05,
            4.750715781180285e-05,
            5.1458944957024265e-05,
            4.9673739643670466e-05,
            5.200244928952694e-05,
            5.473269576820409e-05,
            5.139966303128555e-05,
            4.806130512709691e-05,
            5.273934160262191e-05,
            4.947711166399434e-05,
            5.2121360113233095e-05,
            7.111260310921352e-05,
            5.7161941905784865e-05,
            5.8540148377990896e-05,
            5.691752714180135e-05,
            6.948005254040861e-05
          ],
          "prediction_variance": [
            1.0192650279350346e-06,
            1.7738406313583255e-05,
            2.5254900037907646e-07
          ]
        }
      ]
    ]
  },
  "aggregated_results": [
    {
      "iteration": 0,
      "total_samples_seen": 0.0,
      "samples_added": 0.0,
      "training_samples": 0,
      "mean_total_mse": 0.6767638895020326,
      "std_total_mse": 0.0,
      "mean_mse_per_output": [
        0.4338832130976558,
        0.15983806487861799,
        0.08304261152575874
      ],
      "std_mse_per_output": [
        0.0,
        0.0,
        0.0
      ],
      "mean_train_loss": null,
      "window_size": 1.0,
      "num_seeds": 1,
      "mean_prediction_variance_per_output": [
        NaN,
        NaN,
        NaN
      ],
      "std_prediction_variance_per_output": [
        NaN,
        NaN,
        NaN
      ]
    },
    {
      "iteration": 1,
      "total_samples_seen": 375.0,
      "samples_added": 375.0,
      "training_samples": 18750.0,
      "mean_total_mse": 0.00430282790210618,
      "std_total_mse": 0.0,
      "mean_mse_per_output": [
        0.0007213950584650664,
        0.003373509900409382,
        0.00020792294323173196
      ],
      "std_mse_per_output": [
        0.0,
        0.0,
        0.0
      ],
      "mean_train_loss": 0.016518085837791054,
      "window_size": 1.0,
      "num_seeds": 1,
      "mean_prediction_variance_per_output": [
        0.00020418452913872898,
        0.0021774969063699245,
        3.0139364753267728e-05
      ],
      "std_prediction_variance_per_output": [
        0.0,
        0.0,
        0.0
      ]
    },
    {
      "iteration": 2,