{
  "pipeline_name": "sample_efficiency_800per_iter_shrink0.4",
  "timestamp": "2025-12-08 14:05:25",
  "config": {
    "model_type": "NeuralNetModel",
    "model_params": "{'input_size': 6, 'output_size': 3, 'hidden_sizes': (64, 32), 'activation': 'tanh', 'learning_rate': 0.001, 'model_name': 'adaptive_batch_sampling_nn', 'seed': 42}",
    "n_iterations": 2,
    "samples_per_iteration": 800,
    "n_epochs": 50,
    "batch_size": 16,
    "initial_window_size": 2.0,
    "shrink_rate": 0.4,
    "num_seeds": 1,
    "window_type": "output",
    "use_model_prediction": true,
    "remove_first_pool_each_iteration": true,
    "num_pool_datasets": 2,
    "pool_samples_per_dataset": [
      4000,
      3200
    ],
    "total_pool_samples": 7200,
    "test_samples": 1
  },
  "data_info": {},
  "training_info": {},
  "evaluation": {},
  "raw_results": {
    "all_seed_results": [
      [
        {
          "iteration": 0,
          "seed": 42,
          "total_samples_seen": 0,
          "samples_added": 0,
          "mse_per_output": [
            0.5993477555736278,
            0.2971975857947789,
            0.34931573176184927
          ],
          "total_mse": 1.2458610731302562,
          "window_size": 2.0,
          "center_point": [
            0.5000038227775604,
            0.5003280052336098,
            0.500042579988823
          ],
          "pools_used": [],
          "avg_train_loss": null,
          "prediction_variance": [
            NaN,
            NaN,
            NaN
          ]
        },
        {
          "iteration": 1,
          "seed": 42,
          "total_samples_seen": 800,
          "samples_added": 800,
          "mse_per_output": [
            0.0021702136332193015,
            0.0046994688369131135,
            8.024397574583878e-05
          ],
          "total_mse": 0.006949926445878254,
          "window_size": 2.0,
          "center_point": [
            0.5000038227775604,
            0.5003280052336098,
            0.500042579988823
          ],
          "pools_used": [
            0
          ],
          "avg_train_loss": 0.012732821792108006,
          "epoch_losses": [
            0.12777835600078105,
            0.030329943522810935,
            0.02436776112765074,
            0.021271415408700704,
            0.01972172563895583,
            0.018725692071020605,
            0.018438871093094347,
            0.01786273437552154,
            0.01779025821015239,
            0.017401748225092887,
            0.017069394811987878,
            0.016521650943905116,
            0.016006243377923966,
            0.015540911499410868,
            0.015213815569877625,
            0.014439290473237634,
            0.013666235795244574,
            0.013212466221302748,
            0.012412007777020334,
            0.01157705501653254,
            0.011003791801631451,
            0.011121584372594952,
            0.010564211243763565,
            0.010098662357777358,
            0.009829694898799061,
            0.00957351786084473,
            0.008683383921161294,
            0.00832280413247645,
            0.008847555359825492,
            0.007318572583608329,
            0.007797584738582373,
            0.006254683467559517,
            0.006353087825700641,
            0.005867789923213422,
            0.0052053370466455815,
            0.005022734953090548,
            0.004242360102944076,
            0.004031615362036973,
            0.003727370460983366,
            0.0034755014930851758,
            0.0033373023639433085,
            0.003246874057222158,
            0.003021852958481759,
            0.0029688859870657326,
            0.0031504181656055153,
            0.003147438890300691,
            0.003248858372680843,
            0.002905818840954453,
            0.002485902092885226,
            0.002438316809711978
          ],
          "prediction_variance": [
            NaN,
            NaN,
            NaN
          ],
          "test_predictions_scaled": [
            [
              0.5465893745422363,
              0.5688806772232056,
              0.5090004801750183
            ]
          ],
          "test_true_scaled": [
            [
              0.5000038227775604,
              0.5003280052336098,
              0.500042579988823
            ]
          ]
        },
        {
          "iteration": 2,
          "seed": 42,
          "total_samples_seen": 1600,
          "samples_added": 800,
          "mse_per_output": [
            6.454245396473084e-06,
            0.0002330380279506901,
            1.8624706158216882e-08
          ],
          "total_mse": 0.0002395108980533214,
          "window_size": 0.8,
          "center_point": [
            0.5465893745422363,
            0.5688806772232056,
            0.5090004801750183
          ],
          "pools_used": [
            0
          ],
          "avg_train_loss": 0.0005168357464106521,
          "epoch_losses": [
            0.0007991097075864673,
            0.0006724684021901339,
            0.0006489823269657791,
            0.0006446341873379424,
            0.0005813051533186808,
            0.0005895803609746508,
            0.0006173775112256408,
            0.000617856181343086,
            0.0006434506893856451,
            0.0006283909443300218,
            0.0005451649081078358,
            0.0005266342285904102,
            0.0008754922327352687,
            0.000680668297864031,
            0.0006853692335425876,
            0.0005494691818603314,
            0.0005194881546776741,
            0.0005761794099817053,
            0.0004891562799457461,
            0.0005342511978233233,
            0.00046014517458388583,
            0.0005024866919848136,
            0.000586919087509159,
            0.0004977823709486984,
            0.0004660421863081865,
            0.00044165159604744983,
            0.0004993534274399281,
            0.00045815966819645837,
            0.0004691206061397679,
            0.0005230796663090587,
            0.00046356357459444554,
            0.0005292972561437636,
            0.00038451373955467717,
            0.0004529840289615095,
            0.0004047678111237474,
            0.00042527211393462495,
            0.00048514547204831616,
            0.00043207327369600536,
            0.000435465893096989,
            0.00045066506063449194,
            0.00043019895878387615,
            0.00045911693596281113,
            0.000424396424787119,
            0.00036410332744708286,
            0.00037333274551201614,
            0.00039432175748515874,
            0.0004492420416499954,
            0.0003430380960344337,
            0.0003920183633454144,
            0.0004185013804817572
          ],
          "prediction_variance": [
            NaN,
            NaN,
            NaN
          ],
          "test_predictions_scaled": [
            [
              0.5025443434715271,
              0.5155935883522034,
              0.5001790523529053
            ]
          ],
          "test_true_scaled": [
            [
              0.5000038227775604,
              0.5003280052336098,
              0.500042579988823
            ]
          ]
        }
      ]
    ]
  },
  "aggregated_results": [
    {
      "iteration": 0,
      "total_samples_seen": 0.0,
      "samples_added": 0.0,
      "training_samples": 0,
      "mean_total_mse": 1.2458610731302562,
      "std_total_mse": 0.0,
      "mean_mse_per_output": [
        0.5993477555736278,
        0.2971975857947789,
        0.34931573176184927
      ],
      "std_mse_per_output": [
        0.0,
        0.0,
        0.0
      ],
      "mean_train_loss": null,
      "window_size": 2.0,
      "num_seeds": 1,
      "mean_prediction_variance_per_output": [
        NaN,
        NaN,
        NaN
      ],
      "std_prediction_variance_per_output": [
        NaN,
        NaN,
        NaN
      ]
    },
    {
      "iteration": 1,
      "total_samples_seen": 800.0,
      "samples_added": 800.0,