{
  "pipeline_name": "sample_efficiency_400per_iter_shrink1",
  "timestamp": "2025-12-01 20:47:40",
  "config": {
    "model_type": "NeuralNetModel",
    "model_params": "{'input_size': 6, 'output_size': 3, 'hidden_sizes': (64, 32), 'activation': 'tanh', 'learning_rate': 0.001, 'model_name': 'adaptive_batch_sampling_nn', 'seed': 42}",
    "n_iterations": 3,
    "samples_per_iteration": 400,
    "n_epochs": 50,
    "batch_size": 16,
    "initial_window_size": 1.0,
    "shrink_rate": 1,
    "num_seeds": 1,
    "window_type": "output",
    "use_model_prediction": false,
    "remove_first_pool_each_iteration": false,
    "num_pool_datasets": 25,
    "pool_samples_per_dataset": [
      4000,
      3000,
      1000,
      2500,
      2500,
      2500,
      500,
      2000,
      2500,
      2525,
      2550,
      2575,
      2000,
      2600,
      2550,
      2575,
      2600,
      2500,
      2525,
      1500,
      2700,
      2700,
      2000,
      2750,
      2750
    ],
    "total_pool_samples": 59900,
    "test_samples": 1
  },
  "data_info": {},
  "training_info": {},
  "evaluation": {},
  "raw_results": {
    "all_seed_results": [
      [
        {
          "iteration": 0,
          "seed": 42,
          "total_samples_seen": 0,
          "samples_added": 0,
          "mse_per_output": [
            0.5993477555736278,
            0.2971975857947789,
            0.34931573176184927
          ],
          "total_mse": 1.2458610731302562,
          "window_size": 1.0,
          "center_point": [
            0.5000038227775604,
            0.5003280052336098,
            0.500042579988823
          ],
          "pools_used": [],
          "avg_train_loss": null,
          "prediction_variance": [
            NaN,
            NaN,
            NaN
          ]
        },
        {
          "iteration": 1,
          "seed": 42,
          "total_samples_seen": 400,
          "samples_added": 400,
          "mse_per_output": [
            0.0004730246884587845,
            0.010029841066082085,
            0.00022865607515441848
          ],
          "total_mse": 0.010731521829695287,
          "window_size": 1.0,
          "center_point": [
            0.5000038227775604,
            0.5003280052336098,
            0.500042579988823
          ],
          "pools_used": [
            0
          ],
          "avg_train_loss": 0.018708908043615517,
          "epoch_losses": [
            0.23127929210662843,
            0.04066328801214695,
            0.02886810913681984,
            0.02444454614073038,
            0.02254937931895256,
            0.02077260211110115,
            0.01953957576304674,
            0.01831823490560055,
            0.017301692217588423,
            0.01667965214699507,
            0.01584103476256132,
            0.015371477995067835,
            0.01545554343611002,
            0.015196440536528825,
            0.014915603473782539,
            0.014896123223006725,
            0.014827264696359635,
            0.015019321870058775,
            0.014722467307001353,
            0.01443090382963419,
            0.014349273815751075,
            0.014364189431071282,
            0.013976155444979668,
            0.014069869201630354,
            0.013939075004309416,
            0.013588686399161816,
            0.013380919564515353,
            0.013127584289759398,
            0.01315622566267848,
            0.013151737544685602,
            0.012489805277436972,
            0.012564560174942016,
            0.012488219775259496,
            0.011815476845949888,
            0.011989311445504428,
            0.011817352473735809,
            0.01118151756003499,
            0.01060701385140419,
            0.010501626394689084,
            0.010306287687271834,
            0.01019335450604558,
            0.009847747310996056,
            0.009482399746775626,
            0.0092849709559232,
            0.009020314440131188,
            0.008951255697757005,
            0.009331858903169631,
            0.008637289218604564,
            0.008419696819037198,
            0.008319073747843504
          ],
          "prediction_variance": [
            NaN,
            NaN,
            NaN
          ],
          "test_predictions_scaled": [
            [
              0.5217529535293579,
              0.6004770994186401,
              0.5151639580726624
            ]
          ],
          "test_true_scaled": [
            [
              0.5000038227775604,
              0.5003280052336098,
              0.500042579988823
            ]
          ]
        },
        {
          "iteration": 2,
          "seed": 42,
          "total_samples_seen": 800,
          "samples_added": 400,
          "mse_per_output": [
            0.0003209387675059196,
            0.0007263186089897288,
            6.597567375334918e-05
          ],
          "total_mse": 0.0011132330502489974,
          "window_size": 1.0,
          "center_point": [
            0.5000038227775604,
            0.5003280052336098,
            0.500042579988823
          ],
          "pools_used": [
            0
          ],
          "avg_train_loss": 0.004026468790415674,
          "epoch_losses": [
            0.008219151329249143,
            0.008254434885457159,
            0.008214746098965407,
            0.008211234342306853,
            0.0071911431569606065,
            0.008004456758499146,
            0.007285054735839367,
            0.006620930209755897,
            0.0064880957081913946,
            0.00603740812279284,
            0.006248230813071132,
            0.006337066553533078,
            0.005953463856130838,
            0.0060504678636789325,
            0.005323063833639025,
            0.00539465288631618,
            0.00469890077598393,
            0.004632209539413452,
            0.004190821070224047,
            0.004047540687024593,
            0.004016579613089561,
            0.003729472029954195,
            0.003442601845599711,
            0.003287936411798,
            0.0033998750522732735,
            0.0031707762042060494,
            0.0030659319180995227,
            0.0027085240557789803,
            0.0028860315401107073,
            0.0029442756343632938,
            0.0027262772852554916,
            0.0024177729152143,
            0.002348263452295214,
            0.0025793580943718553,
            0.0024782973295077683,
            0.002421714481897652,
            0.0021577719366177917,
            0.0022535738069564106,
            0.0020772964879870416,
            0.0019077999237924815,
            0.0018346372083760797,
            0.0018806922482326627,
            0.0018122122692875563,
            0.0017925938568077982,
            0.0018614720669575036,
            0.0018488608580082655,
            0.002098736974876374,
            0.0016719538904726506,
            0.001532646780833602,
            0.0015664301207289099
          ],
          "prediction_variance": [
            NaN,
            NaN,
            NaN
          ],
          "test_predictions_scaled": [
            [
              0.517918586730957,
              0.5272783041000366,
              0.5081651210784912
            ]
          ],
          "test_true_scaled": [
            [
              0.5000038227775604,
              0.5003280052336098,
              0.500042579988823
            ]
          ]
        },
        {
          "iteration": 3,
          "seed": 42,
          "total_samples_seen": 1200,
          "samples_added": 400,
          "mse_per_output": [
            0.0008843699676755886,
            0.002851048538855466,
            0.00026325119892725503
          ],
          "total_mse": 0.00399866970545831,
          "window_size": 1.0,
          "center_point": [
            0.5000038227775604,
            0.5003280052336098,
            0.500042579988823
          ],
          "pools_used": [
            0
          ],
          "avg_train_loss": 0.0012889811627566814,