{
  "pipeline_name": "sample_efficiency_400samples_2iters",
  "timestamp": "2025-11-07 17:27:31",
  "config": {
    "model_type": "NeuralNetModel",
    "model_params": "{'input_size': 6, 'output_size': 3, 'hidden_sizes': (64, 32), 'activation': 'tanh', 'learning_rate': 0.001, 'model_name': 'adaptive_batch_sampling_nn'}",
    "n_iterations": 2,
    "samples_per_iteration": 200,
    "n_epochs": 50,
    "batch_size": 16,
    "initial_window_size": 1.0,
    "shrink_rate": 0.3,
    "num_seeds": 1,
    "window_type": "output",
    "use_model_prediction": true,
    "num_pool_datasets": 2,
    "pool_samples_per_dataset": [
      4000,
      1000
    ],
    "total_pool_samples": 5000,
    "test_samples": 1
  },
  "data_info": {},
  "training_info": {},
  "evaluation": {},
  "raw_results": {
    "all_seed_results": [
      [
        {
          "iteration": 0,
          "seed": 42,
          "total_samples_seen": 0,
          "samples_added": 0,
          "mse_per_output": [
            0.4394722598292714,
            0.06379610832223172,
            0.02649358636134166
          ],
          "total_mse": 0.5297619545128448,
          "window_size": 1.0,
          "center_point": [
            0.5000038227775604,
            0.5003280052336098,
            0.500042579988823
          ],
          "pool_idx": null,
          "avg_train_loss": null,
          "prediction_variance": [
            NaN,
            NaN,
            NaN
          ]
        },
        {
          "iteration": 1,
          "seed": 42,
          "total_samples_seen": 200,
          "samples_added": 200,
          "mse_per_output": [
            0.001195503254864114,
            0.02113689245830482,
            0.00020040137556525696
          ],
          "total_mse": 0.022532797088734187,
          "window_size": 1.0,
          "center_point": [
            0.5000038227775604,
            0.5003280052336098,
            0.500042579988823
          ],
          "pool_idx": 0,
          "avg_train_loss": 0.019875427619912307,
          "epoch_losses": [
            0.15609938106857812,
            0.04659792293722813,
            0.03753035802107591,
            0.030055008828639984,
            0.02684814540239481,
            0.025151003438692827,
            0.023510041575019177,
            0.02252052194223954,
            0.021463985053392556,
            0.01976413795581231,
            0.01873416854785039,
            0.017628393995647248,
            0.016953312720243748,
            0.016887221557016555,
            0.01558353415188881,
            0.01593463567013924,
            0.015400702635256143,
            0.015348951690472089,
            0.015522319035461316,
            0.015174900324871907,
            0.015548845967994286,
            0.015965766703280117,
            0.01611772967645755,
            0.015940529616692893,
            0.014348987382478438,
            0.014683753252029419,
            0.01469391885285194,
            0.015116765880240845,
            0.014439726606584512,
            0.01387061418678898,
            0.014335033125602283,
            0.014159493399067568,
            0.013866372191562103,
            0.014135228684888436,
            0.01422934578015254,
            0.014046970325020643,
            0.013544557186273428,
            0.013492669623631697,
            0.013337801747883741,
            0.01367780791882139,
            0.01338034116018277,
            0.013720990588458685,
            0.013852069154381752,
            0.013714798726141453,
            0.013358793042313594,
            0.013630657098614253,
            0.012838648596348671,
            0.012897077876214798,
            0.011983051466254087,
            0.012134388626481477
          ],
          "prediction_variance": [
            0.0006926886853761971,
            0.000410972919780761,
            0.0005374947795644403
          ]
        },
        {
          "iteration": 2,
          "seed": 42,
          "total_samples_seen": 400,
          "samples_added": 200,
          "mse_per_output": [
            0.0003475908445483639,
            0.01900924162744816,
            6.4438804255103796e-06
          ],
          "total_mse": 0.019363276352422035,
          "window_size": 0.3,
          "center_point": [
            0.534579873085022,
            0.6457133293151855,
            0.514198899269104
          ],
          "pool_idx": 0,
          "avg_train_loss": 0.002407586948158076,
          "epoch_losses": [
            0.0025733250211207913,
            0.0027858132335285726,
            0.0029811604091754327,
            0.0032765160386378947,
            0.002780527951052556,
            0.0027193985431669997,
            0.002915553685922462,
            0.002786497585475445,
            0.0029275510012387084,
            0.002615803897452469,
            0.0025907895223309216,
            0.0026008857575316843,
            0.0024457912569722305,
            0.0024718194573114696,
            0.002456225257796737,
            0.002424735253533492,
            0.002544814855075226,
            0.0026576818647579504,
            0.0024448693461286333,
            0.0024217459856747435,
            0.0024783156382349823,
            0.0023490448142043673,
            0.002421238271591182,
            0.0023323406751912376,
            0.002336868944649513,
            0.0023683550445219646,
            0.0022561794612556696,
            0.0022592217965911213,
            0.0026046225819020318,
            0.002369835990695999,
            0.002256401304083948,
            0.0021453207770649055,
            0.0022130844881758094,
            0.002330020840208118,
            0.0021806775878828307,
            0.0023293491238011764,
            0.002153588987242144,
            0.0020694435896495213,
            0.0022710282892848435,
            0.0023659785063220905,
            0.002100589595591793,
            0.0021414541317006717,
            0.002036462528989292,
            0.0019761192379519343,
            0.002060169676462045,
            0.0021616391067464766,
            0.0023568943321991423,
            0.0020938524080870245,
            0.0019399112609859842,
            0.001999832492751571
          ],
          "prediction_variance": [
            7.0165747274586465e-06,
            0.00014934867795091122,
            3.3686130791465985e-06
          ]
        }
      ]
    ]
  },
  "aggregated_results": [
    {
      "iteration": 0,
      "total_samples_seen": 0.0,
      "samples_added": 0.0,
      "training_samples": 0,
      "mean_total_mse": 0.5297619545128448,
      "std_total_mse": 0.0,
      "mean_mse_per_output": [
        0.4394722598292714,
        0.06379610832223172,
        0.02649358636134166
      ],
      "std_mse_per_output": [
        0.0,
        0.0,
        0.0
      ],
      "mean_train_loss": null,
      "window_size": 1.0,
      "num_seeds": 1,
      "mean_prediction_variance_per_output": [
        NaN,
        NaN,
        NaN
      ],
      "std_prediction_variance_per_output": [
        NaN,
        NaN,
        NaN
      ]
    },
    {
      "iteration": 1,
      "total_samples_seen": 200.0,
      "samples_added": 200.0,
      "training_samples": 10000.0,
      "mean_total_mse": 0.022532797088734187,
      "std_total_mse": 0.0,
      "mean_mse_per_output": [
        0.001195503254864114,
        0.02113689245830482,
        0.00020040137556525696
      ],
      "std_mse_per_output": [
        0.0,
        0.0,
        0.0
      ],
      "mean_train_loss": 0.019875427619912307,
      "window_size": 1.0,
      "num_seeds": 1,
      "mean_prediction_variance_per_output": [
        0.0006926886853761971,
        0.000410972919780761,
        0.0005374947795644403
      ],
      "std_prediction_variance_per_output": [
        0.0,
        0.0,
        0.0
      ]
    },
    {
      "iteration": 2,
      "total_samples_seen": 400.0,
      "samples_added": 200.0,
      "training_samples": 10000.0,