{
  "pipeline_name": "sample_efficiency_600samples_2iters",
  "timestamp": "2025-11-07 17:32:42",
  "config": {
    "model_type": "NeuralNetModel",
    "model_params": "{'input_size': 6, 'output_size': 3, 'hidden_sizes': (64, 32), 'activation': 'tanh', 'learning_rate': 0.001, 'model_name': 'adaptive_batch_sampling_nn'}",
    "n_iterations": 2,
    "samples_per_iteration": 300,
    "n_epochs": 50,
    "batch_size": 16,
    "initial_window_size": 1.0,
    "shrink_rate": 0.3,
    "num_seeds": 1,
    "window_type": "output",
    "use_model_prediction": true,
    "num_pool_datasets": 7,
    "pool_samples_per_dataset": [
      4000,
      1000,
      2500,
      500,
      2000,
      1500,
      2000
    ],
    "total_pool_samples": 13500,
    "test_samples": 1
  },
  "data_info": {},
  "training_info": {},
  "evaluation": {},
  "raw_results": {
    "all_seed_results": [
      [
        {
          "iteration": 0,
          "seed": 42,
          "total_samples_seen": 0,
          "samples_added": 0,
          "mse_per_output": [
            0.25121737653849224,
            0.23622198712222464,
            0.4952853183025955
          ],
          "total_mse": 0.9827246819633124,
          "window_size": 1.0,
          "center_point": [
            0.5000038227775604,
            0.5003280052336098,
            0.500042579988823
          ],
          "pool_idx": null,
          "avg_train_loss": null,
          "prediction_variance": [
            NaN,
            NaN,
            NaN
          ]
        },
        {
          "iteration": 1,
          "seed": 42,
          "total_samples_seen": 300,
          "samples_added": 300,
          "mse_per_output": [
            0.0003517951406121873,
            0.028121148205326928,
            6.0238351132366904e-05
          ],
          "total_mse": 0.02853318169707148,
          "window_size": 1.0,
          "center_point": [
            0.5000038227775604,
            0.5003280052336098,
            0.500042579988823
          ],
          "pool_idx": 0,
          "avg_train_loss": 0.021068336157814452,
          "epoch_losses": [
            0.20038597815130887,
            0.047929096770913976,
            0.03492279958568121,
            0.02982385319314505,
            0.025782859443049682,
            0.023371351196577673,
            0.02155252698024637,
            0.02017696672364285,
            0.019004918144721734,
            0.018044514336476202,
            0.01758080255240202,
            0.016773378966670287,
            0.016638655999773426,
            0.016959507949650288,
            0.016289331165975647,
            0.01607510761210793,
            0.016634268490107434,
            0.01626702527956743,
            0.01678820184775089,
            0.01629822764937815,
            0.015961630809071817,
            0.01582785788923502,
            0.015919343666418603,
            0.01564018732230914,
            0.01598613694506256,
            0.016082596180862503,
            0.015417871653641524,
            0.01513750674693208,
            0.015581035006203149,
            0.015150721528028188,
            0.015173080867450488,
            0.015465661956879654,
            0.015563766570075563,
            0.015041360974703965,
            0.014861695370391795,
            0.0146837524187408,
            0.015589375686096517,
            0.014943784004763552,
            0.014348131310390798,
            0.014464447666939936,
            0.014977246915039263,
            0.014484806329404054,
            0.013917696564213225,
            0.014088451470199385,
            0.014132127999082991,
            0.013609573490133411,
            0.013891180609597972,
            0.013237492181360722,
            0.01348735132303677,
            0.013451564395310063
          ],
          "prediction_variance": [
            0.00012837682152166963,
            5.766486719949171e-05,
            0.00015204900410026312
          ]
        },
        {
          "iteration": 2,
          "seed": 42,
          "total_samples_seen": 600,
          "samples_added": 300,
          "mse_per_output": [
            0.00022345524844378134,
            0.006258084924839943,
            0.00016156108674887144
          ],
          "total_mse": 0.0066431012600325955,
          "window_size": 0.3,
          "center_point": [
            0.5187600255012512,
            0.6680216193199158,
            0.5078039169311523
          ],
          "pool_idx": 1,
          "avg_train_loss": 0.0030398828666167044,
          "epoch_losses": [
            0.003712404905328233,
            0.0035806592602870965,
            0.0034418131077760144,
            0.0034268721447963464,
            0.003420587334977953,
            0.00344990286976099,
            0.0035407815961853452,
            0.003430167678743601,
            0.0034421562878905157,
            0.0033449018006458096,
            0.0034265038802435525,
            0.003354026972757358,
            0.003800740061131747,
            0.003442964700393771,
            0.0033003978406716335,
            0.0032404778451707804,
            0.0033705114803620076,
            0.0032552781600603147,
            0.0032831805782686722,
            0.0031691513048779023,
            0.0031156733227697643,
            0.0030756249264078704,
            0.003130254188650533,
            0.003068497968151381,
            0.0030574170431416285,
            0.0030092932283878326,
            0.002896376848710995,
            0.002939706539588147,
            0.0029323708915494776,
            0.0029145804981357956,
            0.002966904920819951,
            0.0027705849221858537,
            0.0027428245000345143,
            0.003134328712660231,
            0.002779972083915613,
            0.0028371621830094802,
            0.0026218260417839416,
            0.0030466660942980333,
            0.002997372746712675,
            0.0025603473737933918,
            0.0027688413699108517,
            0.0026385699962510876,
            0.0027161889501210105,
            0.002690139287886651,
            0.002678407576719397,
            0.0024179474046257766,
            0.00275452267746196,
            0.002223601154247789,
            0.0020522286833607054,
            0.002022431385213215
          ],
          "prediction_variance": [
            1.821115984057542e-05,
            0.0010228340979665518,
            4.497027111938223e-05
          ]
        }
      ]
    ]
  },
  "aggregated_results": [
    {
      "iteration": 0,
      "total_samples_seen": 0.0,
      "samples_added": 0.0,
      "training_samples": 0,
      "mean_total_mse": 0.9827246819633124,
      "std_total_mse": 0.0,
      "mean_mse_per_output": [
        0.25121737653849224,
        0.23622198712222464,
        0.4952853183025955
      ],
      "std_mse_per_output": [
        0.0,
        0.0,
        0.0
      ],
      "mean_train_loss": null,
      "window_size": 1.0,
      "num_seeds": 1,
      "mean_prediction_variance_per_output": [
        NaN,
        NaN,
        NaN
      ],
      "std_prediction_variance_per_output": [
        NaN,
        NaN,
        NaN
      ]
    },
    {
      "iteration": 1,
      "total_samples_seen": 300.0,
      "samples_added": 300.0,
      "training_samples": 15000.0,
      "mean_total_mse": 0.02853318169707148,
      "std_total_mse": 0.0,
      "mean_mse_per_output": [
        0.0003517951406121873,
        0.028121148205326928,
        6.0238351132366904e-05
      ],
      "std_mse_per_output": [
        0.0,
        0.0,
        0.0
      ],
      "mean_train_loss": 0.021068336157814452,
      "window_size": 1.0,
      "num_seeds": 1,
      "mean_prediction_variance_per_output": [
        0.00012837682152166963,
        5.766486719949171e-05,
        0.00015204900410026312
      ],
      "std_prediction_variance_per_output": [
        0.0,
        0.0,
        0.0
      ]
    },
    {
      "iteration": 2,
      "total_samples_seen": 600.0,