{
  "pipeline_name": "sample_efficiency_1000samples_5iters",
  "timestamp": "2025-11-09 11:18:59",
  "config": {
    "model_type": "NeuralNetModel",
    "model_params": "{'input_size': 6, 'output_size': 3, 'hidden_sizes': (64, 32), 'activation': 'tanh', 'learning_rate': 0.001, 'model_name': 'adaptive_batch_sampling_nn'}",
    "n_iterations": 5,
    "samples_per_iteration": 200,
    "n_epochs": 50,
    "batch_size": 16,
    "initial_window_size": 1.0,
    "shrink_rate": 0.2,
    "num_seeds": 1,
    "window_type": "output",
    "use_model_prediction": true,
    "num_pool_datasets": 17,
    "pool_samples_per_dataset": [
      4000,
      3000,
      1000,
      2500,
      2500,
      2500,
      500,
      2000,
      2000,
      2600,
      2600,
      1500,
      2700,
      2700,
      2000,
      2750,
      2750
    ],
    "total_pool_samples": 39600,
    "test_samples": 1
  },
  "data_info": {},
  "training_info": {},
  "evaluation": {},
  "raw_results": {
    "all_seed_results": [
      [
        {
          "iteration": 0,
          "seed": 42,
          "total_samples_seen": 0,
          "samples_added": 0,
          "mse_per_output": [
            0.4799297119230644,
            0.08608611642408819,
            0.18411873374481616
          ],
          "total_mse": 0.7501345620919687,
          "window_size": 1.0,
          "center_point": [
            0.5000038227775604,
            0.5003280052336098,
            0.500042579988823
          ],
          "pools_used": [],
          "avg_train_loss": null,
          "prediction_variance": [
            NaN,
            NaN,
            NaN
          ]
        },
        {
          "iteration": 1,
          "seed": 42,
          "total_samples_seen": 200,
          "samples_added": 200,
          "mse_per_output": [
            0.0015154838532350232,
            0.014005515857517288,
            0.0001698620682107754
          ],
          "total_mse": 0.01569086177896309,
          "window_size": 1.0,
          "center_point": [
            0.5000038227775604,
            0.5003280052336098,
            0.500042579988823
          ],
          "pools_used": [
            0
          ],
          "avg_train_loss": 0.02139081746769639,
          "epoch_losses": [
            0.23492721984019646,
            0.04899612642251528,
            0.04313069209456444,
            0.031607223531374566,
            0.027588008114924796,
            0.024473642500547264,
            0.022510692119025268,
            0.02076767492466248,
            0.019288585879481755,
            0.018190268283853166,
            0.018033239560631607,
            0.01680241123988078,
            0.017016181507362768,
            0.016246433871296737,
            0.015269853819448214,
            0.015579269589999547,
            0.015437957866547199,
            0.01516566088852974,
            0.015401483226854067,
            0.015288979244919924,
            0.01494818116323306,
            0.01454388160401812,
            0.014987451382554494,
            0.01471665666366999,
            0.014996080086208306,
            0.014384781511930319,
            0.015177783126441332,
            0.014827588716378579,
            0.014654147295424571,
            0.015265065173690136,
            0.014449409280831996,
            0.014356485353066372,
            0.014194153894025546,
            0.013883183065515298,
            0.013799416617705272,
            0.013879456342412876,
            0.014016844117297577,
            0.013572275459479827,
            0.01391340484126256,
            0.013125728779973892,
            0.013747254207443733,
            0.013883462963769069,
            0.013582080531005677,
            0.012712989933788776,
            0.01316216946221315,
            0.01277952533788406,
            0.012638058513402939,
            0.012384865003136488,
            0.012453547750528041,
            0.012783340679911466
          ],
          "prediction_variance": [
            0.0001912681182147935,
            0.0010265061864629388,
            0.0006136394222266972
          ]
        },
        {
          "iteration": 2,
          "seed": 42,
          "total_samples_seen": 400,
          "samples_added": 200,
          "mse_per_output": [
            0.00037258340582761485,
            0.009515334602517309,
            1.3158333607521563e-05
          ],
          "total_mse": 0.009901076341952446,
          "window_size": 0.2,
          "center_point": [
            0.5389330387115479,
            0.6186729073524475,
            0.4870094656944275
          ],
          "pools_used": [
            0,
            1
          ],
          "avg_train_loss": 0.0010232937467383005,
          "epoch_losses": [
            0.0010934641020587431,
            0.001093451247120706,
            0.0010610644284707422,
            0.0010811497654336004,
            0.0010414630837308674,
            0.0010159855726389931,
            0.0010464389387589807,
            0.0010869964966192269,
            0.001075624765899892,
            0.0010259871935256971,
            0.001069468159515124,
            0.0011008182549490952,
            0.0010652570725561907,
            0.0010285454829080175,
            0.0010195673004580806,
            0.0010275317964932094,
            0.0010013813914086383,
            0.0010245218111846882,
            0.0010430673898484271,
            0.0010302668491091866,
            0.0010054712765850127,
            0.0010207623350792206,
            0.0009923399372312885,
            0.0009789648600137578,
            0.0010035384598617943,
            0.0010020749580759841,
            0.0010215547473098224,
            0.0009631784722352257,
            0.0009624214178004947,
            0.0010462579890512503,
            0.0010535986467192953,
            0.0010115275643049525,
            0.0010063785907382576,
            0.0009687740821391344,
            0.001027578752165517,
            0.0009696738785490966,
            0.0010340612766762765,
            0.0010069052536542027,
            0.0010690839934306075,
            0.0009959192651037413,
            0.001049553756064807,
            0.000998007785081147,
            0.0010663154132019442,
            0.0009541799842666548,
            0.0009358756047172042,
            0.0009952901611821009,
            0.0009791295473965316,
            0.0009553050443243522,
            0.0010836464420068436,
            0.0009752667392604053
          ],
          "prediction_variance": [
            1.6934427549131215e-05,
            2.6429290301166475e-05,
            3.358554749866016e-05
          ]
        },
        {
          "iteration": 3,
          "seed": 42,
          "total_samples_seen": 403,
          "samples_added": 3,
          "mse_per_output": [
            0.00027804526387999146,
            0.0062606785577641625,
            2.1913002929338956e-05
          ],
          "total_mse": 0.006560636824573494,
          "window_size": 0.04000000000000001,
          "center_point": [
            0.5193062424659729,
            0.5978745818138123,
            0.4964151382446289
          ],
          "pools_used": [
            1
          ],
          "avg_train_loss": 9.333246111054904e-05,