{
  "pipeline_name": "sample_efficiency_2000samples_1iters",
  "timestamp": "2025-11-09 18:59:23",
  "config": {
    "model_type": "NeuralNetModel",
    "model_params": "{'input_size': 6, 'output_size': 3, 'hidden_sizes': (64, 32), 'activation': 'tanh', 'learning_rate': 0.001, 'model_name': 'adaptive_batch_sampling_nn'}",
    "n_iterations": 1,
    "samples_per_iteration": 2000,
    "n_epochs": 50,
    "batch_size": 64,
    "initial_window_size": 1.0,
    "shrink_rate": 0.3,
    "num_seeds": 5,
    "window_type": "output",
    "use_model_prediction": true,
    "num_pool_datasets": 17,
    "pool_samples_per_dataset": [
      4000,
      3000,
      1000,
      2500,
      2500,
      2500,
      500,
      2000,
      2000,
      2600,
      2600,
      1500,
      2700,
      2700,
      2000,
      2750,
      2750
    ],
    "total_pool_samples": 39600,
    "test_samples": 1
  },
  "data_info": {},
  "training_info": {},
  "evaluation": {},
  "raw_results": {
    "all_seed_results": [
      [
        {
          "iteration": 0,
          "seed": 42,
          "total_samples_seen": 0,
          "samples_added": 0,
          "mse_per_output": [
            0.17426212336312474,
            0.23283020963266501,
            0.3468349068236484
          ],
          "total_mse": 0.7539272398194381,
          "window_size": 1.0,
          "center_point": [
            0.5000038227775604,
            0.5003280052336098,
            0.500042579988823
          ],
          "pools_used": [],
          "avg_train_loss": null,
          "prediction_variance": [
            NaN,
            NaN,
            NaN
          ]
        },
        {
          "iteration": 1,
          "seed": 42,
          "total_samples_seen": 2000,
          "samples_added": 2000,
          "mse_per_output": [
            0.0005327489101904409,
            0.0012233959549456611,
            0.00011449690731614556
          ],
          "total_mse": 0.0018706417724522475,
          "window_size": 1.0,
          "center_point": [
            0.5000038227775604,
            0.5003280052336098,
            0.500042579988823
          ],
          "pools_used": [
            0
          ],
          "avg_train_loss": 0.011077189035640913,
          "epoch_losses": [
            0.11832062643952668,
            0.031637372623663396,
            0.024382197472732514,
            0.02064015658106655,
            0.01790219548274763,
            0.01636374503141269,
            0.015674774651415646,
            0.015302002837415785,
            0.014737464720383286,
            0.01434566592797637,
            0.014065052615478635,
            0.013573195465141907,
            0.013011119910515845,
            0.012366772192763165,
            0.011848760914290324,
            0.01119793951511383,
            0.010538460657699034,
            0.010295388841768727,
            0.009605002851458266,
            0.009516065125353634,
            0.00915613524557557,
            0.00856648817716632,
            0.008316336388816126,
            0.007927817496238276,
            0.007820646555046551,
            0.007614923291839659,
            0.0074010602256748825,
            0.0072032173338811845,
            0.00696943755610846,
            0.00659476630971767,
            0.006317178180324845,
            0.0063154507806757465,
            0.005672670769854449,
            0.005268401582725346,
            0.005131031837663613,
            0.004692112321208697,
            0.004203946140478365,
            0.003949739468225744,
            0.0036045678934897296,
            0.0031646011484554037,
            0.002880306768929586,
            0.0027096986741526052,
            0.002569096293882467,
            0.0025014116836246103,
            0.0022630012535955757,
            0.0021417725620267447,
            0.002032049058470875,
            0.0018909444916062057,
            0.0018087910139001906,
            0.0018478914207662456
          ],
          "prediction_variance": [
            3.717686195159331e-05,
            0.0016405492788180709,
            1.8502900275052525e-05
          ]
        }
      ],
      [
        {
          "iteration": 0,
          "seed": 43,
          "total_samples_seen": 0,
          "samples_added": 0,
          "mse_per_output": [
            0.6851038125455824,
            0.2061993047558082,
            0.15429686458848826
          ],
          "total_mse": 1.045599981889879,
          "window_size": 1.0,
          "center_point": [
            0.5000038227775604,
            0.5003280052336098,
            0.500042579988823
          ],
          "pools_used": [],
          "avg_train_loss": null,
          "prediction_variance": [
            NaN,
            NaN,
            NaN
          ]
        },
        {
          "iteration": 1,
          "seed": 43,
          "total_samples_seen": 2000,
          "samples_added": 2000,
          "mse_per_output": [
            0.0007777633656798687,
            0.007291599813383197,
            0.00025705426451870273
          ],
          "total_mse": 0.00832641744358177,
          "window_size": 1.0,
          "center_point": [
            0.5000038227775604,
            0.5003280052336098,
            0.500042579988823
          ],
          "pools_used": [
            0
          ],
          "avg_train_loss": 0.012599825651268475,
          "epoch_losses": [
            0.14750541641842574,
            0.03606724081328139,
            0.02790552203077823,
            0.022976387524977326,
            0.019958764140028507,
            0.017796286469092593,
            0.016508217522641644,
            0.01580200422904454,
            0.015576880075968802,
            0.014990262367064133,
            0.014632315462222323,
            0.014555421599652618,
            0.014114525460172445,
            0.013846151414327323,
            0.013658659649081528,
            0.013077328621875495,
            0.012625233561266214,
            0.012150566501077265,
            0.011926674022106454,
            0.011498391977511346,
            0.010595325817121193,
            0.010493722977116704,
            0.009856468284851871,
            0.009534406766761094,
            0.008832355626509525,
            0.008739696291740984,
            0.008376935453270562,
            0.007745682596578263,
            0.007791130410623737,
            0.00745311968785245,
            0.006754974529030733,
            0.006513888714835048,
            0.006218133828951977,
            0.005703425573301502,
            0.005341139651136473,
            0.004633126452972647,
            0.004304095862607937,
            0.004030191994388588,
            0.0035258838834124617,
            0.003196998171915766,
            0.003006837436259957,
            0.002964356513984967,
            0.002702608919207705,
            0.0023649204449611716,
            0.0022482171007141005,
            0.0021503617463167757,
            0.0020296401817176957,
            0.001877766026154859,
            0.0018015052482951432,
            0.0020321165102359373
          ],
          "prediction_variance": [
            7.905898382887244e-05,
            0.0022736843675374985,
            4.223640644340776e-05
          ]
        }
      ],
      [
        {
          "iteration": 0,
          "seed": 44,
          "total_samples_seen": 0,
          "samples_added": 0,
          "mse_per_output": [
            0.48762088821769345,
            0.4247125285498079,
            0.06061654713768833
          ],
          "total_mse": 0.9729499639051897,
          "window_size": 1.0,
          "center_point": [
            0.5000038227775604,
            0.5003280052336098,
            0.500042579988823
          ],
          "pools_used": [],
          "avg_train_loss": null,
          "prediction_variance": [
            NaN,
            NaN,
            NaN
          ]
        },
        {
          "iteration": 1,