{
  "pipeline_name": "sample_efficiency_1000samples_7iters",
  "timestamp": "2025-11-10 17:04:32",
  "config": {
    "model_type": "NeuralNetModel",
    "model_params": "{'input_size': 6, 'output_size': 1, 'hidden_sizes': (64, 32), 'activation': 'tanh', 'learning_rate': 0.001, 'model_name': 'adaptive_batch_sampling_nn'}",
    "n_iterations": 7,
    "samples_per_iteration": 142,
    "n_epochs": 50,
    "batch_size": 16,
    "initial_window_size": 1.0,
    "shrink_rate": 0.1,
    "num_seeds": 1,
    "window_type": "output",
    "use_model_prediction": true,
    "num_pool_datasets": 25,
    "pool_samples_per_dataset": [
      4000,
      3000,
      1000,
      2500,
      2500,
      2500,
      500,
      2000,
      2500,
      2525,
      2550,
      2575,
      2000,
      2600,
      2550,
      2575,
      2600,
      2500,
      2525,
      1500,
      2700,
      2700,
      2000,
      2750,
      2750
    ],
    "total_pool_samples": 59900,
    "test_samples": 1
  },
  "data_info": {},
  "training_info": {},
  "evaluation": {},
  "raw_results": {
    "all_seed_results": [
      [
        {
          "iteration": 0,
          "seed": 42,
          "total_samples_seen": 0,
          "samples_added": 0,
          "mse_per_output": [
            0.1510068042393847
          ],
          "total_mse": 0.1510068042393847,
          "window_size": 1.0,
          "center_point": [
            0.5003280052336098
          ],
          "pools_used": [],
          "avg_train_loss": null,
          "prediction_variance": [
            NaN
          ]
        },
        {
          "iteration": 1,
          "seed": 42,
          "total_samples_seen": 142,
          "samples_added": 142,
          "mse_per_output": [
            0.00792453086708329
          ],
          "total_mse": 0.00792453086708329,
          "window_size": 1.0,
          "center_point": [
            0.5003280052336098
          ],
          "pools_used": [
            0
          ],
          "avg_train_loss": 0.04514971253151694,
          "epoch_losses": [
            0.15082145668566227,
            0.06586650841765934,
            0.04919696640637186,
            0.051577814337280065,
            0.04812253825366497,
            0.04711180511448118,
            0.04651577646533648,
            0.047094949417644076,
            0.04629294739829169,
            0.04610082465741369,
            0.045389850727385946,
            0.04616051953699854,
            0.04597848571009106,
            0.04699132757054435,
            0.04502614297800594,
            0.045467264536354274,
            0.04459221205777592,
            0.04442883696821001,
            0.04527559752265612,
            0.04488678110970391,
            0.043955807470613055,
            0.04598361791835891,
            0.04297196078631613,
            0.043903342758615814,
            0.04356885556545523,
            0.04269233842690786,
            0.0424131058777372,
            0.041911152087979846,
            0.04239709902968672,
            0.04037547152903345,
            0.041493356227874756,
            0.04260271001193258,
            0.0409320592880249,
            0.04024535251988305,
            0.04056834946903917,
            0.039181084061662354,
            0.03964788383907742,
            0.04060925046602885,
            0.03882689360115263,
            0.040543374295035996,
            0.03999739926722315,
            0.03844830207526684,
            0.037746536235014595,
            0.036703201631704964,
            0.03667014713088671,
            0.03615245223045349,
            0.03487365030580097,
            0.03861241332358784,
            0.035988509448038206,
            0.03457134382592307
          ],
          "prediction_variance": [
            0.0014687658986076713
          ]
        },
        {
          "iteration": 2,
          "seed": 42,
          "total_samples_seen": 284,
          "samples_added": 142,
          "mse_per_output": [
            0.0034338002239729716
          ],
          "total_mse": 0.0034338002239729716,
          "window_size": 0.1,
          "center_point": [
            0.5893478393554688
          ],
          "pools_used": [
            0
          ],
          "avg_train_loss": 0.0017406761088770714,
          "epoch_losses": [
            0.004478307130436103,
            0.003147895874766012,
            0.0025022902086170185,
            0.002509337578279277,
            0.0022617004320232403,
            0.0022294049073631563,
            0.0021173601983011598,
            0.002202944946475327,
            0.0020839151952208746,
            0.0020268932114251787,
            0.0019813901744782925,
            0.0020242948731821445,
            0.002209140854473743,
            0.002036959670173625,
            0.0019116638642218378,
            0.0017542451645972,
            0.0017999545024293992,
            0.0017246537091624406,
            0.0016939327728727625,
            0.0016758620299191938,
            0.0016349625592637393,
            0.001836800223423375,
            0.001678938065500309,
            0.001552422673234509,
            0.00158438182875721,
            0.0015564621943566534,
            0.0015825300813756054,
            0.0015169898979365826,
            0.0015337274267545177,
            0.0015185536855521302,
            0.0015304512344300747,
            0.0014332003710377547,
            0.0014289501575856572,
            0.0014226172416884867,
            0.0014542068044344585,
            0.0013605545585354168,
            0.0013499160607655842,
            0.0013261582482502693,
            0.001295242005855673,
            0.001292079324937529,
            0.0012682502274401486,
            0.0013298501014812952,
            0.0013991216805556582,
            0.001345704943459067,
            0.0012340626562945545,
            0.0012130262847575876,
            0.0012657011846183902,
            0.0012073016647870343,
            0.0012999226584927076,
            0.0012095720998735891
          ],
          "prediction_variance": [
            0.00016344767936971039
          ]
        },
        {
          "iteration": 3,
          "seed": 42,
          "total_samples_seen": 426,
          "samples_added": 142,
          "mse_per_output": [
            0.0021738422102983504
          ],
          "total_mse": 0.0021738422102983504,
          "window_size": 0.010000000000000002,
          "center_point": [
            0.5589266419410706
          ],
          "pools_used": [
            0,
            1,
            2
          ],
          "avg_train_loss": 0.00012443311652330318,