{
  "pipeline_name": "sample_efficiency_2000samples_1iters",
  "timestamp": "2025-11-09 11:10:44",
  "config": {
    "model_type": "NeuralNetModel",
    "model_params": "{'input_size': 6, 'output_size': 3, 'hidden_sizes': (64, 32), 'activation': 'tanh', 'learning_rate': 0.001, 'model_name': 'adaptive_batch_sampling_nn'}",
    "n_iterations": 1,
    "samples_per_iteration": 2000,
    "n_epochs": 50,
    "batch_size": 16,
    "initial_window_size": 1.0,
    "shrink_rate": 0.2,
    "num_seeds": 1,
    "window_type": "output",
    "use_model_prediction": true,
    "num_pool_datasets": 17,
    "pool_samples_per_dataset": [
      4000,
      3000,
      1000,
      2500,
      2500,
      2500,
      500,
      2000,
      2000,
      2600,
      2600,
      1500,
      2700,
      2700,
      2000,
      2750,
      2750
    ],
    "total_pool_samples": 39600,
    "test_samples": 1
  },
  "data_info": {},
  "training_info": {},
  "evaluation": {},
  "raw_results": {
    "all_seed_results": [
      [
        {
          "iteration": 0,
          "seed": 42,
          "total_samples_seen": 0,
          "samples_added": 0,
          "mse_per_output": [
            0.4200874574507107,
            0.3319608603216949,
            0.10512718510098286
          ],
          "total_mse": 0.8571755028733884,
          "window_size": 1.0,
          "center_point": [
            0.5000038227775604,
            0.5003280052336098,
            0.500042579988823
          ],
          "pools_used": [],
          "avg_train_loss": null,
          "prediction_variance": [
            NaN,
            NaN,
            NaN
          ]
        },
        {
          "iteration": 1,
          "seed": 42,
          "total_samples_seen": 2000,
          "samples_added": 2000,
          "mse_per_output": [
            1.2216890901200272e-06,
            0.00011836256554331258,
            2.0813633651975244e-06
          ],
          "total_mse": 0.00012166561799863013,
          "window_size": 1.0,
          "center_point": [
            0.5000038227775604,
            0.5003280052336098,
            0.500042579988823
          ],
          "pools_used": [
            0
          ],
          "avg_train_loss": 0.004536285935975611,
          "epoch_losses": [
            0.05205842503905296,
            0.01593545561656356,
            0.015114995289593935,
            0.014124344207346439,
            0.013203525006771088,
            0.011939137324690818,
            0.010976054456084967,
            0.00952961939945817,
            0.009062512792646886,
            0.007953571423888207,
            0.007285699103027582,
            0.006227001903578639,
            0.005076058011502027,
            0.0040914750443771485,
            0.003889413951896131,
            0.0030229701437056063,
            0.002461548535618931,
            0.002404010820668191,
            0.002072524891700596,
            0.0020837203250266612,
            0.0017613709466531872,
            0.0016500059119425713,
            0.0014286457700654865,
            0.0014194918242283166,
            0.0012989789738785476,
            0.0012740868707187473,
            0.0013482820447534322,
            0.0011602547978982328,
            0.001154609769117087,
            0.0012427673351485282,
            0.0010223409563768656,
            0.0009591421764343976,
            0.0010862615078222006,
            0.001038157330127433,
            0.0008827292048372329,
            0.0009089060372207314,
            0.0009320988149847836,
            0.0007451026130001992,
            0.0007511608176864684,
            0.0007082183605525643,
            0.0008066323415841907,
            0.0006402232791297138,
            0.0007210837849415839,
            0.0005764328138902783,
            0.0005211193815339356,
            0.0004885333596030251,
            0.0005262382290093228,
            0.0005074757496477105,
            0.0003963259335141629,
            0.00034555657528107984
          ],
          "prediction_variance": [
            3.5944303817814216e-05,
            0.0002492607745807618,
            1.1149041711178143e-05
          ]
        }
      ]
    ]
  },
  "aggregated_results": [
    {
      "iteration": 0,
      "total_samples_seen": 0.0,
      "samples_added": 0.0,
      "training_samples": 0,
      "mean_total_mse": 0.8571755028733884,
      "std_total_mse": 0.0,
      "mean_mse_per_output": [
        0.4200874574507107,
        0.3319608603216949,
        0.10512718510098286
      ],
      "std_mse_per_output": [
        0.0,
        0.0,
        0.0
      ],
      "mean_train_loss": null,
      "window_size": 1.0,
      "num_seeds": 1,
      "mean_prediction_variance_per_output": [
        NaN,
        NaN,
        NaN
      ],
      "std_prediction_variance_per_output": [
        NaN,
        NaN,
        NaN
      ]
    },
    {
      "iteration": 1,
      "total_samples_seen": 2000.0,
      "samples_added": 2000.0,
      "training_samples": 100000.0,
      "mean_total_mse": 0.00012166561799863013,
      "std_total_mse": 0.0,
      "mean_mse_per_output": [
        1.2216890901200272e-06,
        0.00011836256554331258,
        2.0813633651975244e-06
      ],
      "std_mse_per_output": [
        0.0,
        0.0,
        0.0
      ],
      "mean_train_loss": 0.004536285935975611,
      "window_size": 1.0,
      "num_seeds": 1,
      "mean_prediction_variance_per_output": [
        3.5944303817814216e-05,
        0.0002492607745807618,
        1.1149041711178143e-05
      ],
      "std_prediction_variance_per_output": [
        0.0,
        0.0,
        0.0
      ]
    }
  ],
  "execution_time_seconds": 63.098261
}