{
  "pipeline_name": "sample_efficiency_200samples_2iters",
  "timestamp": "2025-11-07 17:31:44",
  "config": {
    "model_type": "NeuralNetModel",
    "model_params": "{'input_size': 6, 'output_size': 3, 'hidden_sizes': (64, 32), 'activation': 'tanh', 'learning_rate': 0.001, 'model_name': 'adaptive_batch_sampling_nn'}",
    "n_iterations": 2,
    "samples_per_iteration": 100,
    "n_epochs": 50,
    "batch_size": 16,
    "initial_window_size": 1.0,
    "shrink_rate": 0.3,
    "num_seeds": 1,
    "window_type": "output",
    "use_model_prediction": true,
    "num_pool_datasets": 7,
    "pool_samples_per_dataset": [
      4000,
      1000,
      2500,
      500,
      2000,
      1500,
      2000
    ],
    "total_pool_samples": 13500,
    "test_samples": 1
  },
  "data_info": {},
  "training_info": {},
  "evaluation": {},
  "raw_results": {
    "all_seed_results": [
      [
        {
          "iteration": 0,
          "seed": 42,
          "total_samples_seen": 0,
          "samples_added": 0,
          "mse_per_output": [
            0.24226726759635603,
            0.4499811981064949,
            0.3875105012768193
          ],
          "total_mse": 1.07975896697967,
          "window_size": 1.0,
          "center_point": [
            0.5000038227775604,
            0.5003280052336098,
            0.500042579988823
          ],
          "pool_idx": null,
          "avg_train_loss": null,
          "prediction_variance": [
            NaN,
            NaN,
            NaN
          ]
        },
        {
          "iteration": 1,
          "seed": 42,
          "total_samples_seen": 100,
          "samples_added": 100,
          "mse_per_output": [
            6.546853439968656e-05,
            0.023970421057996554,
            0.0006921222414077355
          ],
          "total_mse": 0.024728011833803975,
          "window_size": 1.0,
          "center_point": [
            0.5000038227775604,
            0.5003280052336098,
            0.500042579988823
          ],
          "pool_idx": 0,
          "avg_train_loss": 0.035222756752212134,
          "epoch_losses": [
            0.43552631565502714,
            0.17544091173580714,
            0.06966718073402133,
            0.05225603548543794,
            0.05612010242683547,
            0.046436025628021786,
            0.03958422637411526,
            0.038409924400704246,
            0.03456727335495608,
            0.034476863752518384,
            0.03167905073080744,
            0.030100554760013307,
            0.02629087652478899,
            0.02600249009472983,
            0.024200744926929474,
            0.025704574105995043,
            0.02298361941107682,
            0.022076746581920555,
            0.020848250149616172,
            0.019603209836142405,
            0.019363278656133583,
            0.019839312082954814,
            0.01945075991430453,
            0.018062304306243147,
            0.018775494902261665,
            0.019794892253620282,
            0.01727725232818297,
            0.017055330398891653,
            0.017815562497292246,
            0.017345719571624483,
            0.01696328738970416,
            0.01770753719444786,
            0.01678964575486524,
            0.018429823219776154,
            0.016876575936164175,
            0.01756362776671137,
            0.016636177897453308,
            0.020824352146259377,
            0.017186496539839675,
            0.017536172776349952,
            0.016025356682283536,
            0.01590495663029807,
            0.01566559388967497,
            0.016755285938935622,
            0.01636656586612974,
            0.01657603481518371,
            0.018193408314670836,
            0.017299358333860124,
            0.018073173106781075,
            0.01700952383024352
          ],
          "prediction_variance": [
            0.0010348435025662184,
            0.0006705598789267242,
            0.0003931410610675812
          ]
        },
        {
          "iteration": 2,
          "seed": 42,
          "total_samples_seen": 200,
          "samples_added": 100,
          "mse_per_output": [
            0.0010569449487587165,
            0.03842152951585653,
            0.00010677662108936296
          ],
          "total_mse": 0.039585251085704605,
          "window_size": 0.3,
          "center_point": [
            0.5080950856208801,
            0.6551518440246582,
            0.5263507962226868
          ],
          "pool_idx": 0,
          "avg_train_loss": 0.0031790909415576607,
          "epoch_losses": [
            0.0035937552539897816,
            0.00321119002598737,
            0.0033026894754064934,
            0.0032766295397388084,
            0.0033836244672004667,
            0.0034744680326964173,
            0.0034534535370767117,
            0.0032130247647208826,
            0.003372735676488706,
            0.003273183812520334,
            0.003177999152934977,
            0.003093100618571043,
            0.003123061332319464,
            0.0032742194764848265,
            0.0030390458913253887,
            0.003244664819378938,
            0.002977967420260289,
            0.0030095571585531744,
            0.0033669397567531894,
            0.003177396021783352,
            0.00309143218744014,
            0.003270723807093288,
            0.0030629117307918413,
            0.003304666606709361,
            0.003314968664199114,
            0.002912047618467893,
            0.003235115436837077,
            0.0031509050500712226,
            0.003227382798546127,
            0.003267498520602073,
            0.0031205120363405774,
            0.0031512500385620762,
            0.0029882765541385326,
            0.0033294663964105503,
            0.003024380055389234,
            0.0031840894371271133,
            0.003070336899587086,
            0.002921197729717408,
            0.0034558724478951524,
            0.002979672497271427,
            0.0030744914963309255,
            0.0030663087298827513,
            0.0030344369754727396,
            0.0031321577594748567,
            0.003252719429188541,
            0.0030045556569738047,
            0.0030424918181129862,
            0.003213172678702644,
            0.0031109386389808996,
            0.002921861147374979
          ],
          "prediction_variance": [
            1.6150484952959232e-05,
            0.00013026506348978728,
            8.97734753380064e-06
          ]
        }
      ]
    ]
  },
  "aggregated_results": [
    {
      "iteration": 0,
      "total_samples_seen": 0.0,
      "samples_added": 0.0,
      "training_samples": 0,
      "mean_total_mse": 1.07975896697967,
      "std_total_mse": 0.0,
      "mean_mse_per_output": [
        0.24226726759635603,
        0.4499811981064949,
        0.3875105012768193
      ],
      "std_mse_per_output": [
        0.0,
        0.0,
        0.0
      ],
      "mean_train_loss": null,
      "window_size": 1.0,
      "num_seeds": 1,
      "mean_prediction_variance_per_output": [
        NaN,
        NaN,
        NaN
      ],
      "std_prediction_variance_per_output": [
        NaN,
        NaN,
        NaN
      ]
    },
    {
      "iteration": 1,
      "total_samples_seen": 100.0,
      "samples_added": 100.0,
      "training_samples": 5000.0,
      "mean_total_mse": 0.024728011833803975,
      "std_total_mse": 0.0,
      "mean_mse_per_output": [
        6.546853439968656e-05,
        0.023970421057996554,
        0.0006921222414077355
      ],
      "std_mse_per_output": [
        0.0,
        0.0,
        0.0
      ],
      "mean_train_loss": 0.035222756752212134,
      "window_size": 1.0,
      "num_seeds": 1,
      "mean_prediction_variance_per_output": [
        0.0010348435025662184,
        0.0006705598789267242,
        0.0003931410610675812
      ],
      "std_prediction_variance_per_output": [
        0.0,
        0.0,
        0.0
      ]
    },
    {
      "iteration": 2,
      "total_samples_seen": 200.0,
      "samples_added": 100.0,