{
  "pipeline_name": "sample_efficiency_400samples_4iters",
  "timestamp": "2025-11-07 17:23:56",
  "config": {
    "model_type": "NeuralNetModel",
    "model_params": "{'input_size': 6, 'output_size': 3, 'hidden_sizes': (64, 32), 'activation': 'tanh', 'learning_rate': 0.001, 'model_name': 'adaptive_batch_sampling_nn'}",
    "n_iterations": 4,
    "samples_per_iteration": 100,
    "n_epochs": 50,
    "batch_size": 16,
    "initial_window_size": 1.0,
    "shrink_rate": 0.3,
    "num_seeds": 1,
    "window_type": "output",
    "use_model_prediction": true,
    "num_pool_datasets": 4,
    "pool_samples_per_dataset": [
      4000,
      1000,
      2500,
      500
    ],
    "total_pool_samples": 8000,
    "test_samples": 1
  },
  "data_info": {},
  "training_info": {},
  "evaluation": {},
  "raw_results": {
    "all_seed_results": [
      [
        {
          "iteration": 0,
          "seed": 42,
          "total_samples_seen": 0,
          "samples_added": 0,
          "mse_per_output": [
            0.12195176773543523,
            0.49200577123857014,
            0.1965243967982129
          ],
          "total_mse": 0.8104819357722183,
          "window_size": 1.0,
          "center_point": [
            0.5000038227775604,
            0.5003280052336098,
            0.500042579988823
          ],
          "pool_idx": null,
          "avg_train_loss": null,
          "prediction_variance": [
            NaN,
            NaN,
            NaN
          ]
        },
        {
          "iteration": 1,
          "seed": 42,
          "total_samples_seen": 100,
          "samples_added": 100,
          "mse_per_output": [
            0.0004067818167107029,
            0.03041595283148278,
            0.0007709389953224698
          ],
          "total_mse": 0.03159367364351596,
          "window_size": 1.0,
          "center_point": [
            0.5000038227775604,
            0.5003280052336098,
            0.500042579988823
          ],
          "pool_idx": 0,
          "avg_train_loss": 0.029434520237679996,
          "epoch_losses": [
            0.3225967777626855,
            0.0978857811008181,
            0.05132803374103138,
            0.05308986721294267,
            0.04413345376295703,
            0.037278581144554276,
            0.03513229026326111,
            0.031706666839974265,
            0.03061850874551705,
            0.026824642504964556,
            0.025749665551951954,
            0.02338524827999728,
            0.023269931386624063,
            0.021598927410585538,
            0.021433740854263306,
            0.021294635321412767,
            0.01948946581355163,
            0.01945585012435913,
            0.019837428416524614,
            0.017988294762160097,
            0.018371432088315487,
            0.018617018525089537,
            0.018365318221705302,
            0.017647090767111098,
            0.018723760997610434,
            0.01759069106940712,
            0.01776591581957681,
            0.01772381125816277,
            0.017619301032807146,
            0.016734406085950986,
            0.017746893422944204,
            0.017674020624586513,
            0.017082638905516694,
            0.01777042169123888,
            0.017699364040579115,
            0.017761850596538613,
            0.01659049585993801,
            0.01835561716662986,
            0.01713940075465611,
            0.016292859001883438,
            0.016974428003387793,
            0.016898552887141705,
            0.018378663009830883,
            0.016843692399561405,
            0.0172767254656979,
            0.01836724379765136,
            0.018889951785760268,
            0.016842061121548926,
            0.018202252153839384,
            0.01568234232919557
          ],
          "prediction_variance": [
            0.0017446728888899088,
            0.00020051386673003435,
            0.00039803492836654186
          ]
        },
        {
          "iteration": 2,
          "seed": 42,
          "total_samples_seen": 200,
          "samples_added": 100,
          "mse_per_output": [
            0.001187269785361595,
            0.04463056933389904,
            5.412338645355874e-05
          ],
          "total_mse": 0.045871962505714195,
          "window_size": 0.3,
          "center_point": [
            0.520172655582428,
            0.6747297048568726,
            0.5278083682060242
          ],
          "pool_idx": 0,
          "avg_train_loss": 0.0035902671848556827,
          "epoch_losses": [
            0.004365437431260943,
            0.003936984409977283,
            0.00394289571392749,
            0.003804353764280677,
            0.0037570692864911897,
            0.004082002677023411,
            0.0035402929809476647,
            0.003940970104719911,
            0.0036315591008003268,
            0.003985054824235184,
            0.003550041200859206,
            0.003633415193430015,
            0.003584386215412191,
            0.0035943397586899145,
            0.003419304798756327,
            0.0038045932804899557,
            0.0034221862110176255,
            0.0035136172082275152,
            0.0036881502850779463,
            0.003197231113777629,
            0.0034098725632897447,
            0.0038432193520878044,
            0.0035906802264175247,
            0.0035433082043060233,
            0.0034236040165913956,
            0.003219039728199797,
            0.0036660399554031236,
            0.003360663540661335,
            0.003730613139591047,
            0.0032895642798393965,
            0.003527008762050952,
            0.003670509538746306,
            0.0035978377730186495,
            0.0033584003270204577,
            0.0034838973078876734,
            0.003295051532664469,
            0.003474344466147678,
            0.0035181966543729815,
            0.0037893514880644424,
            0.003541666947837387,
            0.0033387652531798396,
            0.0034530091299010174,
            0.0033514292777648996,
            0.0035680222790688276,
            0.0035276593906538828,
            0.0038097996065127,
            0.003615136191781078,
            0.003391488322189876,
            0.0032312020526400636,
            0.0035000923754913466
          ],
          "prediction_variance": [
            2.3096556105883792e-05,
            5.780149876954965e-05,
            7.598470119773992e-07
          ]
        },
        {
          "iteration": 3,
          "seed": 42,
          "total_samples_seen": 210,
          "samples_added": 10,
          "mse_per_output": [
            0.0010179358252705947,
            0.04184919968892338,
            2.2377633657337185e-05
          ],
          "total_mse": 0.04288951314785131,
          "window_size": 0.09,
          "center_point": [
            0.5344606041908264,
            0.7115874886512756,
            0.5073994398117065
          ],
          "pool_idx": 3,
          "avg_train_loss": 0.00040776915033347906,