{
  "pipeline_name": "sample_efficiency_600samples_6iters",
  "timestamp": "2025-11-07 17:28:34",
  "config": {
    "model_type": "NeuralNetModel",
    "model_params": "{'input_size': 6, 'output_size': 3, 'hidden_sizes': (64, 32), 'activation': 'tanh', 'learning_rate': 0.001, 'model_name': 'adaptive_batch_sampling_nn'}",
    "n_iterations": 6,
    "samples_per_iteration": 100,
    "n_epochs": 50,
    "batch_size": 16,
    "initial_window_size": 1.0,
    "shrink_rate": 0.3,
    "num_seeds": 1,
    "window_type": "output",
    "use_model_prediction": true,
    "num_pool_datasets": 6,
    "pool_samples_per_dataset": [
      4000,
      1000,
      2500,
      500,
      2000,
      1500
    ],
    "total_pool_samples": 11500,
    "test_samples": 1
  },
  "data_info": {},
  "training_info": {},
  "evaluation": {},
  "raw_results": {
    "all_seed_results": [
      [
        {
          "iteration": 0,
          "seed": 42,
          "total_samples_seen": 0,
          "samples_added": 0,
          "mse_per_output": [
            0.2605147518754984,
            0.5636796287936093,
            0.42721493206033817
          ],
          "total_mse": 1.2514093127294459,
          "window_size": 1.0,
          "center_point": [
            0.5000038227775604,
            0.5003280052336098,
            0.500042579988823
          ],
          "pool_idx": null,
          "avg_train_loss": null,
          "prediction_variance": [
            NaN,
            NaN,
            NaN
          ]
        },
        {
          "iteration": 1,
          "seed": 42,
          "total_samples_seen": 100,
          "samples_added": 100,
          "mse_per_output": [
            0.002654210267984587,
            0.04307848219010318,
            0.001154765273864146
          ],
          "total_mse": 0.046887457731951916,
          "window_size": 1.0,
          "center_point": [
            0.5000038227775604,
            0.5003280052336098,
            0.500042579988823
          ],
          "pool_idx": 0,
          "avg_train_loss": 0.036031951543741995,
          "epoch_losses": [
            0.4906942461218153,
            0.19723548207964217,
            0.06471821293234825,
            0.05113382637500763,
            0.05973493094955172,
            0.04409434539931161,
            0.039756882935762405,
            0.037153961935213635,
            0.03451790527573654,
            0.03093052070055689,
            0.02900137166891779,
            0.026200784370303154,
            0.027088866968240057,
            0.02424531350178378,
            0.02453397081366607,
            0.02368616046650069,
            0.02135891773338829,
            0.02156481146812439,
            0.021924035490623543,
            0.01949103841824191,
            0.0209379464920078,
            0.01925996637770108,
            0.018678978085517883,
            0.018521665462425778,
            0.01766183240605252,
            0.017677062856299535,
            0.017171701150281087,
            0.016209336795977185,
            0.01883938136909689,
            0.017861690372228622,
            0.016184526096497263,
            0.016216739879122803,
            0.015431604481169156,
            0.01694353816232511,
            0.017166590451129844,
            0.016322901605495384,
            0.01622194144874811,
            0.016028258284287795,
            0.0169600783182042,
            0.015977876793060983,
            0.01648763700255326,
            0.016925665949072157,
            0.015745667474610463,
            0.01673151965120009,
            0.015051895153841801,
            0.015938029092337404,
            0.016574290448001454,
            0.016816985261227404,
            0.01814945467880794,
            0.01783722998308284
          ],
          "prediction_variance": [
            0.0008752581779845059,
            0.0006407676264643669,
            0.0003914690460078418
          ]
        },
        {
          "iteration": 2,
          "seed": 42,
          "total_samples_seen": 200,
          "samples_added": 100,
          "mse_per_output": [
            0.001300140720835445,
            0.046611164139476614,
            3.1829859556838775e-05
          ],
          "total_mse": 0.0479431347198689,
          "window_size": 0.3,
          "center_point": [
            0.5515228509902954,
            0.7078815698623657,
            0.5340244174003601
          ],
          "pool_idx": 0,
          "avg_train_loss": 0.004142823881203575,
          "epoch_losses": [
            0.004769947945273348,
            0.004347956240443247,
            0.004464999074116349,
            0.004040952904948166,
            0.004043438505115253,
            0.004678917583078146,
            0.003983992617577314,
            0.00434309636641826,
            0.004186292910682303,
            0.0043597170151770115,
            0.004116142501256296,
            0.004150460906592863,
            0.0040590294104601654,
            0.004297174247247832,
            0.004287003007318292,
            0.004184275932077851,
            0.0039275063068739,
            0.0041243587620556355,
            0.0038613405444526245,
            0.0043410020880401134,
            0.003920008195564151,
            0.004067310065563236,
            0.004342312392379556,
            0.0038464833716196673,
            0.004186469895233001,
            0.003895492891647986,
            0.003934439304949982,
            0.004044152663222381,
            0.004476802090981177,
            0.003801273547911218,
            0.003964635842878904,
            0.004039903370929616,
            0.004284628866506475,
            0.004332737864128181,
            0.00398927867146475,
            0.004598196063722883,
            0.0038421445725751774,
            0.004411262859191213,
            0.0038998002585555825,
            0.004001815603779895,
            0.004235363665169903,
            0.003946517727204731,
            0.004114326222666672,
            0.0039637468954814336,
            0.00405206428175526,
            0.004848259600943753,
            0.0039021072443574667,
            0.003794727863610855,
            0.004047842164124761,
            0.0037894851328538997
          ],
          "prediction_variance": [
            2.472602773195831e-06,
            2.6875986804952845e-05,
            8.337850658790558e-07
          ]
        },
        {
          "iteration": 3,
          "seed": 42,
          "total_samples_seen": 211,
          "samples_added": 11,
          "mse_per_output": [
            0.0013980422230284932,
            0.03968041578943482,
            3.234576487364383e-05
          ],
          "total_mse": 0.04111080377733696,
          "window_size": 0.09,
          "center_point": [
            0.5360612869262695,
            0.716224193572998,
            0.5056843757629395
          ],
          "pool_idx": 5,
          "avg_train_loss": 0.0004078384593594819,