{
  "pipeline_name": "sample_efficiency_600samples_6iters",
  "timestamp": "2025-11-07 17:35:49",
  "config": {
    "model_type": "NeuralNetModel",
    "model_params": "{'input_size': 6, 'output_size': 3, 'hidden_sizes': (64, 32), 'activation': 'tanh', 'learning_rate': 0.001, 'model_name': 'adaptive_batch_sampling_nn'}",
    "n_iterations": 6,
    "samples_per_iteration": 100,
    "n_epochs": 50,
    "batch_size": 16,
    "initial_window_size": 1.0,
    "shrink_rate": 0.3,
    "num_seeds": 1,
    "window_type": "output",
    "use_model_prediction": true,
    "num_pool_datasets": 7,
    "pool_samples_per_dataset": [
      4000,
      1000,
      2500,
      500,
      2000,
      1500,
      2000
    ],
    "total_pool_samples": 13500,
    "test_samples": 1
  },
  "data_info": {},
  "training_info": {},
  "evaluation": {},
  "raw_results": {
    "all_seed_results": [
      [
        {
          "iteration": 0,
          "seed": 42,
          "total_samples_seen": 0,
          "samples_added": 0,
          "mse_per_output": [
            0.3070840483411847,
            0.23260775547542284,
            0.06166791691602679
          ],
          "total_mse": 0.6013597207326343,
          "window_size": 1.0,
          "center_point": [
            0.5000038227775604,
            0.5003280052336098,
            0.500042579988823
          ],
          "pool_idx": null,
          "avg_train_loss": null,
          "prediction_variance": [
            NaN,
            NaN,
            NaN
          ]
        },
        {
          "iteration": 1,
          "seed": 42,
          "total_samples_seen": 100,
          "samples_added": 100,
          "mse_per_output": [
            0.0008996723870274595,
            0.033521042498489785,
            0.001118239672389456
          ],
          "total_mse": 0.035538954557906705,
          "window_size": 1.0,
          "center_point": [
            0.5000038227775604,
            0.5003280052336098,
            0.500042579988823
          ],
          "pool_idx": 0,
          "avg_train_loss": 0.026662182046898776,
          "epoch_losses": [
            0.2573418468236923,
            0.08467628913266319,
            0.04715421423316002,
            0.05177566249455724,
            0.038263014650770595,
            0.03516119771770069,
            0.03334861035857882,
            0.028690907838089124,
            0.02555989128138338,
            0.02504631078669003,
            0.023040357711059705,
            0.021599497246955122,
            0.02161675744823047,
            0.02145451945917947,
            0.02024762678359236,
            0.020251194015145302,
            0.017839035551462854,
            0.017649036965199878,
            0.01788222137838602,
            0.0170688893912094,
            0.0187973715364933,
            0.01742967577385051,
            0.017449229689581052,
            0.01654695998877287,
            0.016526505617158755,
            0.01676096487790346,
            0.01991218634481941,
            0.01676308097583907,
            0.01674136639173542,
            0.017204750063163892,
            0.01708657613822392,
            0.019257861455636367,
            0.01750509986387832,
            0.0156864607706666,
            0.016491081765187637,
            0.01704881020954677,
            0.01539004294733916,
            0.0186855641326734,
            0.016671265342405865,
            0.018378428582634245,
            0.016535198049885885,
            0.016925064181642874,
            0.016083488506930217,
            0.015639885860894407,
            0.015647771369133676,
            0.016664072605116025,
            0.016428857243486812,
            0.015381275010960442,
            0.016089415177702904,
            0.01571371060396944
          ],
          "prediction_variance": [
            0.000997399096377194,
            0.000423651363234967,
            0.00025450147222727537
          ]
        },
        {
          "iteration": 2,
          "seed": 42,
          "total_samples_seen": 200,
          "samples_added": 100,
          "mse_per_output": [
            0.0015024345050518194,
            0.04186758930770368,
            0.00013918159772866658
          ],
          "total_mse": 0.04350920541048416,
          "window_size": 0.3,
          "center_point": [
            0.5299983620643616,
            0.6834155321121216,
            0.5334826707839966
          ],
          "pool_idx": 0,
          "avg_train_loss": 0.0035245787743146406,
          "epoch_losses": [
            0.003967035794630647,
            0.0037045584925051245,
            0.0036744078222130027,
            0.003767677183662142,
            0.0036779313813894987,
            0.003619827064020293,
            0.0034931254174028125,
            0.003993831408609237,
            0.003687421857778515,
            0.0037570582436663763,
            0.003489253975983177,
            0.003555116443229573,
            0.0035229314650808063,
            0.003370957282770957,
            0.003705632906141026,
            0.003592227851705892,
            0.0036370028142950366,
            0.003365930568959032,
            0.0035390142085296766,
            0.0036185702442058493,
            0.003338032169267535,
            0.0034852029888757636,
            0.0037732740664588554,
            0.0033566942937406047,
            0.0033272348809987307,
            0.0036733070987143685,
            0.003267768105225904,
            0.0034069323779216836,
            0.0035669498943856786,
            0.0035055643612785,
            0.003488287329673767,
            0.003323713916220835,
            0.003297219019649284,
            0.003373640655939068,
            0.003259960761559861,
            0.0033635219858427134,
            0.0035419505022998366,
            0.0036654953645276172,
            0.003193142615990447,
            0.0033547806753111736,
            0.0033555844898468684,
            0.0040259659955544135,
            0.003481561417824456,
            0.0034132711755643997,
            0.0033275206639830556,
            0.0035308171728891985,
            0.0033084331080317497,
            0.0036747115331568886,
            0.0033166149431573494,
            0.003492272725062711
          ],
          "prediction_variance": [
            7.916131835372653e-06,
            1.359891211905051e-05,
            4.135335530008888e-06
          ]
        },
        {
          "iteration": 3,
          "seed": 42,
          "total_samples_seen": 210,
          "samples_added": 10,
          "mse_per_output": [
            0.0013561196304151047,
            0.040016876697432285,
            4.390371258507202e-05
          ],
          "total_mse": 0.04141690004043246,
          "window_size": 0.09,
          "center_point": [
            0.5387650728225708,
            0.7049437165260315,
            0.5118401050567627
          ],
          "pool_idx": 6,
          "avg_train_loss": 0.00043650069274008273,