{
  "pipeline_name": "sample_efficiency_3000samples_1iters",
  "timestamp": "2025-11-10 11:01:13",
  "config": {
    "model_type": "NeuralNetModel",
    "model_params": "{'input_size': 6, 'output_size': 3, 'hidden_sizes': (64, 32), 'activation': 'tanh', 'learning_rate': 0.001, 'model_name': 'adaptive_batch_sampling_nn'}",
    "n_iterations": 1,
    "samples_per_iteration": 3000,
    "n_epochs": 50,
    "batch_size": 16,
    "initial_window_size": 1.0,
    "shrink_rate": 0.2,
    "num_seeds": 1,
    "window_type": "output",
    "use_model_prediction": true,
    "num_pool_datasets": 25,
    "pool_samples_per_dataset": [
      4000,
      3000,
      1000,
      2500,
      2500,
      2500,
      500,
      2000,
      2500,
      2525,
      2550,
      2575,
      2000,
      2600,
      2550,
      2575,
      2600,
      2500,
      2525,
      1500,
      2700,
      2700,
      2000,
      2750,
      2750
    ],
    "total_pool_samples": 59900,
    "test_samples": 1
  },
  "data_info": {},
  "training_info": {},
  "evaluation": {},
  "raw_results": {
    "all_seed_results": [
      [
        {
          "iteration": 0,
          "seed": 42,
          "total_samples_seen": 0,
          "samples_added": 0,
          "mse_per_output": [
            0.18426111672867274,
            0.5704886038631624,
            0.28161280982641873
          ],
          "total_mse": 1.0363625304182538,
          "window_size": 1.0,
          "center_point": [
            0.5000038227775604,
            0.5003280052336098,
            0.500042579988823
          ],
          "pools_used": [],
          "avg_train_loss": null,
          "prediction_variance": [
            NaN,
            NaN,
            NaN
          ]
        },
        {
          "iteration": 1,
          "seed": 42,
          "total_samples_seen": 3000,
          "samples_added": 3000,
          "mse_per_output": [
            1.066081869265746e-05,
            3.806418687630524e-05,
            8.688996455917253e-06
          ],
          "total_mse": 5.7414002024879955e-05,
          "window_size": 1.0,
          "center_point": [
            0.5000038227775604,
            0.5003280052336098,
            0.500042579988823
          ],
          "pools_used": [
            0
          ],
          "avg_train_loss": 0.003645184626890656,
          "epoch_losses": [
            0.04521876897048602,
            0.016519543699959807,
            0.015860231801312654,
            0.01487287532716514,
            0.013269040525514395,
            0.011618881704325372,
            0.00970687007808939,
            0.00811976988482824,
            0.006907245676786183,
            0.005203737102032817,
            0.003898929743259709,
            0.002902988983476733,
            0.002375739268980861,
            0.0018804886299705608,
            0.0015634155872171409,
            0.0014139073917907267,
            0.0013474163937102508,
            0.0012487765855807315,
            0.001225353076966093,
            0.0011066061613630464,
            0.001041286406534516,
            0.0010501887617407346,
            0.0009901488030006108,
            0.0008473178360021693,
            0.000935725222897166,
            0.0008353488596417554,
            0.0007599704450570998,
            0.0007784943835700842,
            0.0007166508945916344,
            0.000725215183186439,
            0.0005775844423469413,
            0.0005605356462260812,
            0.0005321586035511535,
            0.0005173227846751886,
            0.00046812444123404815,
            0.0004817147834747881,
            0.00043330095441172274,
            0.0003694723273315987,
            0.00033526567928307256,
            0.0003639313194884032,
            0.00029478893350429604,
            0.0002704025164928951,
            0.0002781888593512741,
            0.00032607713353385447,
            0.0002791900138966392,
            0.00027431588162645757,
            0.00025174856710556074,
            0.00023124820675915776,
            0.00025051452597294203,
            0.00022241233522861953
          ],
          "prediction_variance": [
            0.00014443087275139987,
            0.0014352353755384684,
            5.20111461810302e-05
          ]
        }
      ]
    ]
  },
  "aggregated_results": [
    {
      "iteration": 0,
      "total_samples_seen": 0.0,
      "samples_added": 0.0,
      "training_samples": 0,
      "mean_total_mse": 1.0363625304182538,
      "std_total_mse": 0.0,
      "mean_mse_per_output": [
        0.18426111672867274,
        0.5704886038631624,
        0.28161280982641873
      ],
      "std_mse_per_output": [
        0.0,
        0.0,
        0.0
      ],
      "mean_train_loss": null,
      "window_size": 1.0,
      "num_seeds": 1,
      "mean_prediction_variance_per_output": [
        NaN,
        NaN,
        NaN
      ],
      "std_prediction_variance_per_output": [
        NaN,
        NaN,
        NaN
      ]
    },
    {
      "iteration": 1,
      "total_samples_seen": 3000.0,
      "samples_added": 3000.0,
      "training_samples": 150000.0,
      "mean_total_mse": 5.7414002024879955e-05,
      "std_total_mse": 0.0,
      "mean_mse_per_output": [
        1.066081869265746e-05,
        3.806418687630524e-05,
        8.688996455917253e-06
      ],
      "std_mse_per_output": [
        0.0,
        0.0,
        0.0
      ],
      "mean_train_loss": 0.003645184626890656,
      "window_size": 1.0,
      "num_seeds": 1,
      "mean_prediction_variance_per_output": [
        0.00014443087275139987,
        0.0014352353755384684,
        5.20111461810302e-05
      ],
      "std_prediction_variance_per_output": [
        0.0,
        0.0,
        0.0
      ]
    }
  ],
  "execution_time_seconds": 55.878847
}