{
  "pipeline_name": "sample_efficiency_400per_iter_shrink1",
  "timestamp": "2025-12-02 18:56:56",
  "config": {
    "model_type": "NeuralNetModel",
    "model_params": "{'input_size': 6, 'output_size': 3, 'hidden_sizes': (64, 32), 'activation': 'tanh', 'learning_rate': 0.001, 'model_name': 'adaptive_batch_sampling_nn', 'seed': 42}",
    "n_iterations": 2,
    "samples_per_iteration": 400,
    "n_epochs": 50,
    "batch_size": 16,
    "initial_window_size": 1.0,
    "shrink_rate": 1,
    "num_seeds": 5,
    "window_type": "output",
    "use_model_prediction": true,
    "remove_first_pool_each_iteration": true,
    "num_pool_datasets": 30,
    "pool_samples_per_dataset": [
      4000,
      2520,
      2520,
      1506,
      2520,
      2520,
      3000,
      1000,
      2500,
      2500,
      2500,
      500,
      2000,
      2500,
      2525,
      2550,
      2575,
      2000,
      2600,
      2550,
      2575,
      2600,
      2500,
      2525,
      1500,
      2700,
      2700,
      2000,
      2750,
      2750
    ],
    "total_pool_samples": 71486,
    "test_samples": 1
  },
  "data_info": {},
  "training_info": {},
  "evaluation": {},
  "raw_results": {
    "all_seed_results": [
      [
        {
          "iteration": 0,
          "seed": 42,
          "total_samples_seen": 0,
          "samples_added": 0,
          "mse_per_output": [
            0.5993477555736278,
            0.2971975857947789,
            0.34931573176184927
          ],
          "total_mse": 1.2458610731302562,
          "window_size": 1.0,
          "center_point": [
            0.5000038227775604,
            0.5003280052336098,
            0.500042579988823
          ],
          "pools_used": [],
          "avg_train_loss": null,
          "prediction_variance": [
            NaN,
            NaN,
            NaN
          ]
        },
        {
          "iteration": 1,
          "seed": 42,
          "total_samples_seen": 400,
          "samples_added": 400,
          "mse_per_output": [
            0.0004730246884587845,
            0.010029841066082085,
            0.00022865607515441848
          ],
          "total_mse": 0.010731521829695287,
          "window_size": 1.0,
          "center_point": [
            0.5000038227775604,
            0.5003280052336098,
            0.500042579988823
          ],
          "pools_used": [
            0
          ],
          "avg_train_loss": 0.018708908043615517,
          "epoch_losses": [
            0.23127929210662843,
            0.04066328801214695,
            0.02886810913681984,
            0.02444454614073038,
            0.02254937931895256,
            0.02077260211110115,
            0.01953957576304674,
            0.01831823490560055,
            0.017301692217588423,
            0.01667965214699507,
            0.01584103476256132,
            0.015371477995067835,
            0.01545554343611002,
            0.015196440536528825,
            0.014915603473782539,
            0.014896123223006725,
            0.014827264696359635,
            0.015019321870058775,
            0.014722467307001353,
            0.01443090382963419,
            0.014349273815751075,
            0.014364189431071282,
            0.013976155444979668,
            0.014069869201630354,
            0.013939075004309416,
            0.013588686399161816,
            0.013380919564515353,
            0.013127584289759398,
            0.01315622566267848,
            0.013151737544685602,
            0.012489805277436972,
            0.012564560174942016,
            0.012488219775259496,
            0.011815476845949888,
            0.011989311445504428,
            0.011817352473735809,
            0.01118151756003499,
            0.01060701385140419,
            0.010501626394689084,
            0.010306287687271834,
            0.01019335450604558,
            0.009847747310996056,
            0.009482399746775626,
            0.0092849709559232,
            0.009020314440131188,
            0.008951255697757005,
            0.009331858903169631,
            0.008637289218604564,
            0.008419696819037198,
            0.008319073747843504
          ],
          "prediction_variance": [
            NaN,
            NaN,
            NaN
          ],
          "test_predictions_scaled": [
            [
              0.5217529535293579,
              0.6004770994186401,
              0.5151639580726624
            ]
          ],
          "test_true_scaled": [
            [
              0.5000038227775604,
              0.5003280052336098,
              0.500042579988823
            ]
          ]
        }
      ],
      [
        {
          "iteration": 0,
          "seed": 43,
          "total_samples_seen": 0,
          "samples_added": 0,
          "mse_per_output": [
            0.5993477555736278,
            0.2971975857947789,
            0.34931573176184927
          ],
          "total_mse": 1.2458610731302562,
          "window_size": 1.0,
          "center_point": [
            0.5000038227775604,
            0.5003280052336098,
            0.500042579988823
          ],
          "pools_used": [],
          "avg_train_loss": null,
          "prediction_variance": [
            NaN,
            NaN,
            NaN
          ]
        },
        {
          "iteration": 1,
          "seed": 43,
          "total_samples_seen": 400,
          "samples_added": 400,
          "mse_per_output": [
            0.0003547123226955993,
            0.004903537646365373,
            0.000505746584270165
          ],
          "total_mse": 0.005763996553331137,
          "window_size": 1.0,
          "center_point": [
            0.5000038227775604,
            0.5003280052336098,
            0.500042579988823
          ],
          "pools_used": [
            0
          ],
          "avg_train_loss": 0.01963490728382021,
          "epoch_losses": [
            0.22093650192022324,
            0.04226533733308315,
            0.030815148055553437,
            0.026695895940065384,
            0.024541364833712578,
            0.022610885947942735,
            0.021042853966355322,
            0.019715948030352592,
            0.019257187917828558,
            0.018321471512317656,
            0.0176272888854146,
            0.017457139380276203,
            0.017042296752333642,
            0.016938581205904482,
            0.016781249009072782,
            0.01673190452158451,
            0.016712448820471765,
            0.01630266696214676,
            0.016449306197464465,
            0.01594241477549076,
            0.015873000361025333,
            0.015632867515087127,
            0.01589989844709635,
            0.01532223902642727,
            0.015497992672026157,
            0.015446874238550663,
            0.01525295253843069,
            0.014473296217620373,
            0.014189395681023597,
            0.01410058505833149,
            0.0140219059959054,
            0.01324403215199709,
            0.012860478684306145,
            0.01252286709845066,
            0.012520338408648968,
            0.012225684132426978,
            0.011760232038795948,
            0.011121802534908055,
            0.01160668108612299,
            0.011379998493939638,
            0.0109961992315948,
            0.01021255500614643,
            0.00991305697709322,
            0.009416210800409316,
            0.009026457108557224,
            0.008796161003410817,
            0.008996022716164589,
            0.00892350345849991,
            0.00809071395546198,
            0.008233469584956766
          ],
          "prediction_variance": [
            NaN,
            NaN,
            NaN
          ],
          "test_predictions_scaled": [
            [
              0.5188376307487488,
              0.5703532695770264,
              0.5225313901901245
            ]
          ],