{
  "pipeline_name": "sample_efficiency_1000samples_3iters",
  "timestamp": "2025-11-10 17:02:20",
  "config": {
    "model_type": "NeuralNetModel",
    "model_params": "{'input_size': 6, 'output_size': 1, 'hidden_sizes': (64, 32), 'activation': 'tanh', 'learning_rate': 0.001, 'model_name': 'adaptive_batch_sampling_nn'}",
    "n_iterations": 3,
    "samples_per_iteration": 333,
    "n_epochs": 50,
    "batch_size": 16,
    "initial_window_size": 1.0,
    "shrink_rate": 0.1,
    "num_seeds": 1,
    "window_type": "output",
    "use_model_prediction": true,
    "num_pool_datasets": 25,
    "pool_samples_per_dataset": [
      4000,
      3000,
      1000,
      2500,
      2500,
      2500,
      500,
      2000,
      2500,
      2525,
      2550,
      2575,
      2000,
      2600,
      2550,
      2575,
      2600,
      2500,
      2525,
      1500,
      2700,
      2700,
      2000,
      2750,
      2750
    ],
    "total_pool_samples": 59900,
    "test_samples": 1
  },
  "data_info": {},
  "training_info": {},
  "evaluation": {},
  "raw_results": {
    "all_seed_results": [
      [
        {
          "iteration": 0,
          "seed": 42,
          "total_samples_seen": 0,
          "samples_added": 0,
          "mse_per_output": [
            0.24815323418797405
          ],
          "total_mse": 0.24815323418797405,
          "window_size": 1.0,
          "center_point": [
            0.5000038227775604
          ],
          "pools_used": [],
          "avg_train_loss": null,
          "prediction_variance": [
            NaN
          ]
        },
        {
          "iteration": 1,
          "seed": 42,
          "total_samples_seen": 333,
          "samples_added": 333,
          "mse_per_output": [
            1.6372778339961085e-05
          ],
          "total_mse": 1.6372778339961085e-05,
          "window_size": 1.0,
          "center_point": [
            0.5000038227775604
          ],
          "pools_used": [
            0
          ],
          "avg_train_loss": 0.006742818338541492,
          "epoch_losses": [
            0.1256911183396975,
            0.038211177058872725,
            0.028318453136654126,
            0.01952144131064415,
            0.011528418000255312,
            0.006719937015857015,
            0.0038419114980137066,
            0.002911478480590241,
            0.002748082968450728,
            0.0025783415684210403,
            0.002546953940985813,
            0.002592457092500159,
            0.0024960350766334506,
            0.0025736356564309624,
            0.0024892358730236688,
            0.0024231071195875606,
            0.0024500783599380937,
            0.0024902418843426163,
            0.002655486950451242,
            0.0023970077246693628,
            0.002500834231752725,
            0.002538718194479034,
            0.00255207612644881,
            0.002681600572984843,
            0.002397650980301911,
            0.0023655330130298224,
            0.002350359567485395,
            0.0023713803717068265,
            0.0022858701829266337,
            0.0023636448452071775,
            0.002461137505070794,
            0.0024923840288205872,
            0.0022919268203189687,
            0.0026218623000507555,
            0.0024966788090144596,
            0.002282419358380139,
            0.002397460935060822,
            0.0026446556495059105,
            0.0022825488510231176,
            0.0021671614265956337,
            0.002188972136493595,
            0.0021543483155602146,
            0.0023284652436684284,
            0.0022726349055855757,
            0.002273050951771438,
            0.0020779262440988704,
            0.0020331332232758756,
            0.0020478295683417293,
            0.002042134630582517,
            0.0019919188815124686
          ],
          "prediction_variance": [
            0.00015257520135492086
          ]
        },
        {
          "iteration": 2,
          "seed": 42,
          "total_samples_seen": 666,
          "samples_added": 333,
          "mse_per_output": [
            1.3171855496879646e-05
          ],
          "total_mse": 1.3171855496879646e-05,
          "window_size": 0.1,
          "center_point": [
            0.49595749378204346
          ],
          "pools_used": [
            0
          ],
          "avg_train_loss": 0.0003608018718174814,
          "epoch_losses": [
            0.0008469200554481219,
            0.0007437207927328668,
            0.0006482388638514316,
            0.0005820166982067306,
            0.000563628569666651,
            0.0005409151407158268,
            0.0005589399536672447,
            0.0004281175552889527,
            0.0004239746000772963,
            0.00043414940314722203,
            0.00037110137331876017,
            0.0003528986375645867,
            0.00034664003760553896,
            0.00034057789958924766,
            0.0003254866758306023,
            0.0003547159874523502,
            0.00039291771065022444,
            0.00032227014196992273,
            0.0003099993316157322,
            0.0003114931175895479,
            0.0002982560125972322,
            0.000297928101471847,
            0.00030632851675840183,
            0.00029802764142264744,
            0.0003502084617225808,
            0.00030027735019324436,
            0.000294226403292712,
            0.0002949261640120919,
            0.00029001879530759264,
            0.0002882654634526088,
            0.00028428748468979306,
            0.0002919399162887463,
            0.0002887784884521915,
            0.0002936176024377346,
            0.00027815547530605855,
            0.00033534509531732296,
            0.0002825814593788458,
            0.000290869588969231,
            0.0003172307007757592,
            0.0003600043696462221,
            0.000270602618305323,
            0.0002820969717244485,
            0.00026432585131953514,
            0.0002872748854791834,
            0.00034299214894417673,
            0.0002706613934909304,
            0.0002744174254032606,
            0.0002795043734035322,
            0.0002687624101305292,
            0.00025945987519142885
          ],
          "prediction_variance": [
            1.3966280221211491e-06
          ]
        },
        {
          "iteration": 3,
          "seed": 42,
          "total_samples_seen": 999,
          "samples_added": 333,
          "mse_per_output": [
            4.7520893710559985e-06
          ],
          "total_mse": 4.7520893710559985e-06,
          "window_size": 0.010000000000000002,
          "center_point": [
            0.4963745176792145
          ],
          "pools_used": [
            0,
            1,
            2,
            3
          ],
          "avg_train_loss": 2.3783837770809308e-05,