{
  "pipeline_name": "sample_efficiency_800per_iter_shrink0.4",
  "timestamp": "2025-12-08 14:03:44",
  "config": {
    "model_type": "NeuralNetModel",
    "model_params": "{'input_size': 6, 'output_size': 3, 'hidden_sizes': (64, 32), 'activation': 'tanh', 'learning_rate': 0.001, 'model_name': 'adaptive_batch_sampling_nn', 'seed': 42}",
    "n_iterations": 2,
    "samples_per_iteration": 800,
    "n_epochs": 50,
    "batch_size": 16,
    "initial_window_size": 2.0,
    "shrink_rate": 0.4,
    "num_seeds": 1,
    "window_type": "output",
    "use_model_prediction": false,
    "remove_first_pool_each_iteration": false,
    "num_pool_datasets": 2,
    "pool_samples_per_dataset": [
      4000,
      3200
    ],
    "total_pool_samples": 7200,
    "test_samples": 1
  },
  "data_info": {},
  "training_info": {},
  "evaluation": {},
  "raw_results": {
    "all_seed_results": [
      [
        {
          "iteration": 0,
          "seed": 42,
          "total_samples_seen": 0,
          "samples_added": 0,
          "mse_per_output": [
            0.5993477555736278,
            0.2971975857947789,
            0.34931573176184927
          ],
          "total_mse": 1.2458610731302562,
          "window_size": 2.0,
          "center_point": [
            0.5000038227775604,
            0.5003280052336098,
            0.500042579988823
          ],
          "pools_used": [],
          "avg_train_loss": null,
          "prediction_variance": [
            NaN,
            NaN,
            NaN
          ]
        },
        {
          "iteration": 1,
          "seed": 42,
          "total_samples_seen": 800,
          "samples_added": 800,
          "mse_per_output": [
            0.001399856925857922,
            0.004621992282883884,
            2.6594356016304866e-05
          ],
          "total_mse": 0.006048443564758111,
          "window_size": 2.0,
          "center_point": [
            0.3332522288524732,
            0.3333525341748696,
            0.7500616981603151
          ],
          "pools_used": [
            0
          ],
          "avg_train_loss": 0.013636145102651789,
          "epoch_losses": [
            0.1263060309737921,
            0.032816663905978205,
            0.02641282306984067,
            0.0231670187599957,
            0.021775363311171532,
            0.021123586427420377,
            0.020759568624198435,
            0.020627764426171778,
            0.019993862081319095,
            0.019610365740954875,
            0.018986437935382128,
            0.018633529487997295,
            0.017852519545704125,
            0.017451796643435956,
            0.016997789777815343,
            0.01576752871274948,
            0.015162490457296372,
            0.013883081898093223,
            0.013151595070958137,
            0.012628858434036374,
            0.011952849877998233,
            0.011620458504185081,
            0.010949506107717753,
            0.010510616954416036,
            0.010859497720375658,
            0.010391447432339192,
            0.009032500460743904,
            0.009651099275797605,
            0.008182499506510794,
            0.007859413553960621,
            0.007208816101774573,
            0.0068258624756708745,
            0.006124462736770511,
            0.005709220618009567,
            0.00529138904530555,
            0.004830883382819593,
            0.005584708133246749,
            0.004924666546285153,
            0.0041448121494613585,
            0.003935334188863635,
            0.004178549004718661,
            0.0038182905688881872,
            0.0034583884256426246,
            0.0033231795835308733,
            0.003190733200171962,
            0.0029996290151029824,
            0.0031449455255642533,
            0.003149482849985361,
            0.002995958758983761,
            0.0028493781434372066
          ],
          "prediction_variance": [
            NaN,
            NaN,
            NaN
          ],
          "test_predictions_scaled": [
            [
              0.5374184846878052,
              0.5683132410049438,
              0.5051995515823364
            ]
          ],
          "test_true_scaled": [
            [
              0.5000038227775604,
              0.5003280052336098,
              0.500042579988823
            ]
          ]
        },
        {
          "iteration": 2,
          "seed": 42,
          "total_samples_seen": 1479,
          "samples_added": 679,
          "mse_per_output": [
            2.7113448921125664e-06,
            7.133959619636954e-05,
            1.8383268556181928e-06
          ],
          "total_mse": 7.58892679441003e-05,
          "window_size": 0.8,
          "center_point": [
            0.3332522288524732,
            0.3333525341748696,
            0.7500616981603151
          ],
          "pools_used": [
            0,
            1
          ],
          "avg_train_loss": 0.00019767177689869258,
          "epoch_losses": [
            0.000733422671294457,
            0.00028135184063928116,
            0.0002603854163046277,
            0.00022643025819656202,
            0.000246194702116935,
            0.0002633826988194203,
            0.0002556213163865492,
            0.00022458977121480762,
            0.0001901353088912803,
            0.00020103425379412054,
            0.0002196461274823293,
            0.00019690060976562416,
            0.00018010499327427297,
            0.00019090848133579807,
            0.00019108234499621768,
            0.0001949334565684102,
            0.0001658752055867131,
            0.0002030347206401043,
            0.00016014418800951654,
            0.0001602177258593106,
            0.00016541305410291263,
            0.00017232939852726494,
            0.00016841826140460948,
            0.00017884149497678114,
            0.00015986476204869727,
            0.0001395164460497421,
            0.0002018646862483746,
            0.0002047912433248035,
            0.0001867278714239229,
            0.0001444403763365022,
            0.00012999216744711428,
            0.00015062686006151423,
            0.00017494296421212966,
            0.00020102618687223037,
            0.00015035272321425552,
            0.00015481638581340396,
            0.0001442516974727136,
            0.00012885412840215967,
            0.00013084969032206573,
            0.00019832371516142387,
            0.0002112627560902268,
            0.00016293483518935783,
            0.00018742667376754133,
            0.00017030684009727718,
            0.00012903107486889956,
            0.00015631860684194645,
            0.00018262554620504976,
            0.00033886623435158307,
            0.0001877560456240073,
            0.00012542002729978142
          ],
          "prediction_variance": [
            NaN,
            NaN,
            NaN
          ],
          "test_predictions_scaled": [
            [
              0.49835720658302307,
              0.49188172817230225,
              0.4986867308616638
            ]
          ],
          "test_true_scaled": [
            [
              0.5000038227775604,
              0.5003280052336098,
              0.500042579988823
            ]
          ]
        }
      ]
    ]
  },
  "aggregated_results": [
    {
      "iteration": 0,
      "total_samples_seen": 0.0,
      "samples_added": 0.0,
      "training_samples": 0,
      "mean_total_mse": 1.2458610731302562,
      "std_total_mse": 0.0,
      "mean_mse_per_output": [
        0.5993477555736278,
        0.2971975857947789,
        0.34931573176184927
      ],
      "std_mse_per_output": [
        0.0,
        0.0,
        0.0
      ],
      "mean_train_loss": null,
      "window_size": 2.0,
      "num_seeds": 1,
      "mean_prediction_variance_per_output": [
        NaN,
        NaN,
        NaN
      ],
      "std_prediction_variance_per_output": [
        NaN,
        NaN,
        NaN
      ]
    },
    {
      "iteration": 1,
      "total_samples_seen": 800.0,