{
  "pipeline_name": "sample_efficiency_2000samples_3iters",
  "timestamp": "2025-11-07 18:51:09",
  "config": {
    "model_type": "NeuralNetModel",
    "model_params": "{'input_size': 6, 'output_size': 3, 'hidden_sizes': (64, 32), 'activation': 'tanh', 'learning_rate': 0.001, 'model_name': 'adaptive_batch_sampling_nn'}",
    "n_iterations": 3,
    "samples_per_iteration": 666,
    "n_epochs": 50,
    "batch_size": 16,
    "initial_window_size": 1.0,
    "shrink_rate": 0.1,
    "num_seeds": 1,
    "window_type": "output",
    "use_model_prediction": true,
    "num_pool_datasets": 7,
    "pool_samples_per_dataset": [
      4000,
      1000,
      2500,
      500,
      2000,
      1500,
      2000
    ],
    "total_pool_samples": 13500,
    "test_samples": 1
  },
  "data_info": {},
  "training_info": {},
  "evaluation": {},
  "raw_results": {
    "all_seed_results": [
      [
        {
          "iteration": 0,
          "seed": 42,
          "total_samples_seen": 0,
          "samples_added": 0,
          "mse_per_output": [
            0.36226168649810186,
            0.16696730928874862,
            0.09114151771268235
          ],
          "total_mse": 0.6203705134995328,
          "window_size": 1.0,
          "center_point": [
            0.5000038227775604,
            0.5003280052336098,
            0.500042579988823
          ],
          "pool_idx": null,
          "avg_train_loss": null,
          "prediction_variance": [
            NaN,
            NaN,
            NaN
          ]
        },
        {
          "iteration": 1,
          "seed": 42,
          "total_samples_seen": 666,
          "samples_added": 666,
          "mse_per_output": [
            0.0004042612057363102,
            0.001252563104196871,
            0.000117560661710677
          ],
          "total_mse": 0.001774384971643858,
          "window_size": 1.0,
          "center_point": [
            0.5000038227775604,
            0.5003280052336098,
            0.500042579988823
          ],
          "pool_idx": 0,
          "avg_train_loss": 0.011263798164325722,
          "epoch_losses": [
            0.08172655690993581,
            0.02665584015526942,
            0.020250749375138963,
            0.017323962080159357,
            0.016283519566059113,
            0.015771418455101195,
            0.015572787916642569,
            0.01517687305541975,
            0.015135535371622868,
            0.01454923984905084,
            0.014302015060647613,
            0.014153574870544531,
            0.014028045115992427,
            0.013444655718991444,
            0.013416781755430358,
            0.012847225081973843,
            0.012128666508942842,
            0.012100428985875277,
            0.01163911965808698,
            0.011101083142594212,
            0.010635822778567672,
            0.01058539755952855,
            0.010632237663403862,
            0.009453984753539165,
            0.009025623096108791,
            0.008682213197018774,
            0.008521708903745526,
            0.00828346275236635,
            0.00846755652067562,
            0.008949070714325422,
            0.007950824618871723,
            0.007375480474105903,
            0.007762391436179834,
            0.007112259136712444,
            0.006950948254338333,
            0.00643785937323368,
            0.0064958811327371566,
            0.00609191338021663,
            0.005480235924811235,
            0.00483348896350002,
            0.00469740818343347,
            0.004468512616031582,
            0.0038688781981666884,
            0.004410110389082027,
            0.0034297840708556273,
            0.003085015291747238,
            0.0035160383711280744,
            0.0030163076201764247,
            0.0029374065315572635,
            0.0024240076766415897
          ],
          "prediction_variance": [
            9.085908095585182e-05,
            0.0013013710267841816,
            1.6292524378513917e-05
          ]
        },
        {
          "iteration": 2,
          "seed": 42,
          "total_samples_seen": 676,
          "samples_added": 10,
          "mse_per_output": [
            1.1115380252154742e-06,
            0.00014226773245467424,
            3.1897461571523234e-06
          ],
          "total_mse": 0.00014656901663704204,
          "window_size": 0.1,
          "center_point": [
            0.5201100707054138,
            0.5357195734977722,
            0.5108851194381714
          ],
          "pool_idx": 6,
          "avg_train_loss": 0.00014337802615045801,
          "epoch_losses": [
            0.00047876854659989476,
            0.00011785687820520252,
            0.0006080301245674491,
            0.0009096916182897985,
            0.00047862064093351364,
            4.554020051728003e-05,
            0.00023053343466017395,
            0.0005835526390001178,
            0.0004810210666619241,
            0.00012720182712655514,
            7.601609104312956e-05,
            0.00030180899193510413,
            0.00035522758844308555,
            0.00015416885435115546,
            4.14401656598784e-05,
            0.00015881314175203443,
            0.00025749541237019,
            0.00016259514086414129,
            3.6560875741997734e-05,
            6.343785935314372e-05,
            0.00015689281281083822,
            0.00014625918993260711,
            5.910293839406222e-05,
            3.7766141758766025e-05,
            9.220815991284326e-05,
            0.00011040660319849849,
            6.0076996305724606e-05,
            2.584159119578544e-05,
            5.33910388185177e-05,
            8.325494127348065e-05,
            6.330428004730493e-05,
            2.9311191610759124e-05,
            3.2025283871917054e-05,
            5.4816322517581284e-05,
            5.3507334087044e-05,
            3.173005097778514e-05,
            2.567873707448598e-05,
            3.9858525269664824e-05,
            4.545049159787595e-05,
            3.2413663575425744e-05,
            2.228641460533254e-05,
            2.8349895728752017e-05,
            3.618409755290486e-05,
            3.168651164742187e-05,
            2.3179491108749062e-05,
            2.3702456019236706e-05,
            2.9302536859177053e-05,
            2.8677781301666982e-05,
            2.278176361869555e-05,
            2.1072966774227098e-05
          ],
          "prediction_variance": [
            1.1359508789610118e-05,
            5.961490751360543e-05,
            7.571498827019241e-06
          ]
        }
      ]
    ]
  },
  "aggregated_results": [
    {
      "iteration": 0,
      "total_samples_seen": 0.0,
      "samples_added": 0.0,
      "training_samples": 0,
      "mean_total_mse": 0.6203705134995328,
      "std_total_mse": 0.0,
      "mean_mse_per_output": [
        0.36226168649810186,
        0.16696730928874862,
        0.09114151771268235
      ],
      "std_mse_per_output": [
        0.0,
        0.0,
        0.0
      ],
      "mean_train_loss": null,
      "window_size": 1.0,
      "num_seeds": 1,
      "mean_prediction_variance_per_output": [
        NaN,
        NaN,
        NaN
      ],
      "std_prediction_variance_per_output": [
        NaN,
        NaN,
        NaN
      ]
    },
    {
      "iteration": 1,
      "total_samples_seen": 666.0,
      "samples_added": 666.0,
      "training_samples": 33300.0,
      "mean_total_mse": 0.001774384971643858,
      "std_total_mse": 0.0,
      "mean_mse_per_output": [
        0.0004042612057363102,
        0.001252563104196871,
        0.000117560661710677
      ],
      "std_mse_per_output": [
        0.0,
        0.0,
        0.0
      ],
      "mean_train_loss": 0.011263798164325722,
      "window_size": 1.0,
      "num_seeds": 1,
      "mean_prediction_variance_per_output": [
        9.085908095585182e-05,
        0.0013013710267841816,
        1.6292524378513917e-05
      ],