{
  "pipeline_name": "sample_efficiency_400samples_4iters",
  "timestamp": "2025-11-07 17:27:42",
  "config": {
    "model_type": "NeuralNetModel",
    "model_params": "{'input_size': 6, 'output_size': 3, 'hidden_sizes': (64, 32), 'activation': 'tanh', 'learning_rate': 0.001, 'model_name': 'adaptive_batch_sampling_nn'}",
    "n_iterations": 4,
    "samples_per_iteration": 100,
    "n_epochs": 50,
    "batch_size": 16,
    "initial_window_size": 1.0,
    "shrink_rate": 0.3,
    "num_seeds": 1,
    "window_type": "output",
    "use_model_prediction": true,
    "num_pool_datasets": 4,
    "pool_samples_per_dataset": [
      4000,
      1000,
      2500,
      500
    ],
    "total_pool_samples": 8000,
    "test_samples": 1
  },
  "data_info": {},
  "training_info": {},
  "evaluation": {},
  "raw_results": {
    "all_seed_results": [
      [
        {
          "iteration": 0,
          "seed": 42,
          "total_samples_seen": 0,
          "samples_added": 0,
          "mse_per_output": [
            0.15459243873047684,
            0.25158451521728226,
            0.10920502589320809
          ],
          "total_mse": 0.5153819798409672,
          "window_size": 1.0,
          "center_point": [
            0.5000038227775604,
            0.5003280052336098,
            0.500042579988823
          ],
          "pool_idx": null,
          "avg_train_loss": null,
          "prediction_variance": [
            NaN,
            NaN,
            NaN
          ]
        },
        {
          "iteration": 1,
          "seed": 42,
          "total_samples_seen": 100,
          "samples_added": 100,
          "mse_per_output": [
            0.00019325898766675478,
            0.023915636769840064,
            0.00036635947834801665
          ],
          "total_mse": 0.024475255235854837,
          "window_size": 1.0,
          "center_point": [
            0.5000038227775604,
            0.5003280052336098,
            0.500042579988823
          ],
          "pool_idx": 0,
          "avg_train_loss": 0.026210042554885148,
          "epoch_losses": [
            0.2313255284513746,
            0.06042518998895373,
            0.051439039409160614,
            0.056775138314281194,
            0.04089060372539929,
            0.037965960268463404,
            0.035549508939896314,
            0.03168502210506371,
            0.030025418581707135,
            0.026596670172044208,
            0.02712441182562283,
            0.02326583064028195,
            0.021849957826946462,
            0.0202793295362166,
            0.02088842381324087,
            0.02038742761526789,
            0.018240285771233693,
            0.016893448441156318,
            0.018530922808817456,
            0.017388392239809036,
            0.016296961078686372,
            0.016478651203215122,
            0.01641978310155017,
            0.01693394673722131,
            0.016163664337779795,
            0.017222851647862365,
            0.01597925994013037,
            0.0166980346132602,
            0.018563355186155865,
            0.018346809116857394,
            0.015922343358397484,
            0.017167633000229086,
            0.019593629986047745,
            0.01735114080033132,
            0.01673060841858387,
            0.01629351358860731,
            0.016900192414011275,
            0.018084913093064512,
            0.01692767228399004,
            0.016851269506982396,
            0.016288901013987406,
            0.01647207699716091,
            0.01619553885289601,
            0.015715218548263823,
            0.016277194023132324,
            0.015938592675541128,
            0.01701185293495655,
            0.015472866860883576,
            0.016354905840541636,
            0.01632223610899278
          ],
          "prediction_variance": [
            0.0008251700783148408,
            0.000167581150890328,
            0.0005210129893384874
          ]
        },
        {
          "iteration": 2,
          "seed": 42,
          "total_samples_seen": 200,
          "samples_added": 100,
          "mse_per_output": [
            0.0011504600470884582,
            0.028263060406969194,
            0.00010788194817657665
          ],
          "total_mse": 0.029521402402234227,
          "window_size": 0.3,
          "center_point": [
            0.5139055848121643,
            0.6549748182296753,
            0.5191830992698669
          ],
          "pool_idx": 0,
          "avg_train_loss": 0.003178100899593639,
          "epoch_losses": [
            0.0034631911798247267,
            0.0034994543862662147,
            0.0032922710358564344,
            0.0034223488265914576,
            0.0033085268722581013,
            0.0033158596738108565,
            0.003252371364007039,
            0.0031735561122851713,
            0.003328729986346194,
            0.003081292728893459,
            0.003308737850082772,
            0.0034349774276571615,
            0.0032204080572617905,
            0.0031550882517227103,
            0.0032015415573758738,
            0.003069479334434228,
            0.0033785769649382147,
            0.0032345166629446404,
            0.0032209338221166816,
            0.0032605293672531843,
            0.0034310989015336546,
            0.0029818010849079917,
            0.00321226949537439,
            0.002995750101815377,
            0.0031587147885667427,
            0.003072042583620974,
            0.003071717236057988,
            0.0028634548486609545,
            0.003165851613240583,
            0.003109047521970102,
            0.003311727595116411,
            0.002983674656466714,
            0.0031386173463293482,
            0.003434819368911641,
            0.002953226345458201,
            0.00311481995907213,
            0.0031663032049047096,
            0.002991535168673311,
            0.0032461898268333505,
            0.003220867066244994,
            0.0030546035684112993,
            0.003046216409919517,
            0.003100245209809925,
            0.0032142012745940258,
            0.0031063389365694354,
            0.003193793336062559,
            0.0029905492306819986,
            0.003048991401945906,
            0.002862760963450585,
            0.0030414244725501965
          ],
          "prediction_variance": [
            4.660581180360168e-05,
            5.472664633998647e-05,
            4.685686872107908e-05
          ]
        },
        {
          "iteration": 3,
          "seed": 42,
          "total_samples_seen": 208,
          "samples_added": 8,
          "mse_per_output": [
            0.0011019680926814537,
            0.030081777691643177,
            2.9329327222423226e-05
          ],
          "total_mse": 0.031213075111547056,
          "window_size": 0.09,
          "center_point": [
            0.5339222550392151,
            0.6684442162513733,
            0.5104292035102844
          ],
          "pool_idx": 3,
          "avg_train_loss": 0.00017985398386372254,