{
  "pipeline_name": "sample_efficiency_3000samples_5iters",
  "timestamp": "2025-11-10 12:46:56",
  "config": {
    "model_type": "NeuralNetModel",
    "model_params": "{'input_size': 6, 'output_size': 1, 'hidden_sizes': (64, 32), 'activation': 'tanh', 'learning_rate': 0.001, 'model_name': 'adaptive_batch_sampling_nn'}",
    "n_iterations": 5,
    "samples_per_iteration": 600,
    "n_epochs": 50,
    "batch_size": 16,
    "initial_window_size": 1.0,
    "shrink_rate": 0.1,
    "num_seeds": 1,
    "window_type": "output",
    "use_model_prediction": true,
    "num_pool_datasets": 25,
    "pool_samples_per_dataset": [
      4000,
      3000,
      1000,
      2500,
      2500,
      2500,
      500,
      2000,
      2500,
      2525,
      2550,
      2575,
      2000,
      2600,
      2550,
      2575,
      2600,
      2500,
      2525,
      1500,
      2700,
      2700,
      2000,
      2750,
      2750
    ],
    "total_pool_samples": 59900,
    "test_samples": 1
  },
  "data_info": {},
  "training_info": {},
  "evaluation": {},
  "raw_results": {
    "all_seed_results": [
      [
        {
          "iteration": 0,
          "seed": 42,
          "total_samples_seen": 0,
          "samples_added": 0,
          "mse_per_output": [
            0.2503642300319338
          ],
          "total_mse": 0.2503642300319338,
          "window_size": 1.0,
          "center_point": [
            0.5000038227775604
          ],
          "pools_used": [],
          "avg_train_loss": null,
          "prediction_variance": [
            NaN
          ]
        },
        {
          "iteration": 1,
          "seed": 42,
          "total_samples_seen": 600,
          "samples_added": 600,
          "mse_per_output": [
            0.00010852084986935028
          ],
          "total_mse": 0.00010852084986935028,
          "window_size": 1.0,
          "center_point": [
            0.5000038227775604
          ],
          "pools_used": [
            0
          ],
          "avg_train_loss": 0.004207662019861776,
          "epoch_losses": [
            0.08425658892251943,
            0.02363986110216693,
            0.010998257987299248,
            0.004217155841424277,
            0.002669967707908271,
            0.0027120751849571733,
            0.002545642602183905,
            0.0024219759223725354,
            0.0024448633959860003,
            0.002535609693854655,
            0.00283524301209438,
            0.0025584680444904065,
            0.0024471324102609956,
            0.0023974691437998494,
            0.002304281852526688,
            0.002293297593592127,
            0.002245007885472947,
            0.002186231315135956,
            0.002300643150719177,
            0.0021246723665267623,
            0.0021379455973051095,
            0.0021658191016237986,
            0.0025117479534329554,
            0.0022138699576699813,
            0.0019640211999342825,
            0.0020717566474463397,
            0.0018667780968826264,
            0.0019431232955723413,
            0.001955609094645632,
            0.0018313765130618489,
            0.0017751817021665996,
            0.0018782140564565595,
            0.0017550544059639307,
            0.00172998166587939,
            0.0016509028424288293,
            0.0015365388535428792,
            0.0017941946693769608,
            0.0014414568783984961,
            0.0013810499390513684,
            0.0013329829564195518,
            0.0012936997024409816,
            0.0012648308919252533,
            0.0012473035274428855,
            0.0012061733432346955,
            0.0010312341037206352,
            0.0011319503208046388,
            0.0011102906688680186,
            0.001115231672118075,
            0.0010433388555324392,
            0.0008669973444499958
          ],
          "prediction_variance": [
            7.834147254470736e-05
          ]
        },
        {
          "iteration": 2,
          "seed": 42,
          "total_samples_seen": 1200,
          "samples_added": 600,
          "mse_per_output": [
            3.296137959539913e-07
          ],
          "total_mse": 3.296137959539913e-07,
          "window_size": 0.1,
          "center_point": [
            0.5104211568832397
          ],
          "pools_used": [
            0,
            1
          ],
          "avg_train_loss": 0.00010230332376857787,
          "epoch_losses": [
            0.00036964091582615907,
            0.00023439431740706297,
            0.000197142129476752,
            0.00017023037617036607,
            0.00014608207110493248,
            0.00013370002622985723,
            0.000144697982058891,
            0.00015029737608672708,
            0.00018207847882111214,
            0.0001248276924965658,
            0.00013186314448064782,
            0.00011307567709943549,
            0.00010946335092548427,
            0.00010965456768692667,
            0.00012720091274930287,
            0.00011658512238155756,
            0.00010504037489131166,
            9.98724332786974e-05,
            0.00010478038013005923,
            0.00013271285914877233,
            0.00011528360396608293,
            9.140826114162337e-05,
            8.890097203555725e-05,
            9.562226181227935e-05,
            0.00010544159043715091,
            7.8398068485273e-05,
            8.390374406237817e-05,
            0.00012315029992973186,
            7.981663542235957e-05,
            8.37532224020259e-05,
            7.292346507663177e-05,
            6.795661312552463e-05,
            7.280384814198202e-05,
            7.266587765211865e-05,
            6.230699210917871e-05,
            7.851767991508638e-05,
            7.906648620279923e-05,
            5.55806937930021e-05,
            5.768084300047791e-05,
            5.972752387606306e-05,
            5.3289898172998186e-05,
            6.259485800048998e-05,
            4.7301252906388404e-05,
            5.381997779726302e-05,
            4.327660702217958e-05,
            4.112697350042014e-05,
            5.862504148305896e-05,
            4.597805900630192e-05,
            4.463904803598876e-05,
            3.626560146585689e-05
          ],
          "prediction_variance": [
            1.3545281035476364e-05
          ]
        },
        {
          "iteration": 3,
          "seed": 42,
          "total_samples_seen": 1800,
          "samples_added": 600,
          "mse_per_output": [
            2.835782164569931e-05
          ],
          "total_mse": 2.835782164569931e-05,
          "window_size": 0.010000000000000002,
          "center_point": [
            0.49942970275878906
          ],
          "pools_used": [
            0,
            1,
            2,
            3,
            4
          ],
          "avg_train_loss": 3.8094171293622774e-06,