{
  "pipeline_name": "sample_efficiency_2000samples_3iters",
  "timestamp": "2025-11-09 11:11:47",
  "config": {
    "model_type": "NeuralNetModel",
    "model_params": "{'input_size': 6, 'output_size': 3, 'hidden_sizes': (64, 32), 'activation': 'tanh', 'learning_rate': 0.001, 'model_name': 'adaptive_batch_sampling_nn'}",
    "n_iterations": 3,
    "samples_per_iteration": 666,
    "n_epochs": 50,
    "batch_size": 16,
    "initial_window_size": 1.0,
    "shrink_rate": 0.2,
    "num_seeds": 1,
    "window_type": "output",
    "use_model_prediction": true,
    "num_pool_datasets": 17,
    "pool_samples_per_dataset": [
      4000,
      3000,
      1000,
      2500,
      2500,
      2500,
      500,
      2000,
      2000,
      2600,
      2600,
      1500,
      2700,
      2700,
      2000,
      2750,
      2750
    ],
    "total_pool_samples": 39600,
    "test_samples": 1
  },
  "data_info": {},
  "training_info": {},
  "evaluation": {},
  "raw_results": {
    "all_seed_results": [
      [
        {
          "iteration": 0,
          "seed": 42,
          "total_samples_seen": 0,
          "samples_added": 0,
          "mse_per_output": [
            0.2414909047335283,
            0.25338930311116414,
            0.4890497696168095
          ],
          "total_mse": 0.983929977461502,
          "window_size": 1.0,
          "center_point": [
            0.5000038227775604,
            0.5003280052336098,
            0.500042579988823
          ],
          "pools_used": [],
          "avg_train_loss": null,
          "prediction_variance": [
            NaN,
            NaN,
            NaN
          ]
        },
        {
          "iteration": 1,
          "seed": 42,
          "total_samples_seen": 666,
          "samples_added": 666,
          "mse_per_output": [
            0.001003360556956593,
            0.006852489370225719,
            0.0003980076539407071
          ],
          "total_mse": 0.00825385758112302,
          "window_size": 1.0,
          "center_point": [
            0.5000038227775604,
            0.5003280052336098,
            0.500042579988823
          ],
          "pools_used": [
            0
          ],
          "avg_train_loss": 0.011583113472844984,
          "epoch_losses": [
            0.11603822452681405,
            0.03276818733484972,
            0.023745491524182614,
            0.018340144639036486,
            0.016161608265801555,
            0.015603409547890936,
            0.01530790442068662,
            0.015608424830826976,
            0.015012662092755948,
            0.014335414505608025,
            0.014114654534274624,
            0.014152296641398044,
            0.013142943315740143,
            0.012802767234721355,
            0.0128287019296771,
            0.012143184175892245,
            0.011883005921152375,
            0.011385753063396328,
            0.010740143834568915,
            0.010361151780844444,
            0.009710882036458878,
            0.010478066967888958,
            0.009862790571614391,
            0.009075230231419915,
            0.009398474280411998,
            0.008659946865269117,
            0.00810375004740698,
            0.008283972640388779,
            0.007952912222771417,
            0.007656222891195544,
            0.007483894615212367,
            0.007343599256793303,
            0.006431434758096224,
            0.006226071040146053,
            0.005651193216354365,
            0.005513681514587786,
            0.005244921335750925,
            0.004440444854221174,
            0.003930484022324284,
            0.0037327397287645865,
            0.003577696195515316,
            0.003320569200219498,
            0.0030392895319632123,
            0.0027890282217413187,
            0.0029458228285269192,
            0.002755585486911947,
            0.002503846383964022,
            0.002270102827987146,
            0.0022139561638358004,
            0.0020829895843884776
          ],
          "prediction_variance": [
            0.00033805097336880863,
            0.0027427407912909985,
            7.976739289006218e-05
          ]
        },
        {
          "iteration": 2,
          "seed": 42,
          "total_samples_seen": 1006,
          "samples_added": 340,
          "mse_per_output": [
            4.080333700122521e-07,
            0.00029335986907069354,
            4.693315446669891e-08
          ],
          "total_mse": 0.00029381483559517247,
          "window_size": 0.2,
          "center_point": [
            0.5316796898841858,
            0.5831077694892883,
            0.5199927091598511
          ],
          "pools_used": [
            0,
            1
          ],
          "avg_train_loss": 4.440289493944957e-05,
          "epoch_losses": [
            0.000514161776333243,
            0.00010234002382441594,
            5.71948861430759e-05,
            5.2883745617939645e-05,
            4.894007166843618e-05,
            4.698961931188189e-05,
            4.620224242237534e-05,
            5.3875992142076775e-05,
            4.131974856136367e-05,
            4.1568757048728664e-05,
            3.922268214492678e-05,
            4.738011259839616e-05,
            4.522212740002115e-05,
            3.9679630390310194e-05,
            4.221083633059276e-05,
            4.3196670214291025e-05,
            3.693772144040188e-05,
            3.383961906034859e-05,
            4.09541424398247e-05,
            3.911998853502816e-05,
            3.132203577975319e-05,
            2.8502885015768697e-05,
            2.950562884507235e-05,
            3.1067987947608344e-05,
            2.8825485721675e-05,
            3.1620626693686724e-05,
            3.311550790385809e-05,
            3.678077250283836e-05,
            2.6185740022232164e-05,
            2.553908543942188e-05,
            2.9473594167939154e-05,
            4.139711452146664e-05,
            4.005471720864245e-05,
            2.6349273370711174e-05,
            2.8460894720245218e-05,
            2.287707949025472e-05,
            1.9461885172363097e-05,
            2.426526432166363e-05,
            2.016546415523573e-05,
            2.734288822962712e-05,
            1.8542448225906067e-05,
            2.1831202543994138e-05,
            2.9302568236744264e-05,
            3.345164098143207e-05,
            1.8548139482018914e-05,
            1.7212957366361728e-05,
            1.9174479368964306e-05,
            1.82575215190313e-05,
            2.09654661127636e-05,
            2.7303998277519977e-05
          ],
          "prediction_variance": [
            5.51206255750003e-07,
            1.6651785699650645e-05,
            4.878561981058738e-07
          ]
        },
        {
          "iteration": 3,
          "seed": 42,
          "total_samples_seen": 1672,
          "samples_added": 666,
          "mse_per_output": [
            6.878477517014222e-08,
            2.952366286060835e-07,
            8.683021425506889e-10
          ],
          "total_mse": 3.648897059187764e-07,
          "window_size": 0.04000000000000001,
          "center_point": [
            0.5006425976753235,
            0.5174557566642761,
            0.5002592206001282
          ],
          "pools_used": [
            0,
            1,
            2,
            3,
            4
          ],
          "avg_train_loss": 5.862217152596827e-07,