{
  "pipeline_name": "sample_efficiency_700per_iter_shrink0.15",
  "timestamp": "2025-11-12 11:01:59",
  "config": {
    "model_type": "NeuralNetModel",
    "model_params": "{'input_size': 6, 'output_size': 1, 'hidden_sizes': (64, 32), 'activation': 'tanh', 'learning_rate': 0.001, 'model_name': 'adaptive_batch_sampling_nn'}",
    "n_iterations": 4,
    "samples_per_iteration": 700,
    "n_epochs": 50,
    "batch_size": 16,
    "initial_window_size": 1.0,
    "shrink_rate": 0.15,
    "num_seeds": 1,
    "window_type": "output",
    "use_model_prediction": true,
    "num_pool_datasets": 25,
    "pool_samples_per_dataset": [
      4000,
      3000,
      1000,
      2500,
      2500,
      2500,
      500,
      2000,
      2500,
      2525,
      2550,
      2575,
      2000,
      2600,
      2550,
      2575,
      2600,
      2500,
      2525,
      1500,
      2700,
      2700,
      2000,
      2750,
      2750
    ],
    "total_pool_samples": 59900,
    "test_samples": 1
  },
  "data_info": {},
  "training_info": {},
  "evaluation": {},
  "raw_results": {
    "all_seed_results": [
      [
        {
          "iteration": 0,
          "seed": 42,
          "total_samples_seen": 0,
          "samples_added": 0,
          "mse_per_output": [
            0.13950968391850307
          ],
          "total_mse": 0.13950968391850307,
          "window_size": 1.0,
          "center_point": [
            0.5000038227775604
          ],
          "pools_used": [],
          "avg_train_loss": null,
          "prediction_variance": [
            NaN
          ]
        },
        {
          "iteration": 1,
          "seed": 42,
          "total_samples_seen": 700,
          "samples_added": 700,
          "mse_per_output": [
            0.00027888075728289976
          ],
          "total_mse": 0.00027888075728289976,
          "window_size": 1.0,
          "center_point": [
            0.5000038227775604
          ],
          "pools_used": [
            0
          ],
          "avg_train_loss": 0.002625992086362782,
          "epoch_losses": [
            0.04619892295026644,
            0.007251916905674575,
            0.0023982716269198468,
            0.0021874274481722914,
            0.0021935238301838663,
            0.0021961422541856086,
            0.0023598781183616006,
            0.0021836105416613545,
            0.0021727681940484963,
            0.0020920611595184628,
            0.002155312146483497,
            0.0021302890494222415,
            0.0022324215321780434,
            0.0020642188332699748,
            0.0021420013164805077,
            0.0020947105592561206,
            0.002234052979143929,
            0.0020542276509910484,
            0.0019185460749378597,
            0.0018683571384330703,
            0.0019121320484290745,
            0.0020730187640186737,
            0.0017936684995551002,
            0.002019809574862434,
            0.002269135338296606,
            0.0017601985124532473,
            0.0016774516155816275,
            0.0017005490186751228,
            0.0015997176550709728,
            0.001631019492792389,
            0.0015310259371868926,
            0.0014103935840962963,
            0.001392681119878861,
            0.0014740703177680684,
            0.0012302039831411093,
            0.0012415542243450711,
            0.001189779691313478,
            0.0012115556640889156,
            0.001257592773816379,
            0.0011170226954907941,
            0.0011340179619516923,
            0.0008828727169946598,
            0.000894181078448045,
            0.0007678577663186429,
            0.0007814335357662375,
            0.0006391575377413326,
            0.0007550129461874762,
            0.0007843386358052322,
            0.0005339179264079906,
            0.0005055733920678242
          ],
          "prediction_variance": [
            0.00023635677644051611
          ]
        },
        {
          "iteration": 2,
          "seed": 42,
          "total_samples_seen": 1400,
          "samples_added": 700,
          "mse_per_output": [
            5.167697216332678e-05
          ],
          "total_mse": 5.167697216332678e-05,
          "window_size": 0.15,
          "center_point": [
            0.5167035460472107
          ],
          "pools_used": [
            0,
            1
          ],
          "avg_train_loss": 4.940692862719102e-05,
          "epoch_losses": [
            0.00020018072857717263,
            0.00012241907511038747,
            0.00010830294674881522,
            0.00011300793126296908,
            0.00010247248924728906,
            7.629757981869096e-05,
            7.457903521671224e-05,
            7.033199042118874e-05,
            7.03718308365999e-05,
            7.142874305414311e-05,
            6.126413402605316e-05,
            7.666720648558112e-05,
            7.321737538487386e-05,
            5.7763693389874376e-05,
            5.186778232448639e-05,
            4.011980480423848e-05,
            5.119892867614081e-05,
            4.775176264295376e-05,
            3.6370606577210395e-05,
            3.9674318011086804e-05,
            3.418734404063302e-05,
            3.6833253737065455e-05,
            4.833080765820341e-05,
            4.403359490755644e-05,
            3.398573866516844e-05,
            2.9695774049865907e-05,
            3.2417542818372816e-05,
            3.0378536042586678e-05,
            2.8652330332657915e-05,
            3.521241466263415e-05,
            3.435905060459018e-05,
            3.158381125765366e-05,
            3.449411394740309e-05,
            3.0272071802011684e-05,
            5.398762715975119e-05,
            2.5377855308761355e-05,
            2.5990611540940087e-05,
            2.1279449325365103e-05,
            2.159374220024223e-05,
            2.5820523681183907e-05,
            2.7421525771842425e-05,
            2.3136239685134736e-05,
            2.121989271327865e-05,
            3.387543271897316e-05,
            2.2243109914267155e-05,
            2.6176648501322315e-05,
            3.352136717570499e-05,
            2.2030096922456075e-05,
            2.7790264725395403e-05,
            2.9157696872061933e-05
          ],
          "prediction_variance": [
            2.0187149857520126e-05
          ]
        },
        {
          "iteration": 3,
          "seed": 42,
          "total_samples_seen": 2100,
          "samples_added": 700,
          "mse_per_output": [
            1.581683332509274e-06
          ],
          "total_mse": 1.581683332509274e-06,
          "window_size": 0.0225,
          "center_point": [
            0.5071924924850464
          ],
          "pools_used": [
            0,
            1,
            2,
            3
          ],
          "avg_train_loss": 8.039919634564347e-06,