{
  "pipeline_name": "batch_training_bs64_ef400",
  "timestamp": "2025-10-27 11:12:42",
  "config": {
    "model_type": "NeuralNetModel",
    "model_params": "{'input_size': 6, 'output_size': 3, 'hidden_sizes': (64, 32), 'learning_rate': 0.001, 'model_name': 'batch_training_nn'}",
    "batch_size": 64,
    "num_epochs": 10,
    "num_seeds": 5,
    "eval_frequency": 400,
    "total_train_samples": 2000,
    "test_samples": 1
  },
  "data_info": {},
  "training_info": {},
  "evaluation": {},
  "raw_results": {
    "train_loss_per_seed": [
      [
        0.2517298460006714
      ],
      [
        0.7697669863700867
      ],
      [
        0.5343247056007385
      ],
      [
        0.5136905312538147
      ],
      [
        0.4497312903404236
      ]
    ],
    "total_mse_per_seed": [
      [
        0.26304830549190045
      ],
      [
        1.3069302662448188
      ],
      [
        0.9314555477134516
      ],
      [
        0.834743346332896
      ],
      [
        0.7431947645075515
      ]
    ],
    "mse_per_output_per_seed": [
      [
        [
          0.10107426810524128,
          0.06840480664673795,
          0.0935692307399212
        ]
      ],
      [
        [
          0.6430786098193532,
          0.23435786854622856,
          0.42949378787923714
        ]
      ],
      [
        [
          0.5514832241031484,
          0.2460896863720685,
          0.13388263723823463
        ]
      ],
      [
        [
          0.13914603364549932,
          0.17896795693363046,
          0.5166293557537662
        ]
      ],
      [
        [
          0.10543009388484803,
          0.4562951653409239,
          0.18146950528177952
        ]
      ]
    ]
  },
  "aggregated_results": {
    "batch_numbers": [
      0
    ],
    "mean_train_loss": [
      0.503848671913147
    ],
    "std_train_loss": [
      0.07435880422814811
    ],
    "mean_total_mse": [
      0.8158744460581238
    ],
    "std_total_mse": [
      0.1504326989454493
    ],
    "mean_mse_per_output": [
      [
        0.30804244591161806,
        0.23682309676791785,
        0.27100890337858774
      ]
    ],
    "std_mse_per_output": [
      [
        0.10656945782112005,
        0.05655859742581243,
        0.07582944529493073
      ]
    ],
    "initial_mean_mse": 0.8158744460581238,
    "initial_std_mse": 0.1504326989454493,
    "final_mean_mse": 0.8158744460581238,
    "final_std_mse": 0.1504326989454493
  },
  "execution_time_seconds": 2.753671
}