{
  "pipeline_name": "batch_training_bs64_ef400",
  "timestamp": "2025-10-27 11:12:47",
  "config": {
    "model_type": "NeuralNetModel",
    "model_params": "{'input_size': 6, 'output_size': 3, 'hidden_sizes': (64, 32), 'learning_rate': 0.001, 'model_name': 'batch_training_nn'}",
    "batch_size": 64,
    "num_epochs": 10,
    "num_seeds": 5,
    "eval_frequency": 400,
    "total_train_samples": 2000,
    "test_samples": 1
  },
  "data_info": {},
  "training_info": {},
  "evaluation": {},
  "raw_results": {
    "train_loss_per_seed": [
      [
        0.6437234282493591
      ],
      [
        0.49762463569641113
      ],
      [
        0.43875858187675476
      ],
      [
        0.3593824803829193
      ],
      [
        0.3350430727005005
      ]
    ],
    "total_mse_per_seed": [
      [
        1.0697634852374254
      ],
      [
        0.7376000451687852
      ],
      [
        0.6185698702914522
      ],
      [
        0.36642322390880233
      ],
      [
        0.5298787186764694
      ]
    ],
    "mse_per_output_per_seed": [
      [
        [
          0.30688542992866663,
          0.45652132078635327,
          0.30635673452240536
        ]
      ],
      [
        [
          0.4413272498307601,
          0.16712781479378583,
          0.1291449805442393
        ]
      ],
      [
        [
          0.34256282372928876,
          0.03307739914154517,
          0.2429296474206182
        ]
      ],
      [
        [
          0.12193151061661495,
          0.12972430851430966,
          0.11476740477787771
        ]
      ],
      [
        [
          0.3022464736089386,
          0.1952941619247941,
          0.032338083142736763
        ]
      ]
    ]
  },
  "aggregated_results": {
    "batch_numbers": [
      0
    ],
    "mean_train_loss": [
      0.45490643978118894
    ],
    "std_train_loss": [
      0.04948919328434617
    ],
    "mean_total_mse": [
      0.6644470686565869
    ],
    "std_total_mse": [
      0.10557733198125113
    ],
    "mean_mse_per_output": [
      [
        0.3029906975428538,
        0.19634900103215763,
        0.16510737008157547
      ]
    ],
    "std_mse_per_output": [
      [
        0.046260612555318104,
        0.06313195451244129,
        0.04357190788911293
      ]
    ],
    "initial_mean_mse": 0.6644470686565869,
    "initial_std_mse": 0.10557733198125113,
    "final_mean_mse": 0.6644470686565869,
    "final_std_mse": 0.10557733198125113
  },
  "execution_time_seconds": 2.040595
}