{
  "experiment_name": "800_samples_1.0256_factor_seed_44",
  "description": "Adaptive learning iteration 6 with 800 samples per iteration, K mult factor 1.0256, using predicted K values from seed 44",
  "parameters": {
    "n_samples_per_iteration": 800,
    "k_mult_factor": 1.0256,
    "k_center": [6.02758424e-16, 1.32271330e-15, 9.60995051e-16],
    "loki_version": "v4"
  },
  "predicted_k_info": {
    "seed": 44,
    "seed_index": 2,
    "iteration": 6,
    "true_k_values": [6.0e+14, 1.3e+15, 9.6e+14],
    "predicted_k_values": [6.02758424e+14, 1.32271330e+15, 9.60995051e+14],
    "absolute_error": [2.75842449e+12, 2.27133023e+13, 9.95050721e+11],
    "relative_error_percent": [0.45973742, 1.7471771, 0.10365112],
    "mse_original": 5.244931e+26
  },
  "notes": "K center values are the predicted values from iteration 5. Shrink rate: 0.4^6 = 0.004096, but using factor 0.0256 as specified, so k_mult_factor = 1.0256"
}
