{
  "metadata": {
    "batch_timestamp": "2025-11-28T11:31:45.446885",
    "sampler_type": "BoundsBasedSampler",
    "simulator_type": "LoKISimulator",
    "simulation_type": "simple",
    "chemistry_name": "O2_simple",
    "pressure_conditions_pa": [
      133.322,
      1333.22
    ],
    "pressure_conditions_torr": [
      1.0,
      10.0
    ],
    "n_pressure_conditions": 2,
    "unique_file_combinations": 1,
    "parallel_workers": 1
  },
  "n_simulations": 1,
  "n_successful": 1,
  "success_rate": 1.0,
  "total_time": 39.54747223854065,
  "parameter_sets": [
    {
      "k_values": [
        9.739234942847507e-16,
        1.6220886739900515e-15,
        8.037071695644207e-16
      ],
      "setup_file": "setup_O2_simple.in",
      "chem_file": "O2_simple_1.chem",
      "metadata": {
        "sample_index": 0,
        "sampling_method": "BoundsBasedSampler",
        "pressure_conditions_pa": [
          133.322,
          1333.22
        ],
        "pressure_conditions_torr": [
          1.0,
          10.0
        ],
        "n_pressure_conditions": 2
      }
    }
  ],
  "compositions": [
    [
      1.87969788273497e+22,
      3.0586677557818e+21,
      3.75840486979753e+21
    ],
    [
      2.29180151962126e+23,
      5.55104041810799e+21,
      2.14088709024545e+22
    ]
  ],
  "execution_times": [
    39.54747223854065
  ],
  "success_mask": [
    true
  ]
}