{
  "metadata": {
    "batch_timestamp": "2025-11-28T12:57:33.930218",
    "sampler_type": "BoundsBasedSampler",
    "simulator_type": "LoKISimulator",
    "simulation_type": "simple",
    "chemistry_name": "O2_simple",
    "pressure_conditions_pa": [
      133.322,
      1333.22
    ],
    "pressure_conditions_torr": [
      1.0,
      10.0
    ],
    "n_pressure_conditions": 2,
    "unique_file_combinations": 1,
    "parallel_workers": 1
  },
  "n_simulations": 1,
  "n_successful": 1,
  "success_rate": 1.0,
  "total_time": 41.713346004486084,
  "parameter_sets": [
    {
      "k_values": [
        1.0513579337990845e-15,
        8.54352403521246e-16,
        1.5522822936185058e-15
      ],
      "setup_file": "setup_O2_simple_low_error.in",
      "chem_file": "O2_simple_1.chem",
      "metadata": {
        "sample_index": 0,
        "sampling_method": "BoundsBasedSampler",
        "pressure_conditions_pa": [
          133.322,
          1333.22
        ],
        "pressure_conditions_torr": [
          1.0,
          10.0
        ],
        "n_pressure_conditions": 2
      }
    }
  ],
  "compositions": [
    [
      1.68299739598055e+22,
      3.12199219334573e+21,
      5.66202989085493e+21
    ],
    [
      2.19422968172959e+23,
      4.13701296068015e+21,
      3.25799793064209e+22
    ]
  ],
  "execution_times": [
    41.713346004486084
  ],
  "success_mask": [
    true
  ]
}