{
  "metadata": {
    "batch_timestamp": "2025-11-28T12:54:49.565544",
    "sampler_type": "BoundsBasedSampler",
    "simulator_type": "LoKISimulator",
    "simulation_type": "simple",
    "chemistry_name": "O2_simple",
    "pressure_conditions_pa": [
      133.322,
      1333.22
    ],
    "pressure_conditions_torr": [
      1.0,
      10.0
    ],
    "n_pressure_conditions": 2,
    "unique_file_combinations": 1,
    "parallel_workers": 1
  },
  "n_simulations": 1,
  "n_successful": 1,
  "success_rate": 1.0,
  "total_time": 43.44018268585205,
  "parameter_sets": [
    {
      "k_values": [
        4.0354910975080104e-16,
        1.8376797515949888e-15,
        6.720829884278232e-16
      ],
      "setup_file": "setup_O2_simple_low_error.in",
      "chem_file": "O2_simple_1.chem",
      "metadata": {
        "sample_index": 0,
        "sampling_method": "BoundsBasedSampler",
        "pressure_conditions_pa": [
          133.322,
          1333.22
        ],
        "pressure_conditions_torr": [
          1.0,
          10.0
        ],
        "n_pressure_conditions": 2
      }
    }
  ],
  "compositions": [
    [
      2.12044832064229e+22,
      1.41738062786785e+21,
      2.99213220971552e+21
    ],
    [
      2.34947909044795e+23,
      2.59848113413501e+21,
      1.85935702611326e+22
    ]
  ],
  "execution_times": [
    43.44018268585205
  ],
  "success_mask": [
    true
  ]
}