{
  "timestamp": "20250928_155625",
  "config": {
    "nspecies": 3,
    "num_pressure_conditions": 2,
    "subset_sizes": [
      50,
      100,
      150,
      200,
      250,
      300,
      350,
      400,
      450
    ],
    "num_seeds": 10,
    "best_params": [
      {
        "C": 10,
        "epsilon": 0.005,
        "gamma": 2,
        "kernel": "rbf"
      },
      {
        "C": 20,
        "epsilon": 0.005,
        "gamma": 5,
        "kernel": "rbf"
      },
      {
        "C": 5,
        "epsilon": 0.005,
        "gamma": 2,
        "kernel": "rbf"
      }
    ],
    "test_file": "data/SampleEfficiency/O2_simple_test_real_K.txt"
  },
  "datasets": [
    "O2_simple_uniform.txt"
  ],
  "labels": [
    "Uniform"
  ],
  "results": {
    "Uniform": {
      "dataset_file": "O2_simple_uniform.txt",
      "total_mse_per_seed": [
        [
          3.7479028002462374e-05,
          0.00012452873321170592,
          7.236278662610218e-05,
          5.5443655673226614e-05,
          4.5419338220256984e-05,
          4.673472486829821e-05,
          4.521040859191885e-05,
          4.949212770911063e-05,
          3.6532891938718395e-05
        ],
        [
          0.0001930218814727121,
          2.8131401210294058e-05,
          2.445813775422038e-05,
          4.341753392320943e-05,
          3.724802499021405e-05,
          2.445651668249281e-05,
          2.7597706170708792e-05,
          2.1872489811858526e-05,
          2.6263885071722613e-05
        ],
        [
          3.457929509664746e-05,
          3.37044337762577e-05,
          1.7762593891553987e-05,
          2.7533216837890216e-05,
          2.3325366883493872e-05,
          2.3607376638951736e-05,
          4.7243229521021e-05,
          4.822058674337834e-05,
          4.785686675632551e-05
        ],
        [
          5.848744051619666e-05,
          3.7156662565442874e-05,
          5.164248232066701e-05,
          2.4641450160576092e-05,
          2.5995883765985294e-05,
          2.2676637844550267e-05,
          2.5822227848926132e-05,
          2.703869383342083e-05,
          2.6488322427775398e-05
        ],
        [
          3.0619591998141514e-05,
          5.76208699699906e-05,
          2.857210621665834e-05,
          1.7465353682228168e-05,
          2.633075949877105e-05,
          1.911817535232793e-05,
          1.9401576227875897e-05,
          2.590271823579379e-05,
          2.9167226699692727e-05
        ],
        [
          4.2242871054688244e-05,
          3.6239962862584006e-05,
          2.4075085366552337e-05,
          1.89320093148566e-05,
          2.428606228237273e-05,
          2.7417682082294825e-05,
          3.143503645735644e-05,
          3.475578446383744e-05,
          3.395743481475205e-05
        ],
        [
          4.7228207429467e-05,
          2.1498931149781385e-05,
          3.128621587355416e-05,
          4.281982911969116e-05,
          4.539240528140228e-05,
          4.312583235308893e-05,
          2.987221486707742e-05,
          4.299655472905987e-05,
          3.069814379589949e-05
        ],
        [
          7.740467451242892e-05,
          8.940113708765391e-05,
          3.676381741752766e-05,
          3.685651116450806e-05,
          2.8804291826422318e-05,
          2.639468052260579e-05,
          2.1468786921761967e-05,
          2.3576226903718836e-05,
          1.7036204645044228e-05
        ],
        [
          4.7847456007943595e-05,
          2.9617105592710693e-05,
          4.8104887945878906e-05,
          5.195314428195595e-05,
          4.416362880161272e-05,
          3.3392291341782074e-05,
          3.9266900312970646e-05,
          3.858832170877388e-05,
          3.135201318145837e-05
        ],
        [
          3.770241547769355e-05,
          2.2758622916862404e-05,
          3.779873860671178e-05,
          2.717224878100513e-05,
          2.486663281585485e-05,
          3.412523214713884e-05,
          2.94049378203248e-05,
          2.5793134093008854e-05,
          3.313399178280799e-05
        ]
      ],