{
  "timestamp": "20250928_154459",
  "config": {
    "nspecies": 3,
    "num_pressure_conditions": 2,
    "subset_sizes": [
      50,
      100,
      150,
      200,
      250,
      300,
      350,
      400,
      450
    ],
    "num_seeds": 10,
    "best_params": [
      {
        "C": 10,
        "epsilon": 0.005,
        "gamma": 2,
        "kernel": "rbf"
      },
      {
        "C": 20,
        "epsilon": 0.005,
        "gamma": 5,
        "kernel": "rbf"
      },
      {
        "C": 5,
        "epsilon": 0.005,
        "gamma": 2,
        "kernel": "rbf"
      }
    ],
    "test_file": "data/SampleEfficiency/O2_simple_test_real_K.txt"
  },
  "datasets": [
    "O2_simple_uniform.txt"
  ],
  "labels": [
    "Uniform"
  ],
  "results": {
    "Uniform": {
      "dataset_file": "O2_simple_uniform.txt",
      "total_mse_per_seed": [
        [
          1.2271710032765328,
          1.27780482781652,
          1.2619555092894144,
          1.285668469325733,
          1.3007788839229133,
          1.3148329101195582,
          1.3202641131022292,
          1.3305340540605133,
          1.3537406911206236
        ],
        [
          1.2720584312189323,
          1.2370924826096459,
          1.293623971779051,
          1.2616862521397745,
          1.2573295915901905,
          1.2956148007360475,
          1.3088568391886468,
          1.3426254972148224,
          1.3493722774927044
        ],
        [
          1.2176945355667381,
          1.2606050908696138,
          1.2589480473669372,
          1.2733457962682984,
          1.2969957645727241,
          1.3242137591266447,
          1.3328108722245917,
          1.3502472374785661,
          1.352859524155647
        ],
        [
          1.2931561741083852,
          1.2361258123781471,
          1.2869566040927025,
          1.2533319803375804,
          1.3003981716046722,
          1.306825198104838,
          1.3081799521978572,
          1.319557881334568,
          1.3383740668342496
        ],
        [
          1.255027951013749,
          1.2146370712508523,
          1.24215596663484,
          1.2604712810790568,
          1.3064337406010538,
          1.2957612111366392,
          1.3091152038581078,
          1.3095772473002736,
          1.34300003189043
        ],
        [
          1.233254339557104,
          1.3051223636116795,
          1.2951558441899702,
          1.2907871147608754,
          1.3142647633327578,
          1.327526849768339,
          1.3318552418708045,
          1.3350120231461549,
          1.3426468327113878
        ],
        [
          1.1686669757842119,
          1.2613947110286083,
          1.2940715874029045,
          1.339927772578077,
          1.3296226338230894,
          1.3028001637477193,
          1.3097887061296554,
          1.3249903648008985,
          1.334959877739649
        ],
        [
          1.1825237225750673,
          1.3282860282659987,
          1.31988140092922,
          1.319574673238359,
          1.3394194048112271,
          1.335871186705758,
          1.3459956080087705,
          1.347801551871333,
          1.374468606845244
        ],
        [
          1.1610660250672693,
          1.2339102862546008,
          1.238291578135707,
          1.2482990658687554,
          1.2825451012651032,
          1.2941688948854,
          1.3104232443371167,
          1.326356914369557,
          1.3371492839954169
        ],
        [
          1.1651063827183765,
          1.2547627772373353,
          1.2789219114890438,
          1.2783076460902758,
          1.3108804756890298,
          1.3361649592349263,
          1.3417874653314945,
          1.348328265567166,
          1.354570322752163
        ]
      ],
      "mse_per_output_per_seed": [
        [
          [
            0.08688454666648525,
            0.08908226764589462,
            0.08911496709271825,
            0.08945265108578108,
            0.08951601166061399,
            0.08925220169099997,
            0.08939935188947681,
            0.09028665846529284,
            0.08986888267030833
          ],
          [
            1.1306363226000664,
            1.1785222283290737,
            1.1619736401019873,
            1.1849066335077032,
            1.1998878149933487,
            1.2142778350085803,
            1.2196524492949847,
            1.2289333805810079,
            1.25286851881124
          ],
          [
            0.009650134009981244,
            0.010200331841551499,
            0.01086690209470879,
            0.011309184732248592,
            0.011375057268950634,
            0.01130287341997791,
            0.011212311917767687,
            0.011314015014212583,
            0.011003289639075316
          ]
        ],
        [
          [
            0.08891677571718153,
            0.09173445163802986,
            0.092183326396148,
            0.08812886320163686,
            0.0905026749370391,
            0.0904403036267111,
            0.09086832766675437,
            0.09125483691934655,
            0.09084142910963221
          ],
          [
            1.1722498158481403,
            1.1347310365380758,
            1.1908599318384216,
            1.1622614510213005,
            1.15566123520336,
            1.1941011458128445,
            1.2070469796330876,
            1.2404457883486517,
            1.2474449254896733
          ],
          [
            0.01089183965361051,
            0.010626994433540189,
            0.010580713544481217,
            0.011295937916837112,
            0.011165681449791553,
            0.011073351296491849,
            0.010941531888804826,
            0.010924871946824037,
            0.011085922893398846
          ]
        ],
        [
          [
            0.08521270586939989,
            0.08406819370081961,
            0.08762209512506873,
            0.09082442749038906,
            0.08968581254375785,
            0.08966434731476662,
            0.09000990770233235,
            0.09034861600306371,
            0.09049083936027301
          ],
          [
            1.1219919492088433,
            1.1655323350913456,
            1.1605435148242855,
            1.1714602446538684,
            1.196322973105074,
            1.2236393288950957,
            1.2318148602427654,
            1.2487861398594229,
            1.2512086421533926
          ],
          [
            0.010489880488495045,
            0.011004562077448495,
            0.01078243741758287,
            0.011061124124040905,
            0.010986978923892238,
            0.010910082916782405,
            0.01098610427949389,
            0.01111248161607939,
            0.011160042641981283
          ]
        ],
        [
          [
            0.08682176065375477,
            0.08876956793611059,
            0.08858844940603686,
            0.08978747000906134,
            0.09015610177039604,
            0.08989190350480358,
            0.09073280428052956,
            0.09105920803159218,
            0.09121640010559384
          ],
          [
            1.195011997522224,
            1.1371187878686355,
            1.1880948448181796,
            1.1531442379293104,
            1.1994025529205126,
            1.2061184032722105,
            1.2066095498584006,
            1.2177447250358202,
            1.2363639084942948
          ],
          [
            0.011322415932406515,
            0.010237456573400939,
            0.010273309868485868,
            0.010400272399208637,
            0.010839516913763598,
            0.010814891327823978,
            0.010837598058926928,
            0.010753948267155776,
            0.010793758234361177
          ]
        ],
        [
          [
            0.08878638271114321,
            0.09217518123361104,
            0.08865891757637293,
            0.08865849300190727,
            0.08921392505405114,
            0.0900477943293681,
            0.0898225893984802,
            0.0894835581557031,
            0.09032355322525129
