{
  "experiment_name": "800_samples_1.16_factor_seed_43",
  "description": "Adaptive learning iteration 4 with 800 samples per iteration, K mult factor 1.16, using predicted K values from seed 43",
  "parameters": {
    "n_samples_per_iteration": 800,
    "k_mult_factor": 1.16,
    "k_center": [6.06454766e-16, 1.32921492e-15, 9.61237073e-16],
    "loki_version": "v3"
  },
  "predicted_k_info": {
    "seed": 43,
    "seed_index": 1,
    "iteration": 4,
    "true_k_values": [6.0e+14, 1.3e+15, 9.6e+14],
    "predicted_k_values": [6.06454766e+14, 1.32921492e+15, 9.61237073e+14],
    "absolute_error": [6.45476635e+12, 2.92149199e+13, 1.23707265e+12],
    "relative_error_percent": [1.07579439, 2.24730153, 0.12886173],
    "mse_original": 8.967059e+26
  },
  "notes": "K center values are the predicted values from iteration 3. Shrink rate: 0.4^4 = 0.0256, so k_mult_factor = 1.16"
}
