{
  "experiment_name": "500_samples_1.16_factor_seed_42",
  "description": "Adaptive learning iteration 4 with 500 samples per iteration, K mult factor 1.16, using predicted K values from seed 42",
  "parameters": {
    "n_samples_per_iteration": 500,
    "k_mult_factor": 1.16,
    "k_center": [6.12411728e-16, 1.27801784e-15, 9.69515481e-16],
    "loki_version": "v2"
  },
  "predicted_k_info": {
    "seed": 42,
    "seed_index": 0,
    "iteration": 4,
    "true_k_values": [6.0e+14, 1.3e+15, 9.6e+14],
    "predicted_k_values": [6.12411728e+14, 1.27801784e+15, 9.69515481e+14],
    "absolute_error": [1.24117282e+13, 2.19821633e+13, 9.51548143e+12],
    "relative_error_percent": [2.06862137, 1.69093564, 0.99119598],
    "mse_original": 7.278109e+26
  },
  "notes": "K center values are the predicted values from iteration 3. Shrink rate: 0.4^4 = 0.0256, so k_mult_factor = 1.16"
}
