{
  "experiment_name": "508_samples_1.16_factor_seed_46",
  "description": "Adaptive learning iteration 4 with 508 samples per iteration, K mult factor 1.16, using predicted K values from seed 46",
  "parameters": {
    "n_samples_per_iteration": 508,
    "k_mult_factor": 1.16,
    "k_center": [6.08480498e-16, 1.28412562e-15, 9.67648537e-16],
    "loki_version": "v6"
  },
  "predicted_k_info": {
    "seed": 46,
    "seed_index": 4,
    "iteration": 4,
    "true_k_values": [6.0e+14, 1.3e+15, 9.6e+14],
    "predicted_k_values": [6.08480498e+14, 1.28412562e+15, 9.67648537e+14],
    "absolute_error": [8.48049817e+12, 1.58743813e+13, 7.64853684e+12],
    "relative_error_percent": [1.41341636, 1.22110626, 0.79672259],
    "mse_original": 3.824149e+26
  },
  "notes": "K center values are the predicted values from iteration 3. Shrink rate: 0.4^4 = 0.0256, so k_mult_factor = 1.16"
}
