{
  "experiment_name": "800_samples_1.0256_factor_seed_43",
  "description": "Adaptive learning iteration 6 with 800 samples per iteration, K mult factor 1.0256, using predicted K values from seed 43",
  "parameters": {
    "n_samples_per_iteration": 800,
    "k_mult_factor": 1.0256,
    "k_center": [5.98104041e-16, 1.28128746e-15, 9.57616470e-16],
    "loki_version": "v3"
  },
  "predicted_k_info": {
    "seed": 43,
    "seed_index": 1,
    "iteration": 6,
    "true_k_values": [6.0e+14, 1.3e+15, 9.6e+14],
    "predicted_k_values": [5.98104041e+14, 1.28128746e+15, 9.57616470e+14],
    "absolute_error": [1.89595935e+12, 1.87125377e+13, 2.38352966e+12],
    "relative_error_percent": [0.31599322, 1.43942598, 0.24828434],
    "mse_original": 3.594349e+26
  },
  "notes": "K center values are the predicted values from iteration 5. Shrink rate: 0.4^6 = 0.004096, but using factor 0.0256 as specified, so k_mult_factor = 1.0256"
}
