{
  "experiment_name": "800_samples_1.0256_factor_seed_46",
  "description": "Adaptive learning iteration 6 with 800 samples per iteration, K mult factor 1.0256, using predicted K values from seed 46",
  "parameters": {
    "n_samples_per_iteration": 800,
    "k_mult_factor": 1.0256,
    "k_center": [5.98548247e-16, 1.28911709e-15, 9.59026777e-16],
    "loki_version": "v6"
  },
  "predicted_k_info": {
    "seed": 46,
    "seed_index": 4,
    "iteration": 6,
    "true_k_values": [6.0e+14, 1.3e+15, 9.6e+14],
    "predicted_k_values": [5.98548247e+14, 1.28911709e+15, 9.59026777e+14],
    "absolute_error": [1.45175317e+12, 1.08829058e+13, 9.73222670e+11],
    "relative_error_percent": [0.24195886, 0.8371466, 0.10137736],
    "mse_original": 1.214924e+26
  },
  "notes": "K center values are the predicted values from iteration 5. Shrink rate: 0.4^6 = 0.004096, but using factor 0.0256 as specified, so k_mult_factor = 1.0256. Best performer!"
}
