{
  "experiment_name": "500_samples_1.064_factor_seed_42",
  "description": "Adaptive learning iteration 5 with 500 samples per iteration, K mult factor 1.064, using predicted K values from seed 42",
  "parameters": {
    "n_samples_per_iteration": 500,
    "k_mult_factor": 1.064,
    "k_center": [6.04509643e-16, 1.31226326e-15, 9.63331850e-16],
    "loki_version": "v2"
  },
  "predicted_k_info": {
    "seed": 42,
    "seed_index": 0,
    "iteration": 5,
    "true_k_values": [6.0e+14, 1.3e+15, 9.6e+14],
    "predicted_k_values": [6.04509643e+14, 1.31226326e+15, 9.63331850e+14],
    "absolute_error": [4.50964325e+12, 1.22632618e+13, 3.33184971e+12],
    "relative_error_percent": [0.75160721, 0.94332783, 0.34706768],
    "mse_original": 1.818257e+26
  },
  "notes": "K center values are the predicted values from iteration 4. Shrink rate: 0.4^5 = 0.01024, so k_mult_factor = 1.064"
}
