{
  "experiment_name": "506_samples_1.064_factor_seed_45",
  "description": "Adaptive learning iteration 5 with 506 samples per iteration, K mult factor 1.064, using predicted K values from seed 45",
  "parameters": {
    "n_samples_per_iteration": 506,
    "k_mult_factor": 1.064,
    "k_center": [6.01038534e-16, 1.29953291e-15, 9.61610690e-16],
    "loki_version": "v5"
  },
  "predicted_k_info": {
    "seed": 45,
    "seed_index": 3,
    "iteration": 5,
    "true_k_values": [6.0e+14, 1.3e+15, 9.6e+14],
    "predicted_k_values": [6.01038534e+14, 1.29953291e+15, 9.61610690e+14],
    "absolute_error": [1.03853369e+12, 4.67091636e+11, 1.61069043e+12],
    "relative_error_percent": [0.17308895, 0.03593013, 0.16778025],
    "mse_original": 3.891050e+24
  },
  "notes": "K center values are the predicted values from iteration 4. Shrink rate: 0.4^5 = 0.01024, so k_mult_factor = 1.064"
}
