{
  "random_forest": {
    "approach": "traditional",
    "model_type": "random_forest",
    "sampling_method": "latin_hypercube",
    "n_train": 100,
    "n_test": 30,
    "k_columns": [
      0,
      1,
      2
    ],
    "k_bounds": [
      [
        1e-16,
        1e-14
      ],
      [
        5e-16,
        5e-15
      ],
      [
        1e-16,
        2e-15
      ]
    ],
    "train_metrics": {
      "r2_score": 0.9362553343671928,
      "mse": 2.2503196215218676e-31,
      "rmse": 4.743753388954645e-16,
      "relative_error": 3.19702162223644e-06
    },
    "test_metrics": {
      "r2_score": 0.5199814801548156,
      "rmse": 1.445939442633054e-15,
      "relative_error": 0.520607158590077
    },
    "total_simulations": 130,
    "simulation_time": 0.01103973388671875,
    "training_time": 0.2406325340270996
  },
  "neural_network": {
    "approach": "traditional",
    "model_type": "neural_network",
    "sampling_method": "latin_hypercube",
    "n_train": 100,
    "n_test": 30,
    "k_columns": [
      0,
      1,
      2
    ],
    "k_bounds": [
      [
        1e-16,
        1e-14
      ],
      [
        5e-16,
        5e-15
      ],
      [
        1e-16,
        2e-15
      ]
    ],
    "train_metrics": {
      "r2_score": 0.8420235575377771,
      "mse": 6.936126448059314e-31,
      "rmse": 8.328341040122765e-16,
      "relative_error": 4.914013042893493e-06
    },
    "test_metrics": {
      "r2_score": 0.6013509774123734,
      "rmse": 1.258823074446336e-15,
      "relative_error": 0.44209046458298273
    },
    "total_simulations": 130,
    "simulation_time": 0.01103973388671875,
    "training_time": 0.31647801399230957
  },
  "metadata": {
    "timestamp": "20250715_160254",
    "simulator_type": "mock",
    "chem_file": "chem.chem",
    "setup_file": "setup.in",
    "analysis_config": {
      "simulator_type": "mock",
      "setup_file": "setup.in",
      "chem_file": "chem.chem",
      "loki_path": "C:\\MyPrograms\\LoKI_v3.1.0-v2",
      "k_columns": [
        0,
        1,
        2
      ],
      "k_bounds": [
        [
          1e-16,
          1e-14
        ],
        [
          5e-16,
          5e-15
        ],
        [
          1e-16,
          2e-15
        ]
      ],
      "n_train": 100,
      "n_test": 30,
      "sampling_method": "latin_hypercube",
      "models": [
        "random_forest",
        "neural_network"
      ]
    }
  }
}