{
  "experiment_name": "800_samples_1.008_factor_seed_44",
  "description": "Adaptive learning iteration 5 with 800 samples per iteration, K mult factor 1.008, using predicted K values from seed 44",
  "parameters": {
    "n_samples_per_iteration": 800,
    "k_mult_factor": 1.008,
    "k_center": [6.01543930e-16, 1.31241612e-15, 9.61084536e-16],
    "loki_version": "v4"
  },
  "predicted_k_info": {
    "seed": 44,
    "seed_index": 2,
    "iteration": 5,
    "true_k_values": [6.0e+14, 1.3e+15, 9.6e+14],
    "predicted_k_values": [6.01543930e+14, 1.31241612e+15, 9.61084536e+14],
    "absolute_error": [1.54392953e+12, 1.24161190e+13, 1.08453590e+12],
    "relative_error_percent": [0.25732159, 0.95508607, 0.11297249],
    "mse_original": 1.577199e+26
  },
  "notes": "K center values are the predicted values from iteration 4. Shrink rate: 0.2^5 = 0.00032, so k_mult_factor = 1.008"
}
