{
  "experiment_name": "502_samples_1.004096_factor_seed_43",
  "description": "Adaptive learning iteration 7 with 502 samples per iteration, K mult factor 1.004096, using predicted K values from seed 43",
  "parameters": {
    "n_samples_per_iteration": 502,
    "k_mult_factor": 1.004096,
    "k_center": [5.98993884e-16, 1.29294735e-15, 9.58898672e-16],
    "loki_version": "v3",
    "error_tolerance": "medium",
    "sampling_seed": 42
  },
  "predicted_k_info": {
    "seed": 43,
    "seed_index": 1,
    "iteration": 7,
    "true_k_values": [6.0e+14, 1.3e+15, 9.6e+14],
    "predicted_k_values": [5.98051899e+14, 1.28384476e+15, 9.58735836e+14],
    "absolute_error": [1.94810109e+12, 1.61552389e+13, 1.26416393e+12],
    "relative_error_percent": [0.32468352, 1.24271069, 0.13168374],
    "mse_original": 2.663850e+26
  },
  "notes": "K center values are the predicted values from iteration 7. Shrink rate: 0.4^8 = 0.00065536, so k_mult_factor = 1.004096"
}
