{
  "experiment_name": "500_samples_1.004096_factor_seed_42",
  "description": "Adaptive learning iteration 7 with 500 samples per iteration, K mult factor 1.004096, using predicted K values from seed 42",
  "parameters": {
    "n_samples_per_iteration": 500,
    "k_mult_factor": 1.004096,
    "k_center": [6.00703654e-16, 1.30497521e-15, 9.60639971e-16],
    "loki_version": "v2",
    "error_tolerance": "medium",
    "sampling_seed": 42

  },
  "predicted_k_info": {
    "seed": 42,
    "seed_index": 0,
    "iteration": 7,
    "true_k_values": [6.0e+14, 1.3e+15, 9.6e+14],
    "predicted_k_values": [6.01176720e+14, 1.31015749e+15, 9.60771338e+14],
    "absolute_error": [1.17672005e+12, 1.01574879e+13, 7.71337778e+11],
    "relative_error_percent": [0.19612001, 0.78134522, 0.08034769],
    "mse_original": 1.051542e+26
  },
  "notes": "K center values are the predicted values from iteration 7. Shrink rate: 0.4^8 = 0.00065536, so k_mult_factor = 1.004096"
}
