{
  "experiment_name": "800_samples_1.0016_factor_seed_44",
  "description": "Adaptive learning iteration 6 with 800 samples per iteration, K mult factor 1.0016, using predicted K values from seed 44",
  "parameters": {
    "n_samples_per_iteration": 808,
    "k_mult_factor": 1.00016,
    "k_center": [5.99593049e-16, 1.29756946e-15, 9.59587833e-16],
    "loki_version": "v4"
  },
  "predicted_k_info": {
    "seed": 44,
    "seed_index": 2,
    "iteration": 6,
    "true_k_values": [6.0e+14, 1.3e+15, 9.6e+14],
    "predicted_k_values": [5.99593049e+14, 1.29756946e+15, 9.59587833e+14],
    "absolute_error": [4.06951337e+11, 2.43053958e+12, 4.12166629e+11],
    "relative_error_percent": [0.06782522, 0.18696458, 0.04293402],
    "mse_original": 6.243013e+24
  },
  "notes": "K center values are the predicted values from iteration 5. Shrink rate: 0.2^6 = 0.000064, so k_mult_factor = 1.0016"
}
