{
  "stats": {
    "k": {
      "k0": {
        "batch": {
          "mean": 7.239667435088312e-16,
          "variance": 6.940301352687369e-32,
          "std": 2.6344451698009143e-16,
          "count": 100
        },
        "uniform": {
          "mean": 7.487356578324959e-16,
          "variance": 6.939906787858708e-32,
          "std": 2.6343702829820086e-16,
          "count": 4000
        }
      },
      "k1": {
        "batch": {
          "mean": 1.6859345113510432e-15,
          "variance": 3.1684990143450473e-31,
          "std": 5.628942186898927e-16,
          "count": 100
        },
        "uniform": {
          "mean": 1.597860441526595e-15,
          "variance": 3.217716037949328e-31,
          "std": 5.672491549530354e-16,
          "count": 4000
        }
      },
      "k2": {
        "batch": {
          "mean": 1.1067036911308841e-15,
          "variance": 1.83290922146907e-31,
          "std": 4.281248908284906e-16,
          "count": 100
        },
        "uniform": {
          "mean": 1.1847089050613184e-15,
          "variance": 1.7174340593795567e-31,
          "std": 4.144193599941437e-16,
          "count": 4000
        }
      }
    },
    "k_log10": {
      "k0": {
        "batch": {
          "mean": -15.172830031149745,
          "variance": 0.03026571530612192,
          "std": 0.1739704437716991,
          "count": 100
        },
        "uniform": {
          "mean": -15.156147731687092,
          "variance": 0.028440342226149353,
          "std": 0.16864264652260813,
          "count": 4000
        }
      },
      "k1": {
        "batch": {
          "mean": -14.801722894049826,
          "variance": 0.027214757359718768,
          "std": 0.16496895877624604,
          "count": 100
        },
        "uniform": {
          "mean": -14.827131634179514,
          "variance": 0.02846530255823896,
          "std": 0.1687166339109424,
          "count": 4000
        }
      },
      "k2": {
        "batch": {
          "mean": -14.991521648310345,
          "variance": 0.03251700150348081,
          "std": 0.18032471129459993,
          "count": 100
        },
        "uniform": {
          "mean": -14.95626594415198,
          "variance": 0.0277941572386394,
          "std": 0.16671579780764448,
          "count": 4000
        }
      }
    },
    "composition": {
      "s0": {
        "batch": {
          "mean": 1.2289567040098651e+23,
          "variance": 1.0806724434547964e+46,
          "std": 1.0395539637050097e+23,
          "count": 200
        },
        "uniform": {
          "mean": 1.2220252824317497e+23,
          "variance": 1.0718341614438567e+46,
          "std": 1.035294239066294e+23,
          "count": 4000
        }
      },
      "s1": {
        "batch": {
          "mean": 2.9705126150117067e+21,
          "variance": 2.2635891101854858e+42,
          "std": 1.5045228845668935e+21,
          "count": 200
        },
        "uniform": {
          "mean": 2.946969092183153e+21,
          "variance": 1.9099877011598792e+42,
          "std": 1.3820230465371693e+21,
          "count": 4000
        }
      },
      "s2": {
        "batch": {
          "mean": 1.5010988443463303e+22,
          "variance": 1.3506367129944958e+44,
          "std": 1.1621689692099405e+22,
          "count": 200
        },
        "uniform": {
          "mean": 1.5738267904621328e+22,
          "variance": 1.442164941283775e+44,
          "std": 1.200901720076949e+22,
          "count": 4000
        }
      }
    }
  },
  "ratios": {
    "k_variance_ratio": {
      "k0": 1.0000568544853299,
      "k1": 0.9847043607876452,
      "k2": 1.0672370280878383
    },
    "klog_variance_ratio": {
      "k0": 1.0641825286579794,
      "k1": 0.9560677355892626,
      "k2": 1.1699221971111151
    },
    "comp_variance_ratio": {
      "s0": 1.0082459417033636,
      "s1": 1.1851328198662614,
      "s2": 0.9365341469140115
    }
  }
}