{
  "timestamp": "20250926_180532",
  "config": {
    "nspecies": 3,
    "num_pressure_conditions": 2,
    "subset_sizes": [
      50,
      150,
      250,
      350,
      450,
      550,
      650,
      750,
      850,
      950,
      1050,
      1150,
      1250,
      1350,
      1450,
      1550,
      1650,
      1750,
      1850,
      1950
    ],
    "num_seeds": 1,
    "best_params": [
      {
        "C": 10,
        "epsilon": 0.005,
        "gamma": 2,
        "kernel": "rbf"
      },
      {
        "C": 20,
        "epsilon": 0.005,
        "gamma": 5,
        "kernel": "rbf"
      },
      {
        "C": 5,
        "epsilon": 0.005,
        "gamma": 2,
        "kernel": "rbf"
      }
    ],
    "test_file": "data/SampleEfficiency/O2_simple_test.txt"
  },
  "datasets": [
    "O2_simple_uniform_morris_continous_rounded.txt"
  ],
  "labels": [
    "Morris Method"
  ],
  "results": {
    "Morris Method": {
      "dataset_file": "O2_simple_uniform_morris_continous_rounded.txt",
      "total_mse_per_seed": [
        [
          0.14011384458229775,
          0.08960086878311081,
          0.08936842924842811,
          0.09538804064782323,
          0.07249806076286652,
          0.07390012197834919,
          0.0875506772134028,
          0.08292929259955766,
          0.08469625754799028,
          0.08670877426637291,
          0.0855793646768487,
          0.0801701084898318,
          0.0759271222967946,
          0.07915288305512441,
          0.07957427726302257,
          0.07557332241717482,
          0.07444815337024588,
          0.07433759878160269,
          0.07712500762230408,
          0.07577251300425818
        ]
      ],
      "mse_per_output_per_seed": [
        [
          [
            0.0050128676258255345,
            0.004925233821544479,
            0.0047686537042793175,
            0.0048930350758817414,
            0.003137077193109697,
            0.003278257964718933,
            0.004686922186374447,
            0.004398115981544948,
            0.004267023132324346,
            0.00446565926319251,
            0.004382258486378699,
            0.00407317379932382,
            0.004117451532660722,
            0.0040798245876171365,
            0.004195604581530166,
            0.004182476301858757,
            0.004156871689041566,
            0.004262441843491591,
            0.004285398589255118,
            0.004223299628650412
          ],
          [
            0.13484571188722064,
            0.08450454627068332,
            0.08449776970393076,
            0.09041098255061698,
            0.06933196653701454,
            0.07059179455041875,
            0.08283278149754159,
            0.07850420901573442,
            0.08040296604386456,
            0.08221852552466932,
            0.08117113819767374,
            0.07607231195486137,
            0.0717852903107939,
            0.07504865765141559,
            0.07535530283091404,
            0.07136733752853608,
            0.07026767504474946,
            0.07005151262868264,
            0.07281598544476538,
            0.07152574899351193
          ],
          [
            0.00025526506925158165,
            0.00017108869088301948,
            0.00010200584021803707,
            8.402302132450928e-05,
            2.901703274228355e-05,
            3.0069463211511346e-05,
            3.097352948676307e-05,
            2.696760227827997e-05,
            2.6268371801376484e-05,
            2.4589478511079008e-05,
            2.5967992796256274e-05,
            2.462273564661657e-05,
            2.438045333996994e-05,
            2.4400816091687392e-05,
            2.3369850578365678e-05,
            2.3508586779984864e-05,
            2.36066364548607e-05,
            2.3644309428463222e-05,
            2.3623588283586623e-05,
            2.3464382095844647e-05
          ]
        ]
      ],
      "mean_total_mse": [
        0.14011384458229775,
        0.08960086878311081,
        0.08936842924842811,
        0.09538804064782323,
        0.07249806076286652,
        0.07390012197834919,
        0.0875506772134028,
        0.08292929259955766,
        0.08469625754799028,
        0.08670877426637291,
        0.0855793646768487,
        0.0801701084898318,
        0.0759271222967946,
        0.07915288305512441,
        0.07957427726302257,
        0.07557332241717482,
        0.07444815337024588,
        0.07433759878160269,
        0.07712500762230408,
        0.07577251300425818
      ],
      "std_total_mse": [
        0.0,
        0.0,
        0.0,
        0.0,
        0.0,
        0.0,
        0.0,
        0.0,
        0.0,
        0.0,
        0.0,
        0.0,
        0.0,
        0.0,
        0.0,
        0.0,
        0.0,
        0.0,
        0.0,
        0.0
      ],
      "mean_mse_per_output": [
        [
          0.0050128676258255345,
          0.004925233821544479,
          0.0047686537042793175,
          0.0048930350758817414,
          0.003137077193109697,
          0.003278257964718933,
          0.004686922186374447,
          0.004398115981544948,
          0.004267023132324346,
          0.00446565926319251,
          0.004382258486378699,
          0.00407317379932382,
          0.004117451532660722,
          0.0040798245876171365,
          0.004195604581530166,
          0.004182476301858757,
          0.004156871689041566,
          0.004262441843491591,
          0.004285398589255118,
          0.004223299628650412
        ],
        [
          0.13484571188722064,
          0.08450454627068332,
          0.08449776970393076,
          0.09041098255061698,
          0.06933196653701454,
          0.07059179455041875,
          0.08283278149754159,
          0.07850420901573442,
          0.08040296604386456,
          0.08221852552466932,
          0.08117113819767374,
          0.07607231195486137,
          0.0717852903107939,
          0.07504865765141559,
          0.07535530283091404,
          0.07136733752853608,
          0.07026767504474946,
          0.07005151262868264,
          0.07281598544476538,
          0.07152574899351193
        ],
        [
          0.00025526506925158165,
          0.00017108869088301948,
          0.00010200584021803707,
          8.402302132450928e-05,
          2.901703274228355e-05,
          3.0069463211511346e-05,
          3.097352948676307e-05,
          2.696760227827997e-05,
          2.6268371801376484e-05,
          2.4589478511079008e-05,
          2.5967992796256274e-05,
          2.462273564661657e-05,
          2.438045333996994e-05,
          2.4400816091687392e-05,
          2.3369850578365678e-05,
          2.3508586779984864e-05,
          2.36066364548607e-05,
          2.3644309428463222e-05,
          2.3623588283586623e-05,
          2.3464382095844647e-05
        ]
      ],
      "std_mse_per_output": [
        [
          0.0,
          0.0,
          0.0,
          0.0,
          0.0,
          0.0,
          0.0,
          0.0,
          0.0,
          0.0,
          0.0,
          0.0,
          0.0,
          0.0,
          0.0,
          0.0,
          0.0,
          0.0,
          0.0,
          0.0
        ],
        [
          0.0,
          0.0,
          0.0,
          0.0,
          0.0,
          0.0,
          0.0,
          0.0,
          0.0,
          0.0,
          0.0,
          0.0,
          0.0,
          0.0,
          0.0,
          0.0,
          0.0,
          0.0,
          0.0,
          0.0
        ],
        [
          0.0,
          0.0,
          0.0,
          0.0,
          0.0,
          0.0,
          0.0,
          0.0,
          0.0,
          0.0,
          0.0,
          0.0,
          0.0,
          0.0,
          0.0,
          0.0,
          0.0,
          0.0,
          0.0,
          0.0
        ]
      ],
      "final_mean_mse": 0.07577251300425818,
      "final_std_mse": 0.0
    }
  }
}