{
  "timestamp": "20250926_173712",
  "config": {
    "nspecies": 3,
    "num_pressure_conditions": 2,
    "subset_sizes": [
      50,
      150,
      250,
      350,
      450,
      550,
      650,
      750,
      850,
      950,
      1050,
      1150,
      1250,
      1350,
      1450,
      1550,
      1650,
      1750,
      1850,
      1950
    ],
    "num_seeds": 1,
    "best_params": [
      {
        "C": 10,
        "epsilon": 0.005,
        "gamma": 2,
        "kernel": "rbf"
      },
      {
        "C": 20,
        "epsilon": 0.005,
        "gamma": 5,
        "kernel": "rbf"
      },
      {
        "C": 5,
        "epsilon": 0.005,
        "gamma": 2,
        "kernel": "rbf"
      }
    ],
    "test_file": "data/SampleEfficiency/O2_simple_test.txt"
  },
  "datasets": [
    "O2_simple_uniform.txt"
  ],
  "labels": [
    "Morris Method"
  ],
  "results": {
    "Morris Method": {
      "dataset_file": "O2_simple_uniform.txt",
      "total_mse_per_seed": [
        [
          0.004176608383322456,
          0.0002906164355640688,
          0.00017822143023098184,
          0.00014288347694772503,
          0.00010765212572244312,
          8.797088258831976e-05,
          7.834090319291787e-05,
          6.775144726929942e-05,
          6.529110081742099e-05,
          5.891536647901303e-05,
          5.588269891136088e-05,
          5.29556312937869e-05,
          5.160469655723648e-05,
          4.792294398446652e-05,
          4.632951619623212e-05,
          4.542596390180406e-05,
          4.4754812058805845e-05,
          4.2733351556890545e-05,
          4.2318592218023065e-05,
          4.1641420861732864e-05
        ]
      ],
      "mse_per_output_per_seed": [
        [
          [
            0.00022881399572737557,
            1.2226586126167869e-05,
            1.019098981428471e-05,
            9.568982340937217e-06,
            8.955198591977559e-06,
            8.009401580709262e-06,
            7.2591382971035066e-06,
            7.646747451370562e-06,
            7.6241210578169455e-06,
            7.765119264442963e-06,
            7.379861787934879e-06,
            7.371220358982312e-06,
            7.436629618051302e-06,
            7.496091641459073e-06,
            7.242198591183313e-06,
            7.5737375898101225e-06,
            7.99962667914967e-06,
            7.890632073573947e-06,
            7.6193732984285425e-06,
            7.894375123351004e-06
          ],
          [
            0.003908159105225368,
            0.00026282222374172037,
            0.00015641747215283265,
            0.00012243341025482634,
            8.798425147038589e-05,
            7.034757205694101e-05,
            6.20538433362734e-05,
            5.098497919178084e-05,
            4.8655203449883596e-05,
            4.148123441444231e-05,
            3.9096340789603907e-05,
            3.657816055526335e-05,
            3.517965007153534e-05,
            3.1305642992269725e-05,
            2.9616078076811406e-05,
            2.886832411446167e-05,
            2.7945470206294888e-05,
            2.6342290403082488e-05,
            2.6592254373764703e-05,
            2.50105510146853e-05
          ],
          [
            3.963528236971338e-05,
            1.556762569618055e-05,
            1.1612968263864464e-05,
            1.0881084351961476e-05,
            1.0712675660079669e-05,
            9.613908950669488e-06,
            9.027921559540967e-06,
            9.119720626148023e-06,
            9.01177630972045e-06,
            9.669012800127755e-06,
            9.406496333822091e-06,
            9.006250379541246e-06,
            8.988416867649837e-06,
            9.121209350737725e-06,
            9.4712395282374e-06,
            8.98390219753227e-06,
            8.80971517336129e-06,
            8.500429080234112e-06,
            8.106964545829819e-06,
            8.73649472369656e-06
          ]
        ]
      ],
      "mean_total_mse": [
        0.004176608383322456,
        0.0002906164355640688,
        0.00017822143023098184,
        0.00014288347694772503,
        0.00010765212572244312,
        8.797088258831976e-05,
        7.834090319291787e-05,
        6.775144726929942e-05,
        6.529110081742099e-05,
        5.891536647901303e-05,
        5.588269891136088e-05,
        5.29556312937869e-05,
        5.160469655723648e-05,
        4.792294398446652e-05,
        4.632951619623212e-05,
        4.542596390180406e-05,
        4.4754812058805845e-05,
        4.2733351556890545e-05,
        4.2318592218023065e-05,
        4.1641420861732864e-05
      ],
      "std_total_mse": [
        0.0,
        0.0,
        0.0,
        0.0,
        0.0,
        0.0,
        0.0,
        0.0,
        0.0,
        0.0,
        0.0,
        0.0,
        0.0,
        0.0,
        0.0,
        0.0,
        0.0,
        0.0,
        0.0,
        0.0
      ],
      "mean_mse_per_output": [
        [
          0.00022881399572737557,
          1.2226586126167869e-05,
          1.019098981428471e-05,
          9.568982340937217e-06,
          8.955198591977559e-06,
          8.009401580709262e-06,
          7.2591382971035066e-06,
          7.646747451370562e-06,
          7.6241210578169455e-06,
          7.765119264442963e-06,
          7.379861787934879e-06,
          7.371220358982312e-06,
          7.436629618051302e-06,
          7.496091641459073e-06,
          7.242198591183313e-06,
          7.5737375898101225e-06,
          7.99962667914967e-06,
          7.890632073573947e-06,
          7.6193732984285425e-06,
          7.894375123351004e-06
        ],
        [
          0.003908159105225368,
          0.00026282222374172037,
          0.00015641747215283265,
          0.00012243341025482634,
          8.798425147038589e-05,
          7.034757205694101e-05,
          6.20538433362734e-05,
          5.098497919178084e-05,
          4.8655203449883596e-05,
          4.148123441444231e-05,
          3.9096340789603907e-05,
          3.657816055526335e-05,
          3.517965007153534e-05,
          3.1305642992269725e-05,
          2.9616078076811406e-05,
          2.886832411446167e-05,
          2.7945470206294888e-05,
          2.6342290403082488e-05,
          2.6592254373764703e-05,
          2.50105510146853e-05
        ],
        [
          3.963528236971338e-05,
          1.556762569618055e-05,
          1.1612968263864464e-05,
          1.0881084351961476e-05,
          1.0712675660079669e-05,
          9.613908950669488e-06,
          9.027921559540967e-06,
          9.119720626148023e-06,
          9.01177630972045e-06,
          9.669012800127755e-06,
          9.406496333822091e-06,
          9.006250379541246e-06,
          8.988416867649837e-06,
          9.121209350737725e-06,
          9.4712395282374e-06,
          8.98390219753227e-06,
          8.80971517336129e-06,
          8.500429080234112e-06,
          8.106964545829819e-06,
          8.73649472369656e-06
        ]
      ],
      "std_mse_per_output": [
        [
          0.0,
          0.0,
          0.0,
          0.0,
          0.0,
          0.0,
          0.0,
          0.0,
          0.0,
          0.0,
          0.0,
          0.0,
          0.0,
          0.0,
          0.0,
          0.0,
          0.0,
          0.0,
          0.0,
          0.0
        ],
        [
          0.0,
          0.0,
          0.0,
          0.0,
          0.0,
          0.0,
          0.0,
          0.0,
          0.0,
          0.0,
          0.0,
          0.0,
          0.0,
          0.0,
          0.0,
          0.0,
          0.0,
          0.0,
          0.0,
          0.0
        ],
        [
          0.0,
          0.0,
          0.0,
          0.0,
          0.0,
          0.0,
          0.0,
          0.0,
          0.0,
          0.0,
          0.0,
          0.0,
          0.0,
          0.0,
          0.0,
          0.0,
          0.0,
          0.0,
          0.0,
          0.0
        ]
      ],