{
  "timestamp": "20250927_153007",
  "config": {
    "nspecies": 3,
    "num_pressure_conditions": 2,
    "subset_sizes": [
      50,
      100,
      150
    ],
    "num_seeds": 10,
    "best_params": [
      {
        "C": 10,
        "epsilon": 0.005,
        "gamma": 2,
        "kernel": "rbf"
      },
      {
        "C": 20,
        "epsilon": 0.005,
        "gamma": 5,
        "kernel": "rbf"
      },
      {
        "C": 5,
        "epsilon": 0.005,
        "gamma": 2,
        "kernel": "rbf"
      }
    ],
    "test_file": "data/SampleEfficiency/O2_simple_test.txt"
  },
  "datasets": [
    "O2_simple__morris_again2.txt",
    "O2_simple__morris_continous_again.txt"
  ],
  "labels": [
    "Morris Method",
    "Morris Continuous Again"
  ],
  "results": {
    "Morris Method": {
      "dataset_file": "O2_simple__morris_again2.txt",
      "total_mse_per_seed": [
        [
          0.004435832894055357,
          0.0022341228597075533,
          0.0022341228597075533
        ],
        [
          0.004724305825707712,
          0.002227591913086581,
          0.002227591913086581
        ],
        [
          0.002447595084471561,
          0.0022312438738659214,
          0.0022312438738659214
        ],
        [
          0.003456717209096366,
          0.002232956367278593,
          0.002232956367278593
        ],
        [
          0.01111123160936207,
          0.0022295783274446142,
          0.0022295783274446142
        ],
        [
          0.006158789929005497,
          0.002231657945144088,
          0.002231657945144088
        ],
        [
          0.005179426538669263,
          0.00223833394161649,
          0.00223833394161649
        ],
        [
          0.005230458638614446,
          0.0022286465142841213,
          0.0022286465142841213
        ],
        [
          0.00407445188449596,
          0.0022298512570838648,
          0.0022298512570838648
        ],
        [
          0.005583489438043139,
          0.0022239800895055826,
          0.0022239800895055826
        ]
      ],
      "mse_per_output_per_seed": [
        [
          [
            0.0003404962600792296,
            0.00033122869594046165,
            0.00033122869594046165
          ],
          [
            0.0038801170956957874,
            0.0018113704426433522,
            0.0018113704426433522
          ],
          [
            0.0002152195382803404,
            9.152372112373925e-05,
            9.152372112373925e-05
          ]
        ],
        [
          [
            0.0006056361486079974,
            0.00033027943836069643,
            0.00033027943836069643
          ],
          [
            0.0039265513021951425,
            0.0018064156340736911,
            0.0018064156340736911
          ],
          [
            0.00019211837490457263,
            9.08968406521934e-05,
            9.08968406521934e-05
          ]
        ],
        [
          [
            0.0005115994625785026,
            0.0003286746305074659,
            0.0003286746305074659
          ],
          [
            0.0018309876630358821,
            0.001811045522234716,
            0.001811045522234716
          ],
          [
            0.00010500795885717661,
            9.152372112373952e-05,
            9.152372112373952e-05
          ]
        ],
        [
          [
            0.00036622629119439963,
            0.00033147453635866923,
            0.00033147453635866923
          ],
          [
            0.00278101346263418,
            0.0018099581097961853,
            0.0018099581097961853
          ],
          [
            0.00030947745526778653,
            9.152372112373866e-05,
            9.152372112373866e-05
          ]
        ],
        [
          [
            0.0005990606790600463,
            0.00032945642946953654,
            0.00032945642946953654
          ],
          [
            0.01020806889998181,
            0.0018092250573228845,
            0.0018092250573228845
          ],
          [
            0.0003041020303202142,
            9.089684065219322e-05,
            9.089684065219322e-05
          ]
        ],
        [
          [
            0.0005960518741934529,
            0.00032823456676481385,
            0.00032823456676481385
          ],
          [
            0.005332394211842891,
            0.0018125265377270817,
            0.0018125265377270817
          ],
          [
            0.0002303438429691532,
            9.089684065219241e-05,
            9.089684065219241e-05
          ]
        ],
        [
          [
            0.0005633998749534324,
            0.0003310133737472023,
            0.0003310133737472023
          ],
          [
            0.004265558944634085,
            0.0018164237272170938,
            0.0018164237272170938
          ],
          [
            0.00035046771908174524,
            9.089684065219368e-05,
            9.089684065219368e-05
          ]
        ],
        [
          [
            0.0003773372311819207,
            0.0003298798628840835,
            0.0003298798628840835
          ],
          [
            0.004725342003188356,
            0.0018078698107478447,
            0.0018078698107478447
          ],
          [
            0.0001277794042441693,
            9.08968406521934e-05,
            9.08968406521934e-05
          ]
        ],
        [
          [
            0.0005955014965507939,
            0.000327759310142797,
            0.000327759310142797
          ],
          [
            0.0033339248635843614,
            0.0018111951062888742,
            0.0018111951062888742
          ],
          [
            0.00014502552436080514,
            9.089684065219352e-05,
            9.089684065219352e-05
          ]
        ],
        [
          [
            0.0005887349081738839,
            0.0003285796242847881,
            0.0003285796242847881
          ],
          [
            0.004873792133643441,
            0.0018045036245686015,
            0.0018045036245686015
          ],
          [
            0.00012096239622581393,
            9.089684065219294e-05,
            9.089684065219294e-05
          ]
        ]
      ],
      "mean_total_mse": [
        0.005240229905152138,
        0.002230796308901741,
        0.002230796308901741
      ],
      "std_total_mse": [
        0.0006977537570055081,
        1.1713993719987406e-06,
        1.1713993719987406e-06
      ],
      "mean_mse_per_output": [
        [
          0.0005144044226573659,
          0.0003296580468460515,
          0.0003296580468460515
        ],
        [
          0.004515775058043594,
          0.001810053357262032,
          0.001810053357262032
        ],
        [
          0.00021005042445117772,
          9.108490479365701e-05,
          9.108490479365701e-05
        ]
      ],
      "std_mse_per_output": [
        [
          3.281076304544724e-05,
          3.980083240024467e-07,
          3.980083240024467e-07
        ],
        [
          0.0006757904658297799,
          1.0010820259306738e-06,
          1.0010820259306738e-06
        ],
        [
          2.630131391729329e-05,
          9.084361088000826e-08,
          9.084361088000826e-08
        ]
      ],
      "final_mean_mse": 0.002230796308901741,
      "final_std_mse": 1.1713993719987406e-06
    },
    "Morris Continuous Again": {
      "dataset_file": "O2_simple__morris_continous_again.txt",