{
  "timestamp": "20250926_180506",
  "config": {
    "nspecies": 3,
    "num_pressure_conditions": 2,
    "subset_sizes": [
      50,
      150,
      250,
      350,
      450,
      550,
      650,
      750,
      850,
      950,
      1050,
      1150,
      1250,
      1350,
      1450,
      1550,
      1650,
      1750,
      1850,
      1950
    ],
    "num_seeds": 1,
    "best_params": [
      {
        "C": 10,
        "epsilon": 0.005,
        "gamma": 2,
        "kernel": "rbf"
      },
      {
        "C": 20,
        "epsilon": 0.005,
        "gamma": 5,
        "kernel": "rbf"
      },
      {
        "C": 5,
        "epsilon": 0.005,
        "gamma": 2,
        "kernel": "rbf"
      }
    ],
    "test_file": "data/SampleEfficiency/O2_simple_test.txt"
  },
  "datasets": [
    "O2_simple_uniform_morris_continous_rounded.txt"
  ],
  "labels": [
    "Morris Method"
  ],
  "results": {
    "Morris Method": {
      "dataset_file": "O2_simple_uniform_morris_continous_rounded.txt",
      "total_mse_per_seed": [
        [
          0.12292429782269704,
          0.07371605851739636,
          0.05813851570958186,
          0.051299969294775115,
          0.0464635293757226,
          0.043958929079464755,
          0.04295831197283409,
          0.04080418191387669,
          0.04085440477808563,
          0.040358370151340466,
          0.04118555539030289,
          0.04056275088829713,
          0.039400256049692745,
          0.03843576056097964,
          0.03785941092921642,
          0.03698360615291047,
          0.03665274875311791,
          0.03637415600314185,
          0.03543635547776578,
          0.034914697929018614
        ]
      ],
      "mse_per_output_per_seed": [
        [
          [
            0.008591102127411291,
            0.0048848815100030725,
            0.0037127232495692128,
            0.003247794037196416,
            0.0030457566511174045,
            0.0030394837625694194,
            0.002924806445135161,
            0.0028386714865186484,
            0.0028170753201384544,
            0.0028463726837905383,
            0.00279194259765596,
            0.002787323334939051,
            0.0027558238572410946,
            0.0027509097336573724,
            0.0027032205869448782,
            0.0026581616581233414,
            0.0026354581534112193,
            0.002640435489814945,
            0.00261251076943051,
            0.0025887263966532944
          ],
          [
            0.11407893235275271,
            0.06876996172011934,
            0.05439545099950201,
            0.04803094876431615,
            0.04340535748735465,
            0.04090858334603778,
            0.040022853256435426,
            0.03795574736688219,
            0.038028456004496024,
            0.03750360767355646,
            0.0383850589152034,
            0.03776696096705634,
            0.036636139371367525,
            0.035676534582276355,
            0.03514783256064503,
            0.034317265490341704,
            0.034009025153055775,
            0.033725540727750684,
            0.03281573138914321,
            0.032317934449141245
          ],
          [
            0.00025426334253302746,
            6.121528727393965e-05,
            3.0341460510639448e-05,
            2.1226493262547954e-05,
            1.241523725055061e-05,
            1.0861970857556459e-05,
            1.0652271263506961e-05,
            9.763060475858638e-06,
            8.873453451150424e-06,
            8.389793993467837e-06,
            8.553877443537187e-06,
            8.466586301741723e-06,
            8.292821084122042e-06,
            8.316245045908716e-06,
            8.35778162651299e-06,
            8.179004445429902e-06,
            8.2654466509116e-06,
            8.17978557622701e-06,
            8.113319192060656e-06,
            8.037083224074123e-06
          ]
        ]
      ],
      "mean_total_mse": [
        0.12292429782269704,
        0.07371605851739636,
        0.05813851570958186,
        0.051299969294775115,
        0.0464635293757226,
        0.043958929079464755,
        0.04295831197283409,
        0.04080418191387669,
        0.04085440477808563,
        0.040358370151340466,
        0.04118555539030289,
        0.04056275088829713,
        0.039400256049692745,
        0.03843576056097964,
        0.03785941092921642,
        0.03698360615291047,
        0.03665274875311791,
        0.03637415600314185,
        0.03543635547776578,
        0.034914697929018614
      ],
      "std_total_mse": [
        0.0,
        0.0,
        0.0,
        0.0,
        0.0,
        0.0,
        0.0,
        0.0,
        0.0,
        0.0,
        0.0,
        0.0,
        0.0,
        0.0,
        0.0,
        0.0,
        0.0,
        0.0,
        0.0,
        0.0
      ],
      "mean_mse_per_output": [
        [
          0.008591102127411291,
          0.0048848815100030725,
          0.0037127232495692128,
          0.003247794037196416,
          0.0030457566511174045,
          0.0030394837625694194,
          0.002924806445135161,
          0.0028386714865186484,
          0.0028170753201384544,
          0.0028463726837905383,
          0.00279194259765596,
          0.002787323334939051,
          0.0027558238572410946,
          0.0027509097336573724,
          0.0027032205869448782,
          0.0026581616581233414,
          0.0026354581534112193,
          0.002640435489814945,
          0.00261251076943051,
          0.0025887263966532944
        ],
        [
          0.11407893235275271,
          0.06876996172011934,
          0.05439545099950201,
          0.04803094876431615,
          0.04340535748735465,
          0.04090858334603778,
          0.040022853256435426,
          0.03795574736688219,
          0.038028456004496024,
          0.03750360767355646,
          0.0383850589152034,
          0.03776696096705634,
          0.036636139371367525,
          0.035676534582276355,
          0.03514783256064503,
          0.034317265490341704,
          0.034009025153055775,
          0.033725540727750684,
          0.03281573138914321,
          0.032317934449141245
        ],
        [
          0.00025426334253302746,
          6.121528727393965e-05,
          3.0341460510639448e-05,
          2.1226493262547954e-05,
          1.241523725055061e-05,
          1.0861970857556459e-05,
          1.0652271263506961e-05,
          9.763060475858638e-06,
          8.873453451150424e-06,
          8.389793993467837e-06,
          8.553877443537187e-06,
          8.466586301741723e-06,
          8.292821084122042e-06,
          8.316245045908716e-06,
          8.35778162651299e-06,
          8.179004445429902e-06,
          8.2654466509116e-06,
          8.17978557622701e-06,
          8.113319192060656e-06,
          8.037083224074123e-06
        ]
      ],
      "std_mse_per_output": [
        [
          0.0,
          0.0,
          0.0,
          0.0,
          0.0,
          0.0,
          0.0,
          0.0,
          0.0,
          0.0,
          0.0,
          0.0,
          0.0,
          0.0,
          0.0,
          0.0,
          0.0,
          0.0,
          0.0,
          0.0
        ],
        [
          0.0,
          0.0,
          0.0,
          0.0,
          0.0,
          0.0,
          0.0,
          0.0,
          0.0,
          0.0,
          0.0,
          0.0,
          0.0,
          0.0,
          0.0,
          0.0,
          0.0,
          0.0,
          0.0,
          0.0
        ],
        [
          0.0,
          0.0,
          0.0,
          0.0,
          0.0,
          0.0,
          0.0,
          0.0,
          0.0,
          0.0,
          0.0,
          0.0,
          0.0,
          0.0,
          0.0,
          0.0,
          0.0,
          0.0,
          0.0,
          0.0
        ]
      ],
      "final_mean_mse": 0.034914697929018614,
      "final_std_mse": 0.0
    }
  }
}