{
  "timestamp": "20250927_152118",
  "config": {
    "nspecies": 3,
    "num_pressure_conditions": 2,
    "subset_sizes": [
      50,
      150
    ],
    "num_seeds": 10,
    "best_params": [
      {
        "C": 10,
        "epsilon": 0.005,
        "gamma": 2,
        "kernel": "rbf"
      },
      {
        "C": 20,
        "epsilon": 0.005,
        "gamma": 5,
        "kernel": "rbf"
      },
      {
        "C": 5,
        "epsilon": 0.005,
        "gamma": 2,
        "kernel": "rbf"
      }
    ],
    "test_file": "data/SampleEfficiency/O2_simple_test.txt"
  },
  "datasets": [
    "O2_simple_morris.txt",
    "O2_simple__morris_continous_again.txt"
  ],
  "labels": [
    "Morris Method",
    "Morris Continuous Again"
  ],
  "results": {
    "Morris Method": {
      "dataset_file": "O2_simple_morris.txt",
      "total_mse_per_seed": [
        [
          0.007066409469860754,
          0.0006903887579826639
        ],
        [
          0.001687974818519234,
          0.0005611911867585152
        ],
        [
          0.0029730139366887995,
          0.0011970184030557652
        ],
        [
          0.002911723105347476,
          0.0005718546297908465
        ],
        [
          0.004363640265400718,
          0.0012451876804376659
        ],
        [
          0.0028718586526963845,
          0.00040187534887762416
        ],
        [
          0.00730508981569001,
          0.0005580092452550009
        ],
        [
          0.0018788335638482937,
          0.0004829770625839869
        ],
        [
          0.0027710378510835583,
          0.0005415425904246048
        ],
        [
          0.0029810791957786903,
          0.00032787984817476127
        ]
      ],
      "mse_per_output_per_seed": [
        [
          [
            0.000116460759456609,
            1.3324282887328334e-05
          ],
          [
            0.006719873377786793,
            0.0006637798362778655
          ],
          [
            0.00023007533261735192,
            1.32846388174701e-05
          ]
        ],
        [
          [
            3.564426972356521e-05,
            1.6149104181283247e-05
          ],
          [
            0.001610975893060139,
            0.0005184794742733781
          ],
          [
            4.1354655735529946e-05,
            2.6562608303853823e-05
          ]
        ],
        [
          [
            5.358331899987033e-05,
            2.132580698464298e-05
          ],
          [
            0.002877617410886497,
            0.0011602672225895542
          ],
          [
            4.18132068024325e-05,
            1.5425373481568103e-05
          ]
        ],
        [
          [
            4.5413793023552086e-05,
            1.7787339634774566e-05
          ],
          [
            0.0028062893456406363,
            0.0005286792300368344
          ],
          [
            6.001996668328767e-05,
            2.5388060119237613e-05
          ]
        ],
        [
          [
            4.401384258450042e-05,
            1.4135215357134983e-05
          ],
          [
            0.0043031078127367265,
            0.0012178113609332927
          ],
          [
            1.6518610079491127e-05,
            1.324110414723831e-05
          ]
        ],
        [
          [
            0.00012475059160763376,
            1.3405429458218863e-05
          ],
          [
            0.002442033626567929,
            0.0003703300248238559
          ],
          [
            0.0003050744345208217,
            1.813989459554939e-05
          ]
        ],
        [
          [
            9.941846412917248e-05,
            2.4420204909878433e-05
          ],
          [
            0.007073862908765423,
            0.0005163323270197489
          ],
          [
            0.0001318084427954144,
            1.725671332537356e-05
          ]
        ],
        [
          [
            4.60948892663201e-05,
            1.6774655096437965e-05
          ],
          [
            0.0017911853857854043,
            0.00045391276878364075
          ],
          [
            4.1553288796569314e-05,
            1.2289638703908178e-05
          ]
        ],
        [
          [
            0.0001030947785769872,
            1.7186786582065088e-05
          ],
          [
            0.0026343716990470285,
            0.0005114045659638404
          ],
          [
            3.357137345954225e-05,
            1.295123787869937e-05
          ]
        ],
        [
          [
            0.00012091521274287567,
            1.537079740320858e-05
          ],
          [
            0.0028151297317491448,
            0.0002985041972774881
          ],
          [
            4.5034251286670165e-05,
            1.4004853494064608e-05
          ]
        ]
      ],
      "mean_total_mse": [
        0.003681066067491392,
        0.0006577924753341434
      ],
      "std_total_mse": [
        0.0005945303723760814,
        9.391189714056114e-05
      ],
      "mean_mse_per_output": [
        [
          7.893899201110862e-05,
          1.6987962249497305e-05
        ],
        [
          0.0035074447192025722,
          0.0006239501007979499
        ],
        [
          9.46823562777111e-05,
          1.6854412286696307e-05
        ]
      ],
      "std_mse_per_output": [
        [
          1.1050467341313742e-05,
          1.060628684647983e-06
        ],
        [
          0.0005786122629938158,
          9.410064862145243e-05
        ],
        [
          2.9316660514934606e-05,
          1.5521593668252597e-06
        ]
      ],
      "final_mean_mse": 0.0006577924753341434,
      "final_std_mse": 9.391189714056114e-05
    },
    "Morris Continuous Again": {
      "dataset_file": "O2_simple__morris_continous_again.txt",
      "total_mse_per_seed": [
        [
          0.023563421039541975,
          0.023573965900854518
        ],
        [
          0.023551791521272413,
          0.02356567831336868
        ],
        [
          0.03332266936934285,
          0.023578056636943043
        ],
        [
          0.025520195892299296,
          0.02357447517549288
        ],
        [
          0.025564370580379043,
          0.02356824169273108
        ],
        [
          0.020586595773568125,
          0.023580609671521133
        ],
        [
          0.023570029785055506,
          0.023587566576754152
        ],
        [
          0.0235391230621287,
          0.02355868970213214
        ],
        [
          0.02354031195662327,
          0.023567337257238183
        ],
        [
          0.023612315266140372,
          0.023573750911059524
        ]
      ],