{
  "timestamp": "20250926_173750",
  "config": {
    "nspecies": 3,
    "num_pressure_conditions": 2,
    "subset_sizes": [
      50,
      150,
      250,
      350,
      450,
      550,
      650,
      750,
      850,
      950,
      1050,
      1150,
      1250,
      1350,
      1450,
      1550,
      1650,
      1750,
      1850,
      1950
    ],
    "num_seeds": 1,
    "best_params": [
      {
        "C": 10,
        "epsilon": 0.005,
        "gamma": 2,
        "kernel": "rbf"
      },
      {
        "C": 20,
        "epsilon": 0.005,
        "gamma": 5,
        "kernel": "rbf"
      },
      {
        "C": 5,
        "epsilon": 0.005,
        "gamma": 2,
        "kernel": "rbf"
      }
    ],
    "test_file": "data/SampleEfficiency/O2_simple_test.txt"
  },
  "datasets": [
    "O2_simple_uniform_morris_continous.txt"
  ],
  "labels": [
    "Morris Method"
  ],
  "results": {
    "Morris Method": {
      "dataset_file": "O2_simple_uniform_morris_continous.txt",
      "total_mse_per_seed": [
        [
          0.12280491636111304,
          0.07428016285413208,
          0.0583003173342931,
          0.051433500625026635,
          0.04685765043807943,
          0.044307402522995615,
          0.043071499111803475,
          0.04098634153651131,
          0.04115902985797553,
          0.040637426536415805,
          0.04171160172818553,
          0.0411104322360729,
          0.03974680159974968,
          0.03881937531000504,
          0.03826525151514681,
          0.03728637299871742,
          0.03708192975101655,
          0.03686992407629573,
          0.03596338343408536,
          0.035679781232220334
        ]
      ],
      "mse_per_output_per_seed": [
        [
          [
            0.008553142836066485,
            0.004998555161938064,
            0.0037733664936592582,
            0.0032914983244437383,
            0.003100446756256862,
            0.003093329109619546,
            0.002947305594739044,
            0.00285537689511618,
            0.0028560038469034586,
            0.0028828783626697755,
            0.0028253733780703345,
            0.002836671300636854,
            0.002806095334592409,
            0.002794264307323111,
            0.002733131487969623,
            0.0027103848825175197,
            0.0026855838790025527,
            0.0026859580260653665,
            0.0026597848745067197,
            0.0026347375301403603
          ],
          [
            0.11402576867739979,
            0.06922030661780855,
            0.05449456671356655,
            0.048118925121096855,
            0.04374271927732318,
            0.041201181444861915,
            0.04011258579521619,
            0.03812035431279392,
            0.03829288693488286,
            0.037744624495430174,
            0.03887650796059489,
            0.03826396796286929,
            0.03693074533761785,
            0.036015197736812714,
            0.03552265723606631,
            0.03456628295893945,
            0.034386772215917856,
            0.03417449232746466,
            0.03329415902954969,
            0.033035545220260386
          ],
          [
            0.0002260048476467709,
            6.130107438546532e-05,
            3.2384127067292086e-05,
            2.307717948604074e-05,
            1.448440449938881e-05,
            1.2891968514152742e-05,
            1.1607721848237638e-05,
            1.0610328601211576e-05,
            1.0139076189210984e-05,
            9.923678315855624e-06,
            9.720389520294761e-06,
            9.792972566759209e-06,
            9.960927539419397e-06,
            9.913265869217263e-06,
            9.462791110870915e-06,
            9.70515726044462e-06,
            9.573656096143636e-06,
            9.473722765706255e-06,
            9.439530028943242e-06,
            9.498481819588033e-06
          ]
        ]
      ],
      "mean_total_mse": [
        0.12280491636111304,
        0.07428016285413208,
        0.0583003173342931,
        0.051433500625026635,
        0.04685765043807943,
        0.044307402522995615,
        0.043071499111803475,
        0.04098634153651131,
        0.04115902985797553,
        0.040637426536415805,
        0.04171160172818553,
        0.0411104322360729,
        0.03974680159974968,
        0.03881937531000504,
        0.03826525151514681,
        0.03728637299871742,
        0.03708192975101655,
        0.03686992407629573,
        0.03596338343408536,
        0.035679781232220334
      ],
      "std_total_mse": [
        0.0,
        0.0,
        0.0,
        0.0,
        0.0,
        0.0,
        0.0,
        0.0,
        0.0,
        0.0,
        0.0,
        0.0,
        0.0,
        0.0,
        0.0,
        0.0,
        0.0,
        0.0,
        0.0,
        0.0
      ],
      "mean_mse_per_output": [
        [
          0.008553142836066485,
          0.004998555161938064,
          0.0037733664936592582,
          0.0032914983244437383,
          0.003100446756256862,
          0.003093329109619546,
          0.002947305594739044,
          0.00285537689511618,
          0.0028560038469034586,
          0.0028828783626697755,
          0.0028253733780703345,
          0.002836671300636854,
          0.002806095334592409,
          0.002794264307323111,
          0.002733131487969623,
          0.0027103848825175197,
          0.0026855838790025527,
          0.0026859580260653665,
          0.0026597848745067197,
          0.0026347375301403603
        ],
        [
          0.11402576867739979,
          0.06922030661780855,
          0.05449456671356655,
          0.048118925121096855,
          0.04374271927732318,
          0.041201181444861915,
          0.04011258579521619,
          0.03812035431279392,
          0.03829288693488286,
          0.037744624495430174,
          0.03887650796059489,
          0.03826396796286929,
          0.03693074533761785,
          0.036015197736812714,
          0.03552265723606631,
          0.03456628295893945,
          0.034386772215917856,
          0.03417449232746466,
          0.03329415902954969,
          0.033035545220260386
        ],
        [
          0.0002260048476467709,
          6.130107438546532e-05,
          3.2384127067292086e-05,
          2.307717948604074e-05,
          1.448440449938881e-05,
          1.2891968514152742e-05,
          1.1607721848237638e-05,
          1.0610328601211576e-05,
          1.0139076189210984e-05,
          9.923678315855624e-06,
          9.720389520294761e-06,
          9.792972566759209e-06,
          9.960927539419397e-06,
          9.913265869217263e-06,
          9.462791110870915e-06,
          9.70515726044462e-06,
          9.573656096143636e-06,
          9.473722765706255e-06,
          9.439530028943242e-06,
          9.498481819588033e-06
        ]
      ],
      "std_mse_per_output": [
        [
          0.0,
          0.0,
          0.0,
          0.0,
          0.0,
          0.0,
          0.0,
          0.0,
          0.0,
          0.0,
          0.0,
          0.0,
          0.0,
          0.0,
          0.0,
          0.0,
          0.0,
          0.0,
          0.0,
          0.0
        ],
        [
          0.0,
          0.0,
          0.0,
          0.0,
          0.0,
          0.0,
          0.0,
          0.0,
          0.0,
          0.0,
          0.0,
          0.0,
          0.0,
          0.0,
          0.0,
          0.0,
          0.0,
          0.0,
          0.0,
          0.0
        ],
        [
          0.0,
          0.0,
          0.0,
          0.0,
          0.0,
          0.0,
          0.0,
          0.0,
          0.0,
          0.0,
          0.0,
          0.0,
          0.0,
          0.0,
          0.0,
          0.0,
          0.0,
          0.0,
          0.0,
          0.0
        ]
      ],
      "final_mean_mse": 0.035679781232220334,
      "final_std_mse": 0.0
    }
  }
}