{
  "timestamp": "20251016_154905",
  "config": {
    "nspecies": 3,
    "num_pressure_conditions": 2,
    "subset_sizes": [
      500,
      1000,
      1500
    ],
    "num_seeds": 1,
    "best_params": [
      {
        "C": 10,
        "epsilon": 0.005,
        "gamma": 2,
        "kernel": "rbf"
      },
      {
        "C": 20,
        "epsilon": 0.005,
        "gamma": 5,
        "kernel": "rbf"
      },
      {
        "C": 5,
        "epsilon": 0.005,
        "gamma": 2,
        "kernel": "rbf"
      }
    ],
    "test_file": "data/SampleEfficiency/O2_simple_test.txt"
  },
  "datasets": [
    "O2_simple__morris_continous_final.txt",
    "O2_simple_latin.txt"
  ],
  "labels": [
    "Morris Discret Continuous",
    "Uniform Latin Hypercube"
  ],
  "results": {
    "Morris Discret Continuous": {
      "dataset_file": "O2_simple__morris_continous_final.txt",
      "total_mse_per_seed": [
        [
          0.00010515005260456988,
          4.5401598451477164e-05,
          4.0751474475617145e-05
        ]
      ],
      "mse_per_output_per_seed": [
        [
          [
            9.298981016968482e-06,
            8.57682823498222e-06,
            8.292358807717488e-06
          ],
          [
            8.385061870253076e-05,
            2.8824553297527143e-05,
            2.396788383308457e-05
          ],
          [
            1.2000452885070642e-05,
            8.0002169189678e-06,
            8.49123183481509e-06
          ]
        ]
      ],
      "mean_total_mse": [
        0.00010515005260456988,
        4.5401598451477164e-05,
        4.0751474475617145e-05
      ],
      "std_total_mse": [
        0.0,
        0.0,
        0.0
      ],
      "mean_mse_per_output": [
        [
          9.298981016968482e-06,
          8.57682823498222e-06,
          8.292358807717488e-06
        ],
        [
          8.385061870253076e-05,
          2.8824553297527143e-05,
          2.396788383308457e-05
        ],
        [
          1.2000452885070642e-05,
          8.0002169189678e-06,
          8.49123183481509e-06
        ]
      ],
      "std_mse_per_output": [
        [
          0.0,
          0.0,
          0.0
        ],
        [
          0.0,
          0.0,
          0.0
        ],
        [
          0.0,
          0.0,
          0.0
        ]
      ],
      "final_mean_mse": 4.0751474475617145e-05,
      "final_std_mse": 0.0
    },
    "Uniform Latin Hypercube": {
      "dataset_file": "O2_simple_latin.txt",
      "total_mse_per_seed": [
        [
          6.323250762772412e-05,
          4.911711668373502e-05,
          3.709284235837405e-05
        ]
      ],
      "mse_per_output_per_seed": [
        [
          [
            8.665698686356883e-06,
            8.740377437881699e-06,
            7.426721926229065e-06
          ],
          [
            4.5257822428195076e-05,
            3.1422872620607614e-05,
            2.1414315739383205e-05
          ],
          [
            9.30898651317216e-06,
            8.95386662524571e-06,
            8.25180469276178e-06
          ]
        ]
      ],
      "mean_total_mse": [
        6.323250762772412e-05,
        4.911711668373502e-05,
        3.709284235837405e-05
      ],
      "std_total_mse": [
        0.0,
        0.0,
        0.0
      ],
      "mean_mse_per_output": [
        [
          8.665698686356883e-06,
          8.740377437881699e-06,
          7.426721926229065e-06
        ],
        [
          4.5257822428195076e-05,
          3.1422872620607614e-05,
          2.1414315739383205e-05
        ],
        [
          9.30898651317216e-06,
          8.95386662524571e-06,
          8.25180469276178e-06
        ]
      ],
      "std_mse_per_output": [
        [
          0.0,
          0.0,
          0.0
        ],
        [
          0.0,
          0.0,
          0.0
        ],
        [
          0.0,
          0.0,
          0.0
        ]
      ],
      "final_mean_mse": 3.709284235837405e-05,
      "final_std_mse": 0.0
    }
  }
}