{
  "timestamp": "20251016_154932",
  "config": {
    "nspecies": 3,
    "num_pressure_conditions": 2,
    "subset_sizes": [
      500,
      1000,
      1500
    ],
    "num_seeds": 10,
    "best_params": [
      {
        "C": 10,
        "epsilon": 0.005,
        "gamma": 2,
        "kernel": "rbf"
      },
      {
        "C": 20,
        "epsilon": 0.005,
        "gamma": 5,
        "kernel": "rbf"
      },
      {
        "C": 5,
        "epsilon": 0.005,
        "gamma": 2,
        "kernel": "rbf"
      }
    ],
    "test_file": "data/SampleEfficiency/O2_simple_test.txt"
  },
  "datasets": [
    "O2_simple__morris_continous_final.txt",
    "O2_simple_latin.txt"
  ],
  "labels": [
    "Morris Discret Continuous",
    "Uniform Latin Hypercube"
  ],
  "results": {
    "Morris Discret Continuous": {
      "dataset_file": "O2_simple__morris_continous_final.txt",
      "total_mse_per_seed": [
        [
          0.00010515005260456988,
          4.5401598451477164e-05,
          4.0751474475617145e-05
        ],
        [
          5.578119269618537e-05,
          4.3206874115455765e-05,
          4.13607978073086e-05
        ],
        [
          8.22080381636059e-05,
          5.906708500772273e-05,
          5.056382482540549e-05
        ],
        [
          7.775313899403349e-05,
          4.6837068075392476e-05,
          4.071349429095357e-05
        ],
        [
          6.314212659916136e-05,
          5.1808841640180064e-05,
          4.1924677699395605e-05
        ],
        [
          8.28270948639168e-05,
          5.7972116660073596e-05,
          4.433028433786235e-05
        ],
        [
          8.356591570460023e-05,
          5.548016693030077e-05,
          5.0690082621235514e-05
        ],
        [
          6.11116894525897e-05,
          5.352674491876968e-05,
          4.523141049840419e-05
        ],
        [
          7.979019653251175e-05,
          5.6082616587138236e-05,
          4.951774285339478e-05
        ],
        [
          5.5383264298691116e-05,
          4.5161115261681056e-05,
          4.3693648467331736e-05
        ]
      ],
      "mse_per_output_per_seed": [
        [
          [
            9.298981016968482e-06,
            8.57682823498222e-06,
            8.292358807717488e-06
          ],
          [
            8.385061870253076e-05,
            2.8824553297527143e-05,
            2.396788383308457e-05
          ],
          [
            1.2000452885070642e-05,
            8.0002169189678e-06,
            8.49123183481509e-06
          ]
        ],
        [
          [
            8.803493483110573e-06,
            8.354878822703346e-06,
            8.468620283545086e-06
          ],
          [
            3.6569987386612625e-05,
            2.6959746099380246e-05,
            2.4627629455454742e-05
          ],
          [
            1.040771182646217e-05,
            7.892249193372172e-06,
            8.264548068308769e-06
          ]
        ],
        [
          [
            1.054549823581962e-05,
            8.485495673984455e-06,
            8.471589584530043e-06
          ],
          [
            6.3421808058683e-05,
            4.23511541741062e-05,
            3.375264261543039e-05
          ],
          [
            8.240731869103287e-06,
            8.230435159632077e-06,
            8.339592625445056e-06
          ]
        ],
        [
          [
            7.922888527724617e-06,
            8.550803611748007e-06,
            8.61570161570128e-06
          ],
          [
            5.898114436922374e-05,
            2.968571620916662e-05,
            2.4061053567136477e-05
          ],
          [
            1.0849106097085125e-05,
            8.600548254477843e-06,
            8.036739108115811e-06
          ]
        ],
        [
          [
            8.83218652814371e-06,
            8.625550688987195e-06,
            8.264160388183875e-06
          ],
          [
            4.496862037104148e-05,
            3.4641894455105654e-05,
            2.5892561131519084e-05
          ],
          [
            9.341319699976166e-06,
            8.541396496087216e-06,
            7.767956179692648e-06
          ]
        ],
        [
          [
            8.95680399182573e-06,
            8.845757793650632e-06,
            8.397669338197885e-06
          ],
          [
            6.495490203036726e-05,
            4.1005231993758024e-05,
            2.7199769305297646e-05
          ],
          [
            8.915388841723807e-06,
            8.121126872664942e-06,
            8.732845694366819e-06
          ]
        ],
        [
          [
            8.37294601403838e-06,
            8.27468295918531e-06,
            8.586390559890224e-06
          ],
          [
            6.588517797942996e-05,
            3.825942089621705e-05,
            3.371266794581483e-05
          ],
          [
            9.307791711131884e-06,
            8.946063074898412e-06,
            8.391024115530466e-06
          ]
        ],
        [
          [
            8.985254338606307e-06,
            8.31319870561586e-06,
            8.747464702199172e-06
          ],
          [
            4.277041646709538e-05,
            3.739278065410824e-05,
            2.7628999622724887e-05
          ],
          [
            9.356018646888016e-06,
            7.82076555904558e-06,
            8.854946173480138e-06
          ]
        ],
        [
          [
            9.93327821519967e-06,
            9.695227914414544e-06,
            8.36970594364722e-06
          ],
          [
            6.075221334546182e-05,
            3.759368697522948e-05,
            3.244147886386182e-05
          ],
          [
            9.10470497185026e-06,
            8.793701697494215e-06,
            8.706558045885734e-06
          ]
        ],
        [
          [
            8.853333999814376e-06,
            8.525536620723611e-06,
            8.453374056118592e-06
          ],
          [
            3.816281782492018e-05,
            2.8127714925956977e-05,
            2.7043753277689755e-05
          ],
          [
            8.367112473956558e-06,
            8.507863715000463e-06,
            8.196521133523385e-06
          ]
        ]
      ],
      "mean_total_mse": [
        7.467127099098657e-05,
        5.145442276481914e-05,
        4.48777437876909e-05
      ],
      "std_total_mse": [
        4.703975070967187e-06,
        1.7551760899619714e-06,
        1.2038598173786536e-06
      ],
      "mean_mse_per_output": [
        [
          9.05046643512515e-06,
          8.624796102599519e-06,
          8.466703527973088e-06
        ],
        [
          5.603177065353662e-05,
          3.448418996805556e-05,
          2.8032843961801424e-05
        ],
        [
          9.589033902324791e-06,
          8.345436694164071e-06,
          8.378196297916392e-06
        ]
      ],
      "std_mse_per_output": [
        [
          2.2287284052682582e-07,
          1.2345886967828908e-07,
          4.4849919811385386e-08
        ],
        [
          4.508338436491351e-06,
          1.6997002493200437e-06,
          1.1607035756688698e-06
        ],
        [
          3.5024413093876285e-07,
          1.1640162820041051e-07,
          1.0051008430120753e-07
        ]
      ],
      "final_mean_mse": 4.48777437876909e-05,
      "final_std_mse": 1.2038598173786536e-06
    },
    "Uniform Latin Hypercube": {
      "dataset_file": "O2_simple_latin.txt",