{
  "timestamp": "20250926_173402",
  "config": {
    "nspecies": 3,
    "num_pressure_conditions": 2,
    "subset_sizes": [
      50,
      150,
      250,
      350,
      450,
      550,
      650,
      750
    ],
    "num_seeds": 1,
    "best_params": [
      {
        "C": 10,
        "epsilon": 0.005,
        "gamma": 2,
        "kernel": "rbf"
      },
      {
        "C": 20,
        "epsilon": 0.005,
        "gamma": 5,
        "kernel": "rbf"
      },
      {
        "C": 5,
        "epsilon": 0.005,
        "gamma": 2,
        "kernel": "rbf"
      }
    ],
    "test_file": "data/SampleEfficiency/O2_simple_test.txt"
  },
  "datasets": [
    "O2_simple_uniform_morris_continous.txt"
  ],
  "labels": [
    "Morris Method"
  ],
  "results": {
    "Morris Method": {
      "dataset_file": "O2_simple_uniform_morris_continous.txt",
      "total_mse_per_seed": [
        [
          0.12280491636111304,
          0.07428016285413208,
          0.0583003173342931,
          0.051433500625026635,
          0.04685765043807943,
          0.044307402522995615,
          0.043071499111803475,
          0.04098634153651131
        ]
      ],
      "mse_per_output_per_seed": [
        [
          [
            0.008553142836066485,
            0.004998555161938064,
            0.0037733664936592582,
            0.0032914983244437383,
            0.003100446756256862,
            0.003093329109619546,
            0.002947305594739044,
            0.00285537689511618
          ],
          [
            0.11402576867739979,
            0.06922030661780855,
            0.05449456671356655,
            0.048118925121096855,
            0.04374271927732318,
            0.041201181444861915,
            0.04011258579521619,
            0.03812035431279392
          ],
          [
            0.0002260048476467709,
            6.130107438546532e-05,
            3.2384127067292086e-05,
            2.307717948604074e-05,
            1.448440449938881e-05,
            1.2891968514152742e-05,
            1.1607721848237638e-05,
            1.0610328601211576e-05
          ]
        ]
      ],
      "mean_total_mse": [
        0.12280491636111304,
        0.07428016285413208,
        0.0583003173342931,
        0.051433500625026635,
        0.04685765043807943,
        0.044307402522995615,
        0.043071499111803475,
        0.04098634153651131
      ],
      "std_total_mse": [
        0.0,
        0.0,
        0.0,
        0.0,
        0.0,
        0.0,
        0.0,
        0.0
      ],
      "mean_mse_per_output": [
        [
          0.008553142836066485,
          0.004998555161938064,
          0.0037733664936592582,
          0.0032914983244437383,
          0.003100446756256862,
          0.003093329109619546,
          0.002947305594739044,
          0.00285537689511618
        ],
        [
          0.11402576867739979,
          0.06922030661780855,
          0.05449456671356655,
          0.048118925121096855,
          0.04374271927732318,
          0.041201181444861915,
          0.04011258579521619,
          0.03812035431279392
        ],
        [
          0.0002260048476467709,
          6.130107438546532e-05,
          3.2384127067292086e-05,
          2.307717948604074e-05,
          1.448440449938881e-05,
          1.2891968514152742e-05,
          1.1607721848237638e-05,
          1.0610328601211576e-05
        ]
      ],
      "std_mse_per_output": [
        [
          0.0,
          0.0,
          0.0,
          0.0,
          0.0,
          0.0,
          0.0,
          0.0
        ],
        [
          0.0,
          0.0,
          0.0,
          0.0,
          0.0,
          0.0,
          0.0,
          0.0
        ],
        [
          0.0,
          0.0,
          0.0,
          0.0,
          0.0,
          0.0,
          0.0,
          0.0
        ]
      ],
      "final_mean_mse": 0.04098634153651131,
      "final_std_mse": 0.0
    }
  }
}