{
  "timestamp": "20250926_205206",
  "config": {
    "nspecies": 3,
    "num_pressure_conditions": 2,
    "subset_sizes": [
      50,
      150,
      250,
      350,
      450,
      550,
      650,
      750,
      850,
      950,
      1050,
      1150,
      1250,
      1350,
      1450,
      1550,
      1650,
      1750,
      1850,
      1950
    ],
    "num_seeds": 1,
    "best_params": [
      {
        "C": 10,
        "epsilon": 0.005,
        "gamma": 2,
        "kernel": "rbf"
      },
      {
        "C": 20,
        "epsilon": 0.005,
        "gamma": 5,
        "kernel": "rbf"
      },
      {
        "C": 5,
        "epsilon": 0.005,
        "gamma": 2,
        "kernel": "rbf"
      }
    ],
    "test_file": "data/SampleEfficiency/O2_simple_test.txt"
  },
  "datasets": [
    "O2_simple__morris_again.txt"
  ],
  "labels": [
    "Morris Method"
  ],
  "results": {
    "Morris Method": {
      "dataset_file": "O2_simple__morris_again.txt",
      "total_mse_per_seed": [
        [
          0.055279178168617764,
          0.06931937708221839,
          0.05666653572700122,
          0.06993787985092408,
          0.06884361752235893,
          0.058626240055966235,
          0.06238399707028769,
          0.06071952917951117,
          0.05819317002528442,
          0.05819317002528442,
          0.05819317002528442,
          0.05819317002528442,
          0.05819317002528442,
          0.05819317002528442,
          0.05819317002528442,
          0.05819317002528442,
          0.05819317002528442,
          0.05819317002528442,
          0.05819317002528442,
          0.05819317002528442
        ]
      ],
      "mse_per_output_per_seed": [
        [
          [
            0.003728696331097341,
            0.003556727466590541,
            0.0033072551190182573,
            0.003290065012531145,
            0.0031189008771110383,
            0.0028980646391502606,
            0.003250239227551377,
            0.0030005090878489522,
            0.0034910097457420738,
            0.0034910097457420738,
            0.0034910097457420738,
            0.0034910097457420738,
            0.0034910097457420738,
            0.0034910097457420738,
            0.0034910097457420738,
            0.0034910097457420738,
            0.0034910097457420738,
            0.0034910097457420738,
            0.0034910097457420738,
            0.0034910097457420738
          ],
          [
            0.05107415243794583,
            0.06540974120144863,
            0.05323341047206268,
            0.0665085185019795,
            0.06559070265966334,
            0.05565878942170449,
            0.05906526754822102,
            0.05767687396057587,
            0.054659567082374606,
            0.054659567082374606,
            0.054659567082374606,
            0.054659567082374606,
            0.054659567082374606,
            0.054659567082374606,
            0.054659567082374606,
            0.054659567082374606,
            0.054659567082374606,
            0.054659567082374606,
            0.054659567082374606,
            0.054659567082374606
          ],
          [
            0.00047632939957459146,
            0.00035290841417921835,
            0.00012587013592028313,
            0.0001392963364134173,
            0.00013401398558454225,
            6.93859951114826e-05,
            6.84902945152907e-05,
            4.214613108634857e-05,
            4.259319716774087e-05,
            4.259319716774087e-05,
            4.259319716774087e-05,
            4.259319716774087e-05,
            4.259319716774087e-05,
            4.259319716774087e-05,
            4.259319716774087e-05,
            4.259319716774087e-05,
            4.259319716774087e-05,
            4.259319716774087e-05,
            4.259319716774087e-05,
            4.259319716774087e-05
          ]
        ]
      ],
      "mean_total_mse": [
        0.055279178168617764,
        0.06931937708221839,
        0.05666653572700122,
        0.06993787985092408,
        0.06884361752235893,
        0.058626240055966235,
        0.06238399707028769,
        0.06071952917951117,
        0.05819317002528442,
        0.05819317002528442,
        0.05819317002528442,
        0.05819317002528442,
        0.05819317002528442,
        0.05819317002528442,
        0.05819317002528442,
        0.05819317002528442,
        0.05819317002528442,
        0.05819317002528442,
        0.05819317002528442,
        0.05819317002528442
      ],
      "std_total_mse": [
        0.0,
        0.0,
        0.0,
        0.0,
        0.0,
        0.0,
        0.0,
        0.0,
        0.0,
        0.0,
        0.0,
        0.0,
        0.0,
        0.0,
        0.0,
        0.0,
        0.0,
        0.0,
        0.0,
        0.0
      ],
      "mean_mse_per_output": [
        [
          0.003728696331097341,
          0.003556727466590541,
          0.0033072551190182573,
          0.003290065012531145,
          0.0031189008771110383,
          0.0028980646391502606,
          0.003250239227551377,
          0.0030005090878489522,
          0.0034910097457420738,
          0.0034910097457420738,
          0.0034910097457420738,
          0.0034910097457420738,
          0.0034910097457420738,
          0.0034910097457420738,
          0.0034910097457420738,
          0.0034910097457420738,
          0.0034910097457420738,
          0.0034910097457420738,
          0.0034910097457420738,
          0.0034910097457420738
        ],
        [
          0.05107415243794583,
          0.06540974120144863,
          0.05323341047206268,
          0.0665085185019795,
          0.06559070265966334,
          0.05565878942170449,
          0.05906526754822102,
          0.05767687396057587,
          0.054659567082374606,
          0.054659567082374606,
          0.054659567082374606,
          0.054659567082374606,
          0.054659567082374606,
          0.054659567082374606,
          0.054659567082374606,
          0.054659567082374606,
          0.054659567082374606,
          0.054659567082374606,
          0.054659567082374606,
          0.054659567082374606
        ],
        [
          0.00047632939957459146,
          0.00035290841417921835,
          0.00012587013592028313,
          0.0001392963364134173,
          0.00013401398558454225,
          6.93859951114826e-05,
          6.84902945152907e-05,
          4.214613108634857e-05,
          4.259319716774087e-05,
          4.259319716774087e-05,
          4.259319716774087e-05,
          4.259319716774087e-05,
          4.259319716774087e-05,
          4.259319716774087e-05,
          4.259319716774087e-05,
          4.259319716774087e-05,
          4.259319716774087e-05,
          4.259319716774087e-05,
          4.259319716774087e-05,
          4.259319716774087e-05
        ]
      ],
      "std_mse_per_output": [
        [
          0.0,
          0.0,
          0.0,
          0.0,
          0.0,
          0.0,
          0.0,
          0.0,
          0.0,
          0.0,
          0.0,
          0.0,
          0.0,
          0.0,
          0.0,
          0.0,
          0.0,
          0.0,
          0.0,
          0.0
        ],
        [
          0.0,
          0.0,
          0.0,
          0.0,
          0.0,
          0.0,
          0.0,
          0.0,
          0.0,
          0.0,
          0.0,
          0.0,
          0.0,
          0.0,
          0.0,
          0.0,
          0.0,
          0.0,
          0.0,
          0.0
        ],
        [
          0.0,
          0.0,
          0.0,
          0.0,
          0.0,
          0.0,
          0.0,
          0.0,
          0.0,
          0.0,
          0.0,
          0.0,
          0.0,
          0.0,
          0.0,
          0.0,
          0.0,
          0.0,
          0.0,
          0.0
        ]
      ],
      "final_mean_mse": 0.05819317002528442,
      "final_std_mse": 0.0
    }
  }
}