Method,Dataset,Final_MSE_Mean,Final_MSE_Std,Best_MSE_Mean,Best_Subset_Size
Morris Method,O2_simple_morris.txt,9.097260445903176e-05,4.617612770978118e-06,9.097260445903176e-05,950
Morris Discret Corrected,O2_simple__morris_continous_discret_corrected.txt,0.0002240680461617513,2.4109837183039678e-05,0.0002078518436614344,850
Uniform Latin Hypercube,O2_simple_latin.txt,4.685134187717383e-05,1.5419587647396693e-06,4.685134187717383e-05,950
