{
  "timestamp": "20250926_173431",
  "config": {
    "nspecies": 3,
    "num_pressure_conditions": 2,
    "subset_sizes": [
      50,
      150,
      250,
      350,
      450,
      550,
      650,
      750
    ],
    "num_seeds": 1,
    "best_params": [
      {
        "C": 10,
        "epsilon": 0.005,
        "gamma": 2,
        "kernel": "rbf"
      },
      {
        "C": 20,
        "epsilon": 0.005,
        "gamma": 5,
        "kernel": "rbf"
      },
      {
        "C": 5,
        "epsilon": 0.005,
        "gamma": 2,
        "kernel": "rbf"
      }
    ],
    "test_file": "data/SampleEfficiency/O2_simple_test.txt"
  },
  "datasets": [
    "O2_simple_uniform.txt"
  ],
  "labels": [
    "Morris Method"
  ],
  "results": {
    "Morris Method": {
      "dataset_file": "O2_simple_uniform.txt",
      "total_mse_per_seed": [
        [
          0.004176608383322456,
          0.0002906164355640688,
          0.00017822143023098184,
          0.00014288347694772503,
          0.00010765212572244312,
          8.797088258831976e-05,
          7.834090319291787e-05,
          6.775144726929942e-05
        ]
      ],
      "mse_per_output_per_seed": [
        [
          [
            0.00022881399572737557,
            1.2226586126167869e-05,
            1.019098981428471e-05,
            9.568982340937217e-06,
            8.955198591977559e-06,
            8.009401580709262e-06,
            7.2591382971035066e-06,
            7.646747451370562e-06
          ],
          [
            0.003908159105225368,
            0.00026282222374172037,
            0.00015641747215283265,
            0.00012243341025482634,
            8.798425147038589e-05,
            7.034757205694101e-05,
            6.20538433362734e-05,
            5.098497919178084e-05
          ],
          [
            3.963528236971338e-05,
            1.556762569618055e-05,
            1.1612968263864464e-05,
            1.0881084351961476e-05,
            1.0712675660079669e-05,
            9.613908950669488e-06,
            9.027921559540967e-06,
            9.119720626148023e-06
          ]
        ]
      ],
      "mean_total_mse": [
        0.004176608383322456,
        0.0002906164355640688,
        0.00017822143023098184,
        0.00014288347694772503,
        0.00010765212572244312,
        8.797088258831976e-05,
        7.834090319291787e-05,
        6.775144726929942e-05
      ],
      "std_total_mse": [
        0.0,
        0.0,
        0.0,
        0.0,
        0.0,
        0.0,
        0.0,
        0.0
      ],
      "mean_mse_per_output": [
        [
          0.00022881399572737557,
          1.2226586126167869e-05,
          1.019098981428471e-05,
          9.568982340937217e-06,
          8.955198591977559e-06,
          8.009401580709262e-06,
          7.2591382971035066e-06,
          7.646747451370562e-06
        ],
        [
          0.003908159105225368,
          0.00026282222374172037,
          0.00015641747215283265,
          0.00012243341025482634,
          8.798425147038589e-05,
          7.034757205694101e-05,
          6.20538433362734e-05,
          5.098497919178084e-05
        ],
        [
          3.963528236971338e-05,
          1.556762569618055e-05,
          1.1612968263864464e-05,
          1.0881084351961476e-05,
          1.0712675660079669e-05,
          9.613908950669488e-06,
          9.027921559540967e-06,
          9.119720626148023e-06
        ]
      ],
      "std_mse_per_output": [
        [
          0.0,
          0.0,
          0.0,
          0.0,
          0.0,
          0.0,
          0.0,
          0.0
        ],
        [
          0.0,
          0.0,
          0.0,
          0.0,
          0.0,
          0.0,
          0.0,
          0.0
        ],
        [
          0.0,
          0.0,
          0.0,
          0.0,
          0.0,
          0.0,
          0.0,
          0.0
        ]
      ],
      "final_mean_mse": 6.775144726929942e-05,
      "final_std_mse": 0.0
    }
  }
}