{
  "timestamp": "20250926_173211",
  "config": {
    "nspecies": 3,
    "num_pressure_conditions": 2,
    "subset_sizes": [
      200,
      300,
      400,
      500,
      600,
      700
    ],
    "num_seeds": 1,
    "best_params": [
      {
        "C": 10,
        "epsilon": 0.005,
        "gamma": 2,
        "kernel": "rbf"
      },
      {
        "C": 20,
        "epsilon": 0.005,
        "gamma": 5,
        "kernel": "rbf"
      },
      {
        "C": 5,
        "epsilon": 0.005,
        "gamma": 2,
        "kernel": "rbf"
      }
    ],
    "test_file": "data/SampleEfficiency/O2_simple_test.txt"
  },
  "datasets": [
    "O2_simple_uniform_morris_continous.txt"
  ],
  "labels": [
    "Morris Method"
  ],
  "results": {
    "Morris Method": {
      "dataset_file": "O2_simple_uniform_morris_continous.txt",
      "total_mse_per_seed": [
        [
          0.06618340099201504,
          0.052794539490657565,
          0.05049604743486205,
          0.04349097924595989,
          0.042789684149489374,
          0.04252891333025734
        ]
      ],
      "mse_per_output_per_seed": [
        [
          [
            0.0044318272849152365,
            0.003627858268307978,
            0.00317738797791951,
            0.002941706407898481,
            0.0028827134918648013,
            0.0029333690440943114
          ],
          [
            0.06170009405251538,
            0.04914086216884489,
            0.04729884734859978,
            0.04053634304394013,
            0.03989440539006854,
            0.03958493536633808
          ],
          [
            5.14796545844239e-05,
            2.581905350469742e-05,
            1.981210834275663e-05,
            1.2929794121277347e-05,
            1.2565267556032316e-05,
            1.0608919824947644e-05
          ]
        ]
      ],
      "mean_total_mse": [
        0.06618340099201504,
        0.052794539490657565,
        0.05049604743486205,
        0.04349097924595989,
        0.042789684149489374,
        0.04252891333025734
      ],
      "std_total_mse": [
        0.0,
        0.0,
        0.0,
        0.0,
        0.0,
        0.0
      ],
      "mean_mse_per_output": [
        [
          0.0044318272849152365,
          0.003627858268307978,
          0.00317738797791951,
          0.002941706407898481,
          0.0028827134918648013,
          0.0029333690440943114
        ],
        [
          0.06170009405251538,
          0.04914086216884489,
          0.04729884734859978,
          0.04053634304394013,
          0.03989440539006854,
          0.03958493536633808
        ],
        [
          5.14796545844239e-05,
          2.581905350469742e-05,
          1.981210834275663e-05,
          1.2929794121277347e-05,
          1.2565267556032316e-05,
          1.0608919824947644e-05
        ]
      ],
      "std_mse_per_output": [
        [
          0.0,
          0.0,
          0.0,
          0.0,
          0.0,
          0.0
        ],
        [
          0.0,
          0.0,
          0.0,
          0.0,
          0.0,
          0.0
        ],
        [
          0.0,
          0.0,
          0.0,
          0.0,
          0.0,
          0.0
        ]
      ],
      "final_mean_mse": 0.04252891333025734,
      "final_std_mse": 0.0
    }
  }
}