{
  "experiment_name": "506_samples_1.01024_factor_seed_45",
  "description": "Adaptive learning iteration 7 with 506 samples per iteration, K mult factor 1.01024, using predicted K values from seed 45",
  "parameters": {
    "n_samples_per_iteration": 506,
    "k_mult_factor": 1.01024,
    "k_center": [5.99092946e-16, 1.29095727e-15, 9.59696314e-16],
    "loki_version": "v5"
  },
  "predicted_k_info": {
    "seed": 45,
    "seed_index": 3,
    "iteration": 7,
    "true_k_values": [6.0e+14, 1.3e+15, 9.6e+14],
    "predicted_k_values": [6.01206260e+14, 1.31063805e+15, 9.60746964e+14],
    "absolute_error": [1.20625988e+12, 1.06380510e+13, 7.46963938e+11],
    "relative_error_percent": [0.20104331, 0.81831161, 0.07780874],
    "mse_original": 1.151811e+26
  },
  "notes": "K center values are the predicted values from iteration 6. Shrink rate: 0.4^7 = 0.0016384, so k_mult_factor = 1.01024"
}
