{
  "experiment_name": "502_samples_1.01024_factor_seed_43",
  "description": "Adaptive learning iteration 7 with 502 samples per iteration, K mult factor 1.01024, using predicted K values from seed 43",
  "parameters": {
    "n_samples_per_iteration": 502,
    "k_mult_factor": 1.01024,
    "k_center": [5.97690161e-16, 1.28169198e-15,  9.58599663e-16],
    "loki_version": "v3"
  },
  "predicted_k_info": {
    "seed": 43,
    "seed_index": 1,
    "iteration": 7,
    "true_k_values": [6.0e+14, 1.3e+15, 9.6e+14],
    "predicted_k_values": [6.02046393e+14, 1.31640218e+15, 9.61267054e+14],
    "absolute_error": [2.04639285e+12, 1.64021754e+13, 1.26705362e+12],
    "relative_error_percent": [0.34106547, 1.2617058, 0.13198475],
    "mse_original": 2.748245e+26
  },
  "notes": "K center values are the predicted values from iteration 6. Shrink rate: 0.4^7 = 0.0016384, so k_mult_factor = 1.01024"
}
