{
  "experiment_name": "502_samples_1.0016384_factor_seed_43",
  "description": "Adaptive learning iteration 8 with 502 samples per iteration, K mult factor 1.0016384, using predicted K values from seed 43",
  "parameters": {
    "n_samples_per_iteration": 502,
    "k_mult_factor": 1.0016384,
    "k_center": [6.00319564e-16, 1.28554284e-15, 9.63607514e-16],
    "loki_version": "v3",
    "error_tolerance": "medium",
    "sampling_seed": 42
  },
  "predicted_k_info": {
    "seed": 43,
    "seed_index": 1,
    "iteration": 8,
    "true_k_values": [6.0e+14, 1.3e+15, 9.6e+14],
    "predicted_k_values": [6.00319564e+14, 1.28554284e+15, 9.63607514e+14],
    "absolute_error": [3.19564124e+11, 1.44571616e+13, 3.60751440e+12],
    "relative_error_percent": [0.05326069, 1.11208935, 0.37578275],
    "mse_original": 2.221258e+26
  },
  "notes": "K center values are the predicted values from iteration 8. Shrink rate: 0.4^9 = 0.000262144, so k_mult_factor = 1.0016384"
}
