{
  "experiment_name": "504_samples_1.0016384_factor_seed_44",
  "description": "Adaptive learning iteration 8 with 504 samples per iteration, K mult factor 1.0016384, using predicted K values from seed 44",
  "parameters": {
    "n_samples_per_iteration": 504,
    "k_mult_factor": 1.0016384,
    "k_center": [5.97489641e-16, 1.27665699e-15, 9.58899072e-16],
    "loki_version": "v4",
    "error_tolerance": "medium",
    "sampling_seed": 42
  },
  "predicted_k_info": {
    "seed": 44,
    "seed_index": 2,
    "iteration": 8,
    "true_k_values": [6.0e+14, 1.3e+15, 9.6e+14],
    "predicted_k_values": [5.97489641e+14, 1.27665699e+15, 9.58899072e+14],
    "absolute_error": [2.51035933e+12, 2.33430102e+13, 1.10092786e+12],
    "relative_error_percent": [0.41839322, 1.79561617, 0.11467999],
    "mse_original": 5.524101e+26
  },
  "notes": "K center values are the predicted values from iteration 8. Shrink rate: 0.4^9 = 0.000262144, so k_mult_factor = 1.0016384"
}
